geracao,cromossomo,x,y,aptidao,pai1,pai2,geracao_pais
1,00110001010110101110001111000000100010010111,-61.44141231570538,87.60490121958284,0.5029983,,,
1,11110000110010001110111001001000000101001100,88.11320975141757,14.078358192052406,0.4948946,,,
1,00101110001101100010000010011011100001001000,-63.89731500084758,-69.62546578060764,0.5044303,,,
1,10000010110010101100111100011000011111100110,2.181411309578735,54.783953376758916,0.470245,,,
1,10010110000010110011100011111101101111000010,17.221764855805603,-50.44239769992774,0.5331343,,,
1,01000111000100110100000000101001111111001001,-44.47249042331944,-91.79949564921752,0.4962283,,,
1,11111111001111101010011101001000010100001001,99.40996155976333,64.12400343990407,0.4987519,,,
1,10111011000001100100000101001000010010000001,46.11285832234819,-35.882505388857226,0.4790997,,,
1,01000000010110011011101111100101111110000010,-49.72618811754897,94.91591332338174,0.5025009,,,
1,00100101100011000101011011001010000010101110,-70.66549555432691,39.46145521675473,0.5007204,,,
1,11110000011100101111101011010101010000011111,87.8509015681509,41.651902592635764,0.5043307,,,
1,10100001001110001010100110111001001001101010,25.954181183381365,-13.837698420929527,0.4067724,,,
1,11010000001111101111100101101001110011000001,62.692204163599996,-29.336483320351434,0.5146031,,,
1,00011000011101110011010011111000011100011001,-80.88621637492571,-51.47584711929491,0.4952194,,,
1,01001100100101110101100111001011101100010110,-40.163121262340844,-10.21621470837944,0.5243592,,,
1,00001101100110001010000011011111011110001001,-89.3779729313786,-56.35332020600324,0.4977297,,,
1,10011101011110010010001001110100000101001110,23.025923496704934,22.672205608416945,0.4731653,,,
1,10001110011001000001010111101111111000100100,11.242940722212964,-3.147674357336612,0.4187333,,,
1,01001110111010011101011010000000001010000001,-38.348898493981004,25.03059507145764,0.4538511,,,
1,10001101100111000001000011010101000101001010,10.632541330466594,-58.382691951439845,0.5187906,,,
1,00001110100110100001001110000000100110011111,-88.59233584221263,75.11748674332779,0.5023449,,,
1,11100011100110101001110101101111000110100101,77.81562276259012,-28.30022056108011,0.4949667,,,
1,10010001011001100010111001010110000100010111,13.593080900449962,16.810206606437347,0.6706215,,,
1,00101101001101011101001111110000101111001001,-64.67951886165591,97.01890874359816,0.5017538,,,
1,01110100011001000110100011111001101010000011,-9.068562762394606,-51.238858995165586,0.4664678,,,
1,00111111010011000011101101000010110011010110,-50.54863704410482,63.04735256370367,0.4984774,,,
1,01100110001111001001101111000100101111100110,-20.127563506976017,88.4265395227765,0.5039408,,,
1,11110001101010100110100101100010010111001010,88.80133361848203,-30.7886912318924,0.5044849,,,
1,11010000110001110000010000101001110110101001,63.107386376234615,-91.82543559680833,0.4972841,,,
1,11101010111000010000001010011101101010011011,83.49918925742847,30.793554972065692,0.4970273,,,
1,00011001011101010010001011011110001001100010,-80.11130812437727,43.38849625313193,0.5057805,,,
1,00100001001011101101000111010101101011000110,-74.0758834066113,-8.266903940893158,0.4982137,,,
1,00111110100011001111011101101101000000100010,-51.13233354862536,71.29072458522907,0.5059075,,,
1,11111010110000010111010001000110001000111010,95.90291879246683,-86.30094201587248,0.5014649,,,
1,00010010011110101111110011110001101010011100,-85.56217803053332,-52.800167274514976,0.5040507,,,
1,00000010110010101100100010000111011101000110,-97.81866021601205,-73.5440191135452,0.5018817,,,
1,01100100110010101101000101111111111111001110,-21.25604659463086,-25.002366304961754,0.3907241,,,
1,00011011001010010110100110001010110111101010,-78.77988309380605,-22.8770072166937,0.5063693,,,
1,10111000110110000111011010010100110011111001,44.410596945428125,29.06463839164695,0.5270621,,,
1,11100100101100011011100010100011111110011110,78.66739718136719,-67.97341536841759,0.5029852,,,
1,11100111100101001001000101010101100101100010,80.92216990522621,-33.28388530823834,0.5039915,,,
1,01001000101000011001101101001001001100111010,-43.2568414823631,64.29723842078172,0.4949265,,,
1,10110101101000101110001101001010001000001101,41.90333888610337,64.47819816546397,0.4896433,,,
1,00110001100110100101111101100110001110010111,-61.24767333213647,69.96573685782835,0.4956236,,,
1,11000001010111110100011000001111010110101010,51.072013633731274,2.9988534447797406,0.4917283,,,
1,00100101101101010000110110111101011100101000,-70.54123176127237,-12.998560189857528,0.5065244,,,
1,00010010110111101011011101001000101110011000,-85.25786048361313,64.2040644178544,0.5032093,,,
1,11101011100100000001101011011001101111011001,84.03353310430839,42.52747119128017,0.5050878,,,
1,11100000110000111111100001000110000111011000,75.59809102966571,-86.305615021137,0.4975288,,,
1,11001100010001010110111101100011010000110011,59.58689679787082,69.38723787957142,0.5043217,,,
1,00010000001100110000001111000101110111100010,-87.34435733422215,88.64607540275463,0.4986039,,,
1,11010001000000010101111100110111110011110010,63.285437413558356,60.90024969583743,0.5063433,,,
1,01001010100110110101100111001111110011111110,-41.713414600709584,-9.411694863246652,0.4522433,,,
1,01100010011001111000011100011110010000111011,-23.12157705344606,55.91105363632528,0.4987266,,,
1,01000111101011000111110111011011101100001011,-44.00485611077693,-7.091738484320274,0.5213157,,,
1,11011001011101000100011011000001100110111111,69.88610503342272,37.814316228465145,0.4974996,,,
1,01000110101000101101010101101101000000010001,-44.81557484044429,-28.71010987999675,0.5317611,,,
1,00010111111100100101101100010111001111110110,-81.29167110721376,54.54057563318625,0.5023859,,,
1,01110010101111011110111011101001011110101001,-10.357883061857947,45.6013549807918,0.5369507,,,
1,00100010010000100101011000011000011011101100,-73.23507624508768,4.772020524029855,0.4921327,,,
1,11001011101000011000100000000110011001001001,59.08674218338541,-98.75140160355606,0.4983202,,,
1,00001011001000110000100010000110001111010001,-91.29934103473211,-73.78153175867361,0.4984876,,,
1,10111100010111110110110111010110010101000000,47.16623953968036,-8.13901618457227,0.5042382,,,
1,10011111001011011110111110011001001101101110,24.358922090273396,79.92472169988673,0.4935403,,,
1,11111010000011100101010000101000011000001010,95.35627254397215,-92.11377909512021,0.5004312,,,
1,00101011001011111111110011001010110001000111,-66.25980526442653,-60.39699563908473,0.4940557,,,
1,01111000010001001101100000100101110100110100,-6.039883146258148,-92.612264779154,0.4947774,,,
1,00110010100100111101001010111001001100111100,-60.486402627564104,36.172327082711945,0.4871616,,,
1,00001000100100001101001001110001011111001110,-93.30806572629588,22.16561369076102,0.4952631,,,
1,01110101110111000101001101110100110010010010,-7.921387653681677,72.80973739856182,0.4952528,,,
1,11001100010011010100111011110101010000001001,59.610929396374075,47.900855040754095,0.4941872,,,
1,11110111000111011101101001111110011101110000,93.05987192627714,24.70019452576507,0.4971547,,,
1,10000000110100100110111011001000111010001110,0.6421805959178499,39.24020272259776,0.422605,,,
1,00010001010110111011011010101001101001010111,-86.43889103863026,33.1340630374105,0.4946603,,,
1,11000110101100001000001000010100110010001100,55.22617226270967,4.0594349049174525,0.4788162,,,
1,00001101111100101001100000001100111010000000,-89.10341003022432,-97.47924744588076,0.5014282,,,
1,10000100111101010100110010110000111101010001,3.87361142006192,-65.43802391005133,0.5118704,,,
1,10010000011000110010010111110000001100110110,12.80258007111074,-3.085780879445281,0.6296571,,,
1,01000001100111100001010011111000001100011100,-48.73632162483254,-51.52453220475488,0.4877613,,,
1,01101001001101000001110000110010000010111100,-17.809705212045955,-90.22540813098148,0.4991673,,,
1,01110100000001011111101001101111010111011010,-9.356763209524914,21.751146734034236,0.3002496,,,
1,00101001011001010101000000111100001111101110,-67.65956107605959,-88.23327737647948,0.4978152,,,
1,00110010111111100001011001010011011000110101,-60.16210559895172,16.286734649356518,0.5111736,,,
1,11110011100111011001011001000110111001011110,90.32468565098898,13.847282850094516,0.5048829,,,
1,01010111001110100000100010110001001100000001,-31.85413643220339,-65.39301047158492,0.507201,,,
1,00001000101011010100010100111001001000010110,-93.22123365908472,-38.84170981447931,0.5024246,,,
1,11111101010100101000100110011010101001011000,97.90816257194581,-19.795589398286197,0.5011764,,,
1,11011001011100100111100101100101011110101010,69.88062140479599,-30.179865403143268,0.5013928,,,
1,01000110000100011100111100100010110111011001,-45.25817519621258,56.80970115892916,0.5092545,,,
1,01000010110110101110100010110111101110011101,-47.76943868862121,-64.11604025746351,0.4912915,,,
1,10110100111111001001001111011011100000101010,41.395793293903665,92.87314245060503,0.4974086,,,
1,10010101101110010010101010001011100111010011,16.97132992060898,27.268392388437363,0.5200008,,,
1,10101011011001001000100110111000111010000001,33.90057895197367,-13.885429831845727,0.4516339,,,
1,01000110000101010000000011010000010000001111,-45.24840003213883,-59.32544692169355,0.4999771,,,
1,01110001011110000010111101110100011100000111,-11.351993406294199,72.74207418968061,0.4888743,,,
1,00101100011111011101101100000100001101010110,-65.24094706557919,50.822007852079366,0.4963443,,,
1,00000000001110010001110111110100100111011001,-99.8257159771242,-2.2235160406866186,0.5008654,,,
1,00100010011011101011110010010011000101100101,-73.09955909241654,-71.27203256417097,0.4961687,,,
1,10011011101110001100000001110010010111010001,21.657591261289426,-77.66336862167564,0.4954398,,,
1,10100011001010101001101100000010010100000111,27.473766201440384,50.452029812819916,0.4939183,,,
2,10011101011110010010001001110100000100001111,23.025923496704934,22.66920153360404,0.4736535,10011101011110010010001001110100000101001110,11001011101000011000100000000110011001001001,1.0
2,11001011101000011000100000000110011001001001,59.08674218338541,-98.75140160355606,0.4983202,10011101011110010010001001110100000101001110,11001011101000011000100000000110011001001001,1.0
2,00110001100110100100111011101001011110101001,-61.24786406704523,45.6013549807918,0.4963064,00110001100110100101111101100110001110010111,01110010101111011110111011101001011110101001,1.0
2,01110010101111011111111101100110001110010111,-10.357692326949191,69.96573685782835,0.4861725,00110001100110100101111101100110001110010111,01110010101111011110111011101001011110101001,1.0
2,11110000011100100010001001110100000101001110,87.8483266468827,22.672205608416945,0.504258,11110000011100101111101011010101010000011111,10011101011110010010001001110100000101001110,1.0
2,10011101011110011111111011010101010000011111,23.02854610170033,41.651902592635764,0.5276465,11110000011100101111101011010101010000011111,10011101011110010010001001110100000101001110,1.0
2,11001100010111110100011000001111010110101010,59.66576568264142,2.9988534447797406,0.5238276,11001100010011010100111011110101010000001001,11000001010111110100011000001111010110101010,1.0
2,11000001010011010100111011110101010000001001,51.01717734746393,47.900855040754095,0.497713,11001100010011010100111011110101010000001001,11000001010111110100011000001111010110101010,1.0
2,10011011001010110000100010000110001111010001,21.2250998556852,-73.78153175867361,0.4902719,00011011001010010110100110001010110111101010,00001011001000110000100010000110001111010001,1.0
2,00001011001000010110100110001010110111101010,-91.30430014235976,-22.8770072166937,0.5049931,00011011001010010110100110001010110111101010,00001011001000110000100010000110001111010001,1.0
2,11110000011100101111101011010101010000011111,87.8509015681509,41.651902592635764,0.5043307,11110000011100101111101011010101010000011111,11001011101000011000100000000110011001001001,1.0
2,11001011101000011000100000000110011001001011,59.08674218338541,-98.75130623610168,0.4983199,11110000011100101111101011010101010000011111,11001011101000011000100000000110011001001001,1.0
2,01000010010100011100111100100010110111011001,-48.18786339470468,56.80970115892916,0.4972644,01000110000100011100111100100010110111011001,11001011101000011000100000000110011001001001,1.0
2,11001011101000011000100000000110011001001001,59.08674218338541,-98.75140160355606,0.4983202,01000110000100011100111100100010110111011001,11001011101000011000100000000110011001001001,1.0
2,11011000001111101111100101101001101001010111,68.94220565371648,-29.365951863754233,0.506879,11010000001111101111100101101001110011000001,00010001010110111011011010101001101001010111,1.0
2,00010001010110111011011010101001110011000001,-86.43889103863026,33.1635315808133,0.4946396,11010000001111101111100101101001110011000001,00010001010110111011011010101001101001010111,1.0
2,00010111111100100101101100010111001111111000,-81.29167110721376,54.54067100064063,0.5023855,00010111111100100101101100010111001111110110,11100000110000111111100001000110000111011000,1.0
2,11100000110000111111100001000110000111010110,75.59809102966571,-86.30571038859138,0.4975288,00010111111100100101101100010111001111110110,11100000110000111111100001000110000111011000,1.0
2,01000000010110011011100111100000001100110110,-49.72618811754897,-6.210781624503525,0.5386725,01000000010110011011101111100101111110000010,10010000011000110010010111110000001100110110,1.0
2,10010000011000100010001111100101111110000010,12.799480628843455,94.91591332338174,0.4951868,01000000010110011011101111100101111110000010,10010000011000110010010111110000001100110110,1.0
2,01001000101000011001101101001001001100111010,-43.2568414823631,64.29723842078172,0.4949265,01001000101000011001101101001001001100111010,00100001001011101101000111010101101011000110,1.0
2,00100001011011101101000111010101101011000110,-73.88057086004517,-8.266903940893158,0.4939415,01001000101000011001101101001001001100111010,00100001001011101101000111010101101011000110,1.0
2,01110100011001000110100011111001101010000010,-9.068562762394606,-51.238906678892775,0.4664692,01110100011001000110100011111001101010000011,01001000101000011001101101001001001100111010,1.0
2,01011000101000011001101101001001001100101011,-30.75683850213015,64.29652316487389,0.4948094,01110100011001000110100011111001101010000011,01001000101000011001101101001001001100111010,1.0
2,10010000011000110010010111110000001100110110,12.80258007111074,-3.085780879445281,0.6296571,10010000011000110010010111110000001100110110,10000010110010101100111100011000011111100110,1.0
2,10000010110010101100111100011000011111100110,2.181411309578735,54.783953376758916,0.470245,10010000011000110010010111110000001100110110,10000010110010101100111100011000011111100110,1.0
2,01001010100110110101100111001111110011111110,-41.713414600709584,-9.411694863246652,0.4522433,01001010100110110101100111001111110011111110,00101011001011111111110011001010110001000111,1.0
2,00101011001011111111110011001010110001100111,-66.25980526442653,-60.39546975981468,0.4940525,01001010100110110101100111001111110011111110,00101011001011111111110011001010110001000111,1.0
2,10100011001010101001101100011001101111011001,27.473766201440384,55.02747417151312,0.480687,10100011001010101001101100000010010100000111,11101011100100000001101011011001101111011001,1.0
2,11101011100100000001101011000010010100000111,84.03353310430839,37.95202683258697,0.4967405,10100011001010101001101100000010010100000111,11101011100100000001101011011001101111011001,1.0
2,10010001011001100010111001010110000100000001,13.593080900449962,16.80915756443919,0.6703725,10010001011001100010111001010110000100010111,01001110111010011101011010000000001010000001,1.0
2,01001110111010011101011010000000001010010111,-38.348898493981004,25.031644113455798,0.4538805,10010001011001100010111001010110000100010111,01001110111010011101011010000000001010000001,1.0
2,01010111001110100000100010110001001101001000,-31.85413643220339,-65.3896249269545,0.5072651,01010111001110100000100010110001001100000001,00101110001101100010000010011011100001001000,1.0
2,00101110001101100010000010011011100000000001,-63.89731500084758,-69.62885132523806,0.5044175,01010111001110100000100010110001001100000001,00101110001101100010000010011011100001001000,1.0
2,11001100010011010110111101100011010000110011,59.61131086619159,69.38723787957142,0.5041987,11001100010001010110111101100011010000110011,01001000101000011001101101001001001100111010,1.0
2,01001000101000011001101101001001001100111010,-43.2568414823631,64.29723842078172,0.4949265,11001100010001010110111101100011010000110011,01001000101000011001101101001001001100111010,1.0
2,11000110101100001000001001000000100010010111,55.22617226270967,12.604883338185147,0.5276887,11000110101100001000001000010100110010001100,00110001010110101110001111000000100010010111,1.0
2,10110001010110101110001110010100110010001100,38.55861152615822,79.05945278631515,0.5065497,11000110101100001000001000010100110010001100,00110001010110101110001111000000100010010111,1.0
2,10010101101110010010101010001011100111010011,16.97132992060898,27.268392388437363,0.5200008,10010101101110010010101010001011100111010011,00110001100110100101111101100110001110010111,1.0
2,00110001100110100101111101101110001110010111,-61.24767333213647,71.52823723035746,0.5050695,10010101101110010010101010001011100111010011,00110001100110100101111101100110001110010111,1.0
2,11111101010100101000100111101000011000001010,97.90816257194581,-4.613758233489563,0.5013807,11111101010100101000100110011010101001011000,11111010000011100101010000101000011000001010,1.0
2,11111010000011100101010000011010101001011000,95.35627254397215,-94.79560727968389,0.5004195,11111101010100101000100110011010101001011000,11111010000011100101010000101000011000001010,1.0
2,10010110000010110011100011111101101101001110,17.221764855805603,-50.44792901228166,0.5331973,10010110000010110011100011111101101111000010,10011101011110010010001001110100000101001110,1.0
2,00011101011110010010001001110100000111000010,-76.97410034515866,22.67773692077087,0.4912908,10010110000010110011100011111101101111000010,10011101011110010010001001110100000101001110,1.0
2,00001101111100101001110000001100101000010110,-89.10336234649714,-97.53313005760432,0.5013943,00001101111100101001100000001100111010000000,00001000101011010100010100111001001000010110,1.0
2,00001000101011010100000100111001011010000000,-93.2212813428119,-38.787827202755736,0.5025552,00001101111100101001100000001100111010000000,00001000101011010100010100111001001000010110,1.0
2,11001100010011010100111011110111110011110010,59.610929396374075,48.40024671560448,0.4901846,11001100010011010100111011110101010000001001,11010001000000010101111100110111110011110010,1.0
2,10010001000000010001111100110101010000001001,13.28466255299152,60.400858020987044,0.4915595,11001100010011010100111011110101010000001001,11010001000000010101111100110111110011110010,1.0
2,11110011100111100101010000101001011000001010,90.32697446989405,-91.91846654855408,0.5015984,11110011100111011001011001000110111001011110,11111010000011100101010000101000011000001010,1.0
2,11111011000011011001011001000110111000011110,96.13523391133162,13.84423109155442,0.5039748,11110011100111011001011001000110111001011110,11111010000011100101010000101000011000001010,1.0
2,11101011100100000001101011001010110001000111,84.03353310430839,39.60302820277886,0.4951266,11101011100100000001101011011001101111011001,00101011001011111111110011001010110001000111,1.0
2,00101011001011111111010011011001101111011001,-66.25990063188091,-57.472552650583424,0.5057921,11101011100100000001101011011001101111011001,00101011001011111111110011001010110001000111,1.0
2,00100001001011110101111100110111110011110010,-74.07421447615968,60.90024969583743,0.4952461,00100001001011101101000111010101101011000110,11010001000000010101111100110111110011110010,1.0
2,11010001000000001101000111010101101011000110,63.28376848310674,-8.266903940893158,0.4922848,00100001001011101101000111010101101011000110,11010001000000010101111100110111110011110010,1.0
2,00011011001010010110100110001110110111101010,-78.77988309380605,-22.095757030429127,0.5081234,00011011001010010110100110001010110111101010,00101011001011111111110011001010110001000111,1.0
2,00101011001011111111110011001010110101000111,-66.25980526442653,-60.384788604924346,0.4940306,00011011001010010110100110001010110111101010,00101011001011111111110011001010110001000111,1.0
2,01001100100100001101001001110001011111001110,-40.183053060305845,22.16561369076102,0.4595693,01100010011001111000011100011110010000111011,00001000100100001101001001110001011111001110,1.0
2,00100010011001111000011100011110010000111011,-73.12158897437786,55.91105363632528,0.4982864,01100010011001111000011100011110010000111011,00001000100100001101001001110001011111001110,1.0
2,00001101111101001001111111000100101111100110,-89.09725882941694,88.4265395227765,0.5017165,00001101111100101001100000001100111010000000,01100110001111001001101111000100101111100110,1.0
2,01100110001110001001101000001100111010000000,-20.1397705411364,2.5207763959828355,0.2568072,00001101111100101001100000001100111010000000,01100110001111001001101111000100101111100110,1.0
2,00110010111111100001011001010011011000110101,-60.16210559895172,16.286734649356518,0.5111736,00110010111111100001011001010011011000110101,01110101110111000101001101110100110010010010,1.0
2,01110101110111000101001101110100110010010010,-7.921387653681677,72.80973739856182,0.4952528,00110010111111100001011001010011011000110101,01110101110111000101001101110100110010010010,1.0
2,01000110000101010000000010100011111110011110,-45.24840003213883,-67.97341536841759,0.5084936,01000110000101010000000011010000010000001111,11100100101100011011100010100011111110011110,1.0
2,11100100101100011011100011010000010000001111,78.66739718136719,-59.32544692169355,0.4971592,01000110000101010000000011010000010000001111,11100100101100011011100010100011111110011110,1.0
2,11100111100101000001000101010101100001100010,80.92064402595616,-33.29609234239872,0.5040254,11100111100101001001000101010101100101100010,10010001011001100010111001010110000100010111,1.0
2,10010001011001100010111001010110000100010111,13.593080900449962,16.810206606437347,0.6706215,11100111100101001001000101010101100101100010,10010001011001100010111001010110000100010111,1.0
2,00001011001000110000100010000110001111010001,-91.29934103473211,-73.78153175867361,0.4984876,00001011001000110000100010000110001111010001,10001101100111000001000011010101000101001010,1.0
2,10001101100111000001000011010101000101001010,10.632541330466594,-58.382691951439845,0.5187906,00001011001000110000100010000110001111010001,10001101100111000001000011010101000101001010,1.0
2,11100000110000111111100001000110000110001001,75.59809102966571,-86.30938203558493,0.4975309,11100000110000111111100001000110000111011000,00001101100110001010000011011111011110001001,1.0
2,00001101100110001010000011011111011111011000,-89.3779729313786,-56.34955319155531,0.4977195,11100000110000111111100001000110000111011000,00001101100110001010000011011111011110001001,1.0
2,01000111000100110100000000101001111111001001,-44.47249042331944,-91.79949564921752,0.4962283,01000111000100110100000000101001111111001001,11000001010111110100011000001111010110101010,1.0
2,11000001010111110100011000001111010110101010,51.072013633731274,2.9988534447797406,0.4917283,01000111000100110100000000101001111111001001,11000001010111110100011000001111010110101010,1.0
2,10010101101110010010101010001011100111000111,16.97132992060898,27.267820183711095,0.5201175,10010101101110010010101010001011100111010011,00101011001011111111110011001010110001000111,1.0
2,00101011001011111111110011001010100001010011,-66.25980526442653,-60.445251571,0.4941707,10010101101110010010101010001011100111010011,00101011001011111111110011001010110001000111,1.0
2,00000000001110010001110100000010010100000111,-99.8257159771242,-49.54799402904368,0.4972599,00000000001110010001110111110100100111011001,10100011001010101001101100000010010100000111,1.0
2,10100011001010101001101111110100100111011001,27.473766201440384,97.77650780117699,0.4981504,00000000001110010001110111110100100111011001,10100011001010101001101100000010010100000111,1.0
2,01100110001111001001101001100010010111010001,-20.127563506976017,19.21165447512972,0.5987947,01100110001111001001101111000100101111100110,10011011101110001100000001110010010111010001,1.0
2,10011011101110001100000111000100101111100110,21.657591261289426,-11.5734843190871,0.5788632,01100110001111001001101111000100101111100110,10011011101110001100000001110010010111010001,1.0
2,00110001010111101110001111000000100001001000,-61.42920528154499,87.60113420513491,0.5030227,00110001010110101110001111000000100010010111,00101110001101100010000010011011100001001000,1.0
2,00101110101101100010000010011011100010010111,-63.5066899077153,-69.62169876615971,0.5051203,00110001010110101110001111000000100010010111,00101110001101100010000010011011100001001000,1.0
2,01100011100110101001110101101111000110100101,-22.184401079273485,-28.30022056108011,0.4103081,00101001011001010101000000111100001111101110,11100011100110101001110101101111000110100101,1.0
2,10101001011001010101000000111100001111101110,32.340462765804006,-88.23327737647948,0.5044143,00101001011001010101000000111100001111101110,11100011100110101001110101101111000110100101,1.0
2,10100001001110101010111100100010110111011001,25.960332384188746,56.80970115892916,0.5153248,10100001001110001010100110111001001001101010,01000110000100011100111100100010110111011001,1.0
2,01000110000100011100100110111001001001101010,-45.258222879939765,-13.837698420929527,0.5437819,10100001001110001010100110111001001001101010,01000110000100011100111100100010110111011001,1.0
2,00100110101000101101010101101101000000010001,-69.81558080091018,-28.71010987999675,0.510963,00101011001011111111110011001010110001000111,01000110101000101101010101101101000000010001,1.0
2,01001011001011111111110011001010110001000111,-41.259799303960634,-60.39699563908473,0.4974683,00101011001011111111110011001010110001000111,01000110101000101101010101101101000000010001,1.0
2,10010000011000110010010111110000001100110110,12.80258007111074,-3.085780879445281,0.6296571,10010000011000110010010111110000001100110110,00010010011110101111110011110001101010011100,1.0
2,00010010011110101111110011110001101010011100,-85.56217803053332,-52.800167274514976,0.5040507,10010000011000110010010111110000001100110110,00010010011110101111110011110001101010011100,1.0
2,00100101100011000101011011001010000010101110,-70.66549555432691,39.46145521675473,0.5007204,00100101100011000101011011001010000010101110,10010000011000110010010111110000001100110110,1.0
2,10010000011010110010000111110000001100110110,12.826946455704316,-3.085780879445281,0.6133267,00100101100011000101011011001010000010101110,10010000011000110010010111110000001100110110,1.0
2,00110001010110101110001111000000100000011111,-61.44141231570538,87.59917917232016,0.5030098,00110001010110101110001111000000100010010111,11110000011100101111101011010101010000011111,1.0
2,11110000011101101111101011010101010010010111,87.86310860231129,41.657624639898444,0.5043668,00110001010110101110001111000000100010010111,11110000011100101111101011010101010000011111,1.0
2,10010110000010110011100011111101101111000010,17.221764855805603,-50.44239769992774,0.5331343,10010110000010110011100011111101101111000010,11000001010111110100011000001111010110101010,1.0
2,11000001010111110100011000001111010110101010,51.072013633731274,2.9988534447797406,0.4917283,10010110000010110011100011111101101111000010,11000001010111110100011000001111010110101010,1.0
2,01000010110110101110100010110111101110011101,-47.76943868862121,-64.11604025746351,0.4912915,01000010110110101110100010110111101110011101,11000110101100001000001000010100110010001100,1.0
2,11000110101100001100001000010100110010001100,55.22693520234469,4.0594349049174525,0.47885,01000010110110101110100010110111101110011101,11000110101100001000001000010100110010001100,1.0
2,01101001001101000010000010011011100001001000,-17.809657528318766,-69.62546578060764,0.5093626,01101001001101000001110000110010000010111100,00101110001101100010000010011011100001001000,1.0
2,00101100001101100001110000110000000010111100,-65.45986305710389,-90.61603322411375,0.4976182,01101001001101000001110000110010000010111100,00101110001101100010000010011011100001001000,1.0
2,00001000101011010100010010000111011101000110,-93.22123365908472,-73.5440191135452,0.5006219,00001000101011010100010100111001001000010110,00000010110010101100100010000111011101000110,1.0
2,00000010110010101100100100111001001000010110,-97.81866021601205,-38.84170981447931,0.4965722,00001000101011010100010100111001001000010110,00000010110010101100100010000111011101000110,1.0
3,00101110101101100010000010011011100010010010,-63.5066899077153,-69.62193718479566,0.5051203,00101110101101100010000010011011100010010111,11001100010011010100111011110111110011110010,2.0
3,11001100010011010100111011110111110011110111,59.610929396374075,48.40048513424043,0.4901835,00101110101101100010000010011011100010010111,11001100010011010100111011110111110011110010,2.0
3,01000000010110011011100111100000001100110110,-49.72618811754897,-6.210781624503525,0.5386725,00100001001011110101111100110111110011110010,01000000010110011011100111100000001100110110,2.0
3,00101001001011110101111100110111110011110010,-67.82421298604322,60.90024969583743,0.5057441,00100001001011110101111100110111110011110010,01000000010110011011100111100000001100110110,2.0
3,10101111001101100010000010011011100000000001,36.88395902728058,-69.62885132523806,0.5083988,00101110001101100010000010011011100000000001,00010001010110111011011010101001110011000001,2.0
3,01010001010110111011011010101001110011000001,-36.43887911769846,33.1635315808133,0.482702,00101110001101100010000010011011100000000001,00010001010110111011011010101001110011000001,2.0
3,10010000011011110010000111110000001100110110,12.8391534898647,-3.085780879445281,0.60506,10010000011010110010000111110000001100110110,00101011001011111111010011011001101111011001,2.0
3,00101011001011111111010011011001101111011001,-66.25990063188091,-57.472552650583424,0.5057921,10010000011010110010000111110000001100110110,00101011001011111111010011011001101111011001,2.0
3,11110000011100100010001001010110000100000001,87.8483266468827,16.80915756443919,0.4939343,11110000011100100010001001110100000101001110,10010001011001100010111001010110000100000001,2.0
3,10010001011001100010111001110100000101001110,13.593080900449962,22.672205608416945,0.3511664,11110000011100100010001001110100000101001110,10010001011001100010111001010110000100000001,2.0
3,01101001001101000010000010011011100001001000,-17.809657528318766,-69.62546578060764,0.5093626,01101001001101000010000010011011100001001000,10010001011001100010111001010110000100010111,2.0
3,10010001011001100010111001010110000100010111,13.593080900449962,16.810206606437347,0.6706215,01101001001101000010000010011011100001001000,10010001011001100010111001010110000100010111,2.0
3,10010000011000110010010000000110011001001011,12.80258007111074,-98.75130623610168,0.4986178,10010000011000110010010111110000001100110110,11001011101000011000100000000110011001001011,2.0
3,11001011101000011000100111110000001100110110,59.08674218338541,-3.085780879445281,0.5123672,10010000011000110010010111110000001100110110,11001011101000011000100000000110011001001011,2.0
3,01110100010110101110001111000000100000011111,-9.097649835979894,87.59917917232016,0.5063758,01110100011001000110100011111001101010000010,00110001010110101110001111000000100000011111,2.0
3,00110001011001000110100011111001101010000010,-61.41232524212008,-51.238906678892775,0.4911687,01110100011001000110100011111001101010000010,00110001010110101110001111000000100000011111,2.0
3,00001001011000110010010110110000001100110110,-92.66619507460477,-15.58578385967823,0.504384,00001101111101001001111111000100101111100110,10010000011000110010010111110000001100110110,2.0
3,10010101111101001001111111000100101111100110,17.152766502563125,88.4265395227765,0.4971563,00001101111101001001111111000100101111100110,10010000011000110010010111110000001100110110,2.0
3,00011011001010110000100010000110001111010001,-78.7749239861784,-73.78153175867361,0.4980745,00001101100110001010000011011111011111011000,10011011001010110000100010000110001111010001,2.0
3,10001101100110001010000011011111011111011000,10.622050910485001,-56.34955319155531,0.4995708,00001101100110001010000011011111011111011000,10011011001010110000100010000110001111010001,2.0
3,10010101101110010010101010001011100111000111,16.97132992060898,27.267820183711095,0.5201175,10010101101110010010101010001011100111000111,11110000011101101111101011010101010010010111,2.0
3,11110000011101101111101011010101010010010111,87.86310860231129,41.657624639898444,0.5043668,10010101101110010010101010001011100111000111,11110000011101101111101011010101010010010111,2.0
3,11101011100100000001101011000010010100000111,84.03353310430839,37.95202683258697,0.4967405,11101011100100000001101011000010010100000111,01000010010100011100111100100010110111011001,2.0
3,01000010010100011100111100100010110111011001,-48.18786339470468,56.80970115892916,0.4972644,11101011100100000001101011000010010100000111,01000010010100011100111100100010110111011001,2.0
3,00110001101000110000100010010110001111011001,-61.22120886354658,-70.65614954379785,0.500288,00110001010111101110001111000000100001001000,00001011001000110000100010000110001111010001,2.0
3,00001011010111101110001111000000100011001000,-91.11671235959824,87.6072377222151,0.5001657,00110001010111101110001111000000100001001000,00001011001000110000100010000110001111010001,2.0
3,11110011100111100101010000101001011000001010,90.32697446989405,-91.91846654855408,0.5015984,11110011100111100101010000101001011000001010,10010000011010110010000111110000001100110110,2.0
3,10010000011010110010000111110000001100110110,12.826946455704316,-3.085780879445281,0.6133267,11110011100111100101010000101001011000001010,10010000011010110010000111110000001100110110,2.0
3,11001011101000011000100001110100110010010010,59.08674218338541,-77.19029836423358,0.5042842,11001011101000011000100000000110011001001011,01110101110111000101001101110100110010010010,2.0
3,01110101110111000101001100000110011001001011,-7.921387653681677,51.248729526693694,0.4632949,11001011101000011000100000000110011001001011,01110101110111000101001101110100110010010010,2.0
3,11000110101100001000001000100010110111011001,55.22617226270967,6.809689237997347,0.4929838,11000110101100001000001001000000100010010111,01000010010100011100111100100010110111011001,2.0
3,01000010010100011100111101000000100010010111,-48.18786339470468,62.604895259116944,0.505731,11000110101100001000001001000000100010010111,01000010010100011100111100100010110111011001,2.0
3,10010000011001100010111001010110000100010111,12.811830714185405,16.810206606437347,0.4667329,10010000011000110010010111110000001100110110,10010001011001100010111001010110000100010111,2.0
3,10010001011000110010010111110000001100110110,13.583830257375297,-3.085780879445281,0.179003,10010000011000110010010111110000001100110110,10010001011001100010111001010110000100010111,2.0
3,11000001010111110100000111000100101111100110,51.071965950004085,-11.5734843190871,0.4825843,11000001010111110100011000001111010110101010,10011011101110001100000111000100101111100110,2.0
3,10011011101110001100011000001111010110101010,21.657638945016615,2.9988534447797406,0.7215436,11000001010111110100011000001111010110101010,10011011101110001100000111000100101111100110,2.0
3,11000001010111110000011001111101101101001110,51.07125069409625,24.552088869116034,0.5274181,11000001010111110100011000001111010110101010,10010110000010110011100011111101101101001110,2.0
3,10010110000010110011100010001011010110101010,17.221764855805603,-72.78241462288251,0.504037,11000001010111110100011000001111010110101010,10010110000010110011100011111101101101001110,2.0
3,10010001011001100010111001010110000100010111,13.593080900449962,16.810206606437347,0.6706215,10010001011001100010111001010110000100010111,01000111000100110100000000101001111111001001,2.0
3,01000111000100110100000000101001111111001001,-44.47249042331944,-91.79949564921752,0.4962283,10010001011001100010111001010110000100010111,01000111000100110100000000101001111111001001,2.0
3,01010111001110100000100010110000001100110110,-31.85413643220339,-65.58579578061003,0.5032189,01010111001110100000100010110001001101001000,10010000011000110010010111110000001100110110,2.0
3,10010000011000110010010111110001001101001000,12.80258007111074,-2.88961002578975,0.6596635,01010111001110100000100010110001001101001000,10010000011000110010010111110000001100110110,2.0
3,01000110000101010000000010101001001000010110,-45.24840003213883,-66.96671652000344,0.4986746,01000110000101010000000010100011111110011110,00000010110010101100100100111001001000010110,2.0
3,00000010110010101100100100110011111110011110,-97.81866021601205,-39.848408662893455,0.4975496,01000110000101010000000010100011111110011110,00000010110010101100100100111001001000010110,2.0
3,11100111100101000001000101010100101111100110,80.92064402595616,-33.44848953449477,0.5046044,11100111100101000001000101010101100001100010,00001101111101001001111111000100101111100110,2.0
3,00001101111101001001111111000101100001100010,-89.09725882941694,88.57893671487253,0.5017722,11100111100101000001000101010101100001100010,00001101111101001001111111000100101111100110,2.0
3,11000111100101000001000101010101100001100010,55.920638065490266,-33.29609234239872,0.4961826,11100111100101000001000101010101100001100010,11100100101100011011100011010000010000001111,2.0
3,11100100101100011011100011010000010000001111,78.66739718136719,-59.32544692169355,0.4971592,11100111100101000001000101010101100001100010,11100100101100011011100011010000010000001111,2.0
3,11001011101000001000100000000110011001001011,59.083690424845315,-98.75130623610168,0.4983142,11001011101000011000100000000110011001001011,01000000010110011011100111100000001100110110,2.0
3,01000000010110011011100111100000001100110110,-49.72618811754897,-6.210781624503525,0.5386725,11001011101000011000100000000110011001001011,01000000010110011011100111100000001100110110,2.0
3,00010010110010101100100100111001001000010110,-85.3186572357791,-38.84170981447931,0.5027872,00011011001010010110100110001110110111101010,00000010110010101100100100111001001000010110,2.0
3,00001011001010010110100110001110110111101010,-91.279886074039,-22.095757030429127,0.5040854,00011011001010010110100110001110110111101010,00000010110010101100100100111001001000010110,2.0
3,00001011001000110000100010000110001111010001,-91.29934103473211,-73.78153175867361,0.4984876,00001011001000110000100010000110001111010001,01110101110111000101001101110100110010010010,2.0
3,01110101110111000101001101110100110010010010,-7.921387653681677,72.80973739856182,0.4952528,00001011001000110000100010000110001111010001,01110101110111000101001101110100110010010010,2.0
3,00000000001110010001110100011011100000000001,-99.8257159771242,-44.62884536477217,0.5010341,00000000001110010001110100000010010100000111,00101110001101100010000010011011100000000001,2.0
3,00101110001001100010000010000010010100000111,-63.946143137489116,-74.54799998950958,0.4996308,00000000001110010001110100000010010100000111,00101110001101100010000010011011100000000001,2.0
3,00000010110010101100100100111101101111000010,-97.81866021601205,-37.94239471969479,0.4972345,00000010110010101100100100111001001000010110,10010110000010110011100011111101101111000010,2.0
3,10010010000010110011100011111001001000010110,14.096764110747358,-51.34171279471226,0.5321618,00000010110010101100100100111001001000010110,10010110000010110011100011111101101111000010,2.0
3,00110001100110100100111011101000001100110110,-61.24786406704523,45.3517306689574,0.4994147,00110001100110100100111011101001011110101001,10010000011010110010000111110000001100110110,2.0
3,10010000011010110010000111110001011110101001,12.826946455704316,-2.836156567610871,0.651606,00110001100110100100111011101001011110101001,10010000011010110010000111110000001100110110,2.0
3,00110111111100100101101100010111010011111110,-56.29166514674786,54.553164137164146,0.5093511,00010111111100100101101100010111001111111000,01001010100110110101100111001111110011111110,2.0
3,01001010100110110100100111001111101111111000,-41.71360533561834,-9.424187999770169,0.4524894,00010111111100100101101100010111001111111000,01001010100110110101100111001111110011111110,2.0
3,11001100010011010110111101100010011111010001,59.61131086619159,69.23608046438227,0.5049861,11001100010011010110111101100011010000110011,01100110001111001001101001100010010111010001,2.0
3,01100110001111001001101001100001010000010011,-20.127563506976017,18.995074986237285,0.5584375,11001100010011010110111101100011010000110011,01100110001111001001101001100010010111010001,2.0
3,00000010110010101100100100111001001000010110,-97.81866021601205,-38.84170981447931,0.4965722,00000010110010101100100100111001001000010110,01001000101000011001101101001001001100111010,2.0
3,01001000101000011001101101001001001100111010,-43.2568414823631,64.29723842078172,0.4949265,00000010110010101100100100111001001000010110,01001000101000011001101101001001001100111010,2.0
3,01110101110111000101001101110100110010010010,-7.921387653681677,72.80973739856182,0.4952528,01110101110111000101001101110100110010010010,10100011001010101001101100011001101111011001,2.0
3,10100011101010101001101100011001101111011001,27.864391294572656,55.02747417151312,0.4855144,01110101110111000101001101110100110010010010,10100011001010101001101100011001101111011001,2.0
3,10010000011000110010010111110000001100110110,12.80258007111074,-3.085780879445281,0.6296571,10010000011000110010010111110000001100110110,11110000011100100010001001110100000101001110,2.0
3,11110000011100100010001001110100000101001110,87.8483266468827,22.672205608416945,0.504258,10010000011000110010010111110000001100110110,11110000011100100010001001110100000101001110,2.0
3,01110010101111010111100110111001001001101010,-10.359265889946428,-13.837698420929527,0.2036221,01110010101111011111111101100110001110010111,01000110000100011100100110111001001001101010,2.0
3,01000110000100011100111101100110001110000111,-45.25817519621258,69.96497391819332,0.4921644,01110010101111011111111101100110001110010111,01000110000100011100100110111001001001101010,2.0
3,10010000011000110010010111110000001100110010,12.80258007111074,-3.0859716143540368,0.6296266,10010000011000110010010111110000001100110110,01000110000101010000000010100011111110011110,2.0
3,01000110000101010000000010100011111110011110,-45.24840003213883,-67.97341536841759,0.5084936,10010000011000110010010111110000001100110110,01000110000101010000000010100011111110011110,2.0
3,10110010111111100001001001010011011101001000,39.837870559184694,16.299847674333492,0.4814423,00110010111111100001011001010011011000110101,01010111001110100000100010110001001101001000,2.0
3,01010111001110100000100010110001001000110101,-31.85413643220339,-65.40273795193147,0.5070155,00110010111111100001011001010011011000110101,01010111001110100000100010110001001101001000,2.0
3,10010000111000110010010111110000001100110110,13.193205164243025,-3.085780879445281,0.3626531,10010000011000110010010111110000001100110110,10010000011000110010010111110000001100110110,2.0
3,10010000011000110010010111110000001000110110,12.80258007111074,-3.097987913605664,0.6276946,10010000011000110010010111110000001100110110,10010000011000110010010111110000001100110110,2.0
3,01000111000100110100000001110111110011110010,-44.47249042331944,-76.59978308672501,0.5022049,01000111000100110100000000101001111111001001,11001100010011010100111011110111110011110010,2.0
3,11001100010011010100111010101001111111001001,59.610929396374075,33.20053415311196,0.4969967,01000111000100110100000000101001111111001001,11001100010011010100111011110111110011110010,2.0
3,00000000001110010001110100000010010100000111,-99.8257159771242,-49.54799402904368,0.4972599,00000000001110010001110100000010010100000111,10010000011010110010000111110000001100110110,2.0
3,10010000011010110010000111110000001100110110,12.826946455704316,-3.085780879445281,0.6133267,00000000001110010001110100000010010100000111,10010000011010110010000111110000001100110110,2.0
3,01100111100101000001000101010101100001100010,-19.07937981590743,-33.29609234239872,0.5177438,01000000010110011011100111100000001100110110,11100111100101000001000101010101100001100010,2.0
3,11000000010110011011100111100000001100110110,50.27383572431464,-6.210781624503525,0.5279225,01000000010110011011100111100000001100110110,11100111100101000001000101010101100001100010,2.0
3,10010000011010110010000111110010001100110010,12.826946455704316,-2.695346521221765,0.6711753,10010000011010110010000111110000001100110110,01000010010100011100111100100010110111011001,2.0
3,01000010010100010100111100100010110111011001,-48.189389273974726,56.80970115892916,0.4972869,10010000011010110010000111110000001100110110,01000010010100011100111100100010110111011001,2.0
3,10010000011010110010000111110000001100110110,12.826946455704316,-3.085780879445281,0.6133267,10010000011010110010000111110000001100110110,00100110101000101101010101101101000000010001,2.0
3,00100110101000101101010101101101000000010001,-69.81558080091018,-28.71010987999675,0.510963,10010000011010110010000111110000001100110110,00100110101000101101010101101101000000010001,2.0
3,00001011001000010110101011000010010100000111,-91.30430014235976,37.95202683258697,0.4957531,00001011001000010110100110001010110111101010,11101011100100000001101011000010010100000111,2.0
3,11101011100100000001100110001010110111101010,84.03353310430839,-22.8770072166937,0.498821,00001011001000010110100110001010110111101010,11101011100100000001101011000010010100000111,2.0
3,01000111000100110100000000101001110001000111,-44.47249042331944,-91.84231563623324,0.4961876,01000111000100110100000000101001111111001001,01001011001011111111110011001010110001000111,2.0
3,01001011001011111111110011001010111111001001,-41.259799303960634,-60.35417565206901,0.4983294,01000111000100110100000000101001111111001001,01001011001011111111110011001010110001000111,2.0
3,00100010011001111000011100011110010000111011,-73.12158897437786,55.91105363632528,0.4982864,00100010011001111000011100011110010000111011,11000001010011010100111011110101010000001001,2.0
3,11000001010011010100111011110101010000001001,51.01717734746393,47.900855040754095,0.497713,00100010011001111000011100011110010000111011,11000001010011010100111011110101010000001001,2.0
3,11111101010100101000100111101000011000001010,97.90816257194581,-4.613758233489563,0.5013807,11111101010100101000100111101000011000001010,11111011000011011001011001000110111000011110,2.0
3,11111011000011011001011001000110111000011110,96.13523391133162,13.84423109155442,0.5039748,11111101010100101000100111101000011000001010,11111011000011011001011001000110111000011110,2.0
3,10010111001011111111110011001010110001100111,18.11521485214587,-60.39546975981468,0.5182391,10010101101110010010101010001011100111010011,00101011001011111111110011001010110001100111,2.0
3,00101001101110010010101010001011100111010011,-67.40369019596343,27.268392388437363,0.507786,10010101101110010010101010001011100111010011,00101011001011111111110011001010110001100111,2.0
3,01001000101000011001101101001001001100111010,-43.2568414823631,64.29723842078172,0.4949265,01001000101000011001101101001001001100111010,10010101101110010010101010001011100111010011,2.0
3,10010101101110010010101010001011100111010011,16.97132992060898,27.268392388437363,0.5200008,01001000101000011001101101001001001100111010,10010101101110010010101010001011100111010011,2.0
4,00100010011001111000011100011110010000111011,-73.12158897437786,55.91105363632528,0.4982864,00100010011001111000011100011110010000111011,11101011100100000001100110001010110111101010,3.0
4,11101011100100000001100110001010110111101010,84.03353310430839,-22.8770072166937,0.498821,00100010011001111000011100011110010000111011,11101011100100000001100110001010110111101010,3.0
4,01000111000100110100000000101001110001000101,-44.47249042331944,-91.84241100368762,0.4961875,01000010010100011100111101000000100010010111,01000111000100110100000000101001110001000111,3.0
4,01000010010100011100111101000000100010010111,-48.18786339470468,62.604895259116944,0.505731,01000010010100011100111101000000100010010111,01000111000100110100000000101001110001000111,3.0
4,00001011001000110000100010000110001111010001,-91.29934103473211,-73.78153175867361,0.4984876,00001011001000110000100010000110001111010001,10010000011000110010010000000110011001001011,3.0
4,10010000010000110010010000000110011001001011,12.704923797827675,-98.75130623610168,0.4985185,00001011001000110000100010000110001111010001,10010000011000110010010000000110011001001011,3.0
4,01000111000100110100000001110111110011110010,-44.47249042331944,-76.59978308672501,0.5022049,01000111000100110100000001110111110011110010,10010010000010110011100011111001001000010110,3.0
4,10010010000010110011100011111001001000010110,14.096764110747358,-51.34171279471226,0.5321618,01000111000100110100000001110111110011110010,10010010000010110011100011111001001000010110,3.0
4,00000000001110010001110100011011100000000001,-99.8257159771242,-44.62884536477217,0.5010341,00000000001110010001110100011011100000000001,10010000011000110010010111110000001000110110,3.0
4,10010000011000110010010111110000001100110110,12.80258007111074,-3.085780879445281,0.6296571,00000000001110010001110100011011100000000001,10010000011000110010010111110000001000110110,3.0
4,11001100010011010100111011110111110010010111,59.610929396374075,48.39590749643028,0.4902042,11001100010011010100111011110111110011110111,10010001011001100010111001010110000100010111,3.0
4,10010001011001100010111001010110000101110111,13.593080900449962,16.81478424424749,0.6717026,11001100010011010100111011110111110011110111,10010001011001100010111001010110000100010111,3.0
4,10010000011000110010111011101000001100110110,12.802675438565117,45.3517306689574,0.5482028,10010000011000110010010111110001001101001000,00110001100110100100111011101000001100110110,3.0
4,00110001100110100100110111110001001101001001,-61.24786406704523,-2.889562342062561,0.4780622,10010000011000110010010111110001001101001000,00110001100110100100111011101000001100110110,3.0
4,10001101100110101000100111101000011000001010,10.627868325202073,-4.613758233489563,0.3523503,10001101100110001010000011011111011111011000,11111101010100101000100111101000011000001010,3.0
4,11111101000100001010000011011111011111011000,97.7070326106626,-56.34955319155531,0.5021742,10001101100110001010000011011111011111011000,11111101010100101000100111101000011000001010,3.0
4,01001000101000011001101101001001001100111010,-43.2568414823631,64.29723842078172,0.4949265,01001000101000011001101101001001001100111010,00000010110010101100100100111001001000010110,3.0
4,00000010110010101100100100111001001000010110,-97.81866021601205,-38.84170981447931,0.4965722,01001000101000011001101101001001001100111010,00000010110010101100100100111001001000010110,3.0
4,10011011101110001100011000001111010110001010,21.657638945016615,2.9973275655096927,0.7215223,10011011101110001100011000001111010110101010,10011011101110001100011000001111010110101010,3.0
4,10011011101110001100011000001111010110101010,21.657638945016615,2.9988534447797406,0.7215436,10011011101110001100011000001111010110101010,10011011101110001100011000001111010110101010,3.0
4,11110001101000110000101010010110001111011001,88.77882689924883,29.343874298065742,0.5004236,11001011101000001000100000000110011001001011,00110001101000110000100010010110001111011001,3.0
4,00001011101000001000100000000110011001001011,-90.91634533795008,-98.75130623610168,0.4997977,11001011101000001000100000000110011001001011,00110001101000110000100010010110001111011001,3.0
4,00001011001000010110100111110010001100110010,-91.30430014235976,-2.695346521221765,0.505091,00001011001000010110101011000010010100000111,10010000011010110010000111110010001100110010,3.0
4,10010000011010110010001011000010010100000111,12.826946455704316,37.95202683258697,0.5008449,00001011001000010110101011000010010100000111,10010000011010110010000111110010001100110010,3.0
4,10010001011001100010111001010110000100010111,13.593080900449962,16.810206606437347,0.6706215,11001100010011010110111101100010011111010001,10010001011001100010111001010110000100010111,3.0
4,11001100010011010110111101100010011111010001,59.61131086619159,69.23608046438227,0.5049861,11001100010011010110111101100010011111010001,10010001011001100010111001010110000100010111,3.0
4,00110001011001000110100011101001101010000010,-61.41232524212008,-54.36390742395101,0.5065503,00110001011001000110100011111001101010000010,10010000011010110010000111110001011110101001,3.0
4,10010000011010110010000111110001011110101001,12.826946455704316,-2.836156567610871,0.651606,00110001011001000110100011111001101010000010,10010000011010110010000111110001011110101001,3.0
4,10010101111101000100111011101000001100110110,17.151812828019345,45.3517306689574,0.4592679,10010101111101001001111111000100101111100110,00110001100110100100111011101000001100110110,3.0
4,00110001100110101001111111000100101111100110,-61.24691039250145,88.4265395227765,0.5002124,10010101111101001001111111000100101111100110,00110001100110100100111011101000001100110110,3.0
4,10010101101110010010101010001011100110010011,16.97132992060898,27.265340629897267,0.520623,10010101101110010010101010001011100111010011,10101111001101100010000010011011100000000001,3.0
4,10101111001101100010000010011011101000000001,36.88395902728058,-69.6044372569173,0.5086016,10010101101110010010101010001011100111010011,10101111001101100010000010011011100000000001,3.0
4,11101011100100000001101011000110011001001011,84.03353310430839,38.748726546460745,0.4947455,11101011100100000001101011000010010100000111,11001011101000001000100000000110011001001011,3.0
4,11001111101000001000100000000010010100000111,62.208691169903545,-99.54800594997548,0.4984812,11101011100100000001101011000010010100000111,11001011101000001000100000000110011001001011,3.0
4,00011011001010110011000111110001011110101001,-78.7744471489065,-2.836156567610871,0.508083,00011011001010110000100010000110001111010001,10010000011010110010000111110001011110101001,3.0
4,10010000011010110000100010000110001111010001,12.826660353341182,-73.78153175867361,0.5059914,00011011001010110000100010000110001111010001,10010000011010110010000111110001011110101001,3.0
4,00001011001000010101101101001001001100111010,-91.30449087726852,64.29723842078172,0.4973604,00001011001000010110101011000010010100000111,01001000101000011001101101001001001100111010,3.0
4,01001000101000011010101011000010010100000111,-43.256650747454344,37.95202683258697,0.4889577,00001011001000010110101011000010010100000111,01001000101000011001101101001001001100111010,3.0
4,00001011001000110000100010000110001111010001,-91.29934103473211,-73.78153175867361,0.4984876,00001011001000110000100010000110001111010001,11000000010110011011100111100000001100110110,3.0
4,11000000010110011011100111100000001100110110,50.27383572431464,-6.210781624503525,0.5279225,00001011001000110000100010000110001111010001,11000000010110011011100111100000001100110110,3.0
4,11001011101000011000100001110100100001100010,59.08674218338541,-77.24141531978019,0.5043945,11001011101000011000100001110100110010010010,00001101111101001001111111000101100001100010,3.0
4,00001101111101001001111111000101110010010010,-89.09725882941694,88.63005367041913,0.5017726,11001011101000011000100001110100110010010010,00001101111101001001111111000101100001100010,3.0
4,10011011101110010100000000101001111011001001,21.659117140559474,-91.8117026833779,0.505031,10011011101110001100011000001111010110101010,01000111000100110100000000101001111111001001,3.0
4,01000111000100101100111000001111010110101010,-44.47387325140792,2.9988534447797406,0.5210819,10011011101110001100011000001111010110101010,01000111000100110100000000101001111111001001,3.0
4,10010000011000110010000101010101100001100010,12.80253238738355,-33.29609234239872,0.4406883,10010000011000110010010111110000001100110110,01100111100101000001000101010101100001100010,3.0
4,01100111100101000001010111110000001100110110,-19.07933213218024,-3.085780879445281,0.6529922,10010000011000110010010111110000001100110110,01100111100101000001000101010101100001100010,3.0
4,10010000011011110010000111110000001100110110,12.8391534898647,-3.085780879445281,0.60506,10010000011011110010000111110000001100110110,10010000011010110010000111110010001100110010,3.0
4,10010000011010110010000111110010001100110010,12.826946455704316,-2.695346521221765,0.6711753,10010000011011110010000111110000001100110110,10010000011010110010000111110010001100110010,3.0
4,10010000011010110010000111101000011000001010,12.826946455704316,-4.613758233489563,0.3112945,10010000011010110010000111110001011110101001,11111101010100101000100111101000011000001010,3.0
4,11111101010100101000101111110001011110101001,97.90816257194581,97.16386727425271,0.5010396,10010000011010110010000111110001011110101001,11111101010100101000100111101000011000001010,3.0
4,10110010111111100001001001010011011100010111,39.837870559184694,16.29751117170123,0.4813377,10110010111111100001001001010011011101001000,10010001011001100010111001010110000100010111,3.0
4,10010001011001100010111001010110000101001000,13.593080900449962,16.81254310906961,0.6711744,10110010111111100001001001010011011101001000,10010001011001100010111001010110000100010111,3.0
4,11000110101100001000001000101111101111111000,55.22617226270967,9.325816470579255,0.5137381,11000110101100001000001000100010110111011001,01001010100110110100100111001111101111111000,3.0
4,01001010100110110100100111000010110111011001,-41.71360533561834,-11.940315232352077,0.5225421,11000110101100001000001000100010110111011001,01001010100110110100100111001111101111111000,3.0
4,11001011101000011000100001110100110010010010,59.08674218338541,-77.19029836423358,0.5042842,11001011101000011000100001110100110010010010,10100011101010101001101100011001101111011001,3.0
4,10100011101010101001101100011001101111011001,27.864391294572656,55.02747417151312,0.4855144,11001011101000011000100001110100110010010010,10100011101010101001101100011001101111011001,3.0
4,00101110001001100010010010000010010100000110,-63.94609545376193,-74.54804767323677,0.4996308,00101110001001100010000010000010010100000111,01001000101000011001101101001001001100111010,3.0
4,01001000101000011001101101001001001100111011,-43.2568414823631,64.29728610450891,0.4949272,00101110001001100010000010000010010100000111,01001000101000011001101101001001001100111010,3.0
4,11101010100100000001101011000010010100000111,83.25228291804385,37.95202683258697,0.5040586,11101011100100000001101011000010010100000111,01000000010110011011100111100000001100110110,3.0
4,01000000010110011011100111100000001100110110,-49.72618811754897,-6.210781624503525,0.5386725,11101011100100000001101011000010010100000111,01000000010110011011100111100000001100110110,3.0
4,10010000011000110010010110101001001000010110,12.80258007111074,-16.966704599071647,0.5233304,10010000011000110010010111110000001100110110,01000110000101010000000010101001001000010110,3.0
4,01000110000101010000000011110000001100110110,-45.24840003213883,-53.085792800377085,0.504216,10010000011000110010010111110000001100110110,01000110000101010000000010101001001000010110,3.0
4,01010001010110111011011010101001110011000001,-36.43887911769846,33.1635315808133,0.482702,01010001010110111011011010101001110011000001,10010101111101001001111111000100101111100110,3.0
4,10010101111001001001111111001100101111100110,17.10393836592158,89.98903989530561,0.5031217,01010001010110111011011010101001110011000001,10010101111101001001111111000100101111100110,3.0
4,10010001011010110010000110110000001100110110,13.608196641968874,-15.58578385967823,0.2897774,10010001011001100010111001010110000100010111,10010000011010110010000111110000001100110110,3.0
4,10010001011001100010111001010110000100010111,13.593080900449962,16.810206606437347,0.6706215,10010001011001100010111001010110000100010111,10010000011010110010000111110000001100110110,3.0
4,01000010010100010100000000101001111111001001,-48.18953232515629,-91.79949564921752,0.5036216,01000010010100011100111100100010110111011001,01000111000100110100000000101001111111001001,3.0
4,01000111000100111100111100100010110111011001,-44.47082149286783,56.80970115892916,0.5126678,01000010010100011100111100100010110111011001,01000111000100110100000000101001111111001001,3.0
4,10011011101110001100011000101111010110101010,21.657638945016615,9.248854934896215,0.2931725,10011011101110001100011000001111010110101010,10010111001011111111110011001010110001100111,3.0
4,10010111001011111111110011001010110001100111,18.11521485214587,-60.39546975981468,0.5182391,10011011101110001100011000001111010110101010,10010111001011111111110011001010110001100111,3.0
4,01100101110110000101001100000110011001000111,-20.43359766807501,51.24853879178494,0.4717001,01110101110111000101001100000110011001001011,00001011001000010110101011000010010100000111,3.0
4,00001011001000010110101011000010010100001011,-91.30430014235976,37.95221756749572,0.495753,01110101110111000101001100000110011001001011,00001011001000010110101011000010010100000111,3.0
4,10010000011010100010000111100001011110101001,12.82389469716422,-5.9611573126691155,0.1527849,10010000011010110010000111110001011110101001,10010001011001100010111001010110000100010111,3.0
4,10010001011001100010111001010110000100010111,13.593080900449962,16.810206606437347,0.6706215,10010000011010110010000111110001011110101001,10010001011001100010111001010110000100010111,3.0
4,11110011100111100101010100101000011000001010,90.32697446989405,-42.11376717418842,0.4993048,11110011100111100101010000101001011000001010,01001000101000011001101101001001001100111010,3.0
4,01001000101000011001101101101001001100111010,-43.2568414823631,70.54723991089818,0.4956023,11110011100111100101010000101001011000001010,01001000101000011001101101001001001100111010,3.0
4,10010000011010010010000111110001011110101001,12.820842938624125,-2.836156567610871,0.6555764,10010000011010110010000111110001011110101001,00000000001110010001110100000010010100000111,3.0
4,00000000001110010001110100000010010100000111,-99.8257159771242,-49.54799402904368,0.4972599,10010000011010110010000111110001011110101001,00000000001110010001110100000010010100000111,3.0
4,00001011010111101110000111000001001100111010,-91.11671235959824,-12.265279833145101,0.4994754,00001011010111101110001111000000100011001000,01001000101000011001101101001001001100111010,3.0
4,01001000101000011001101101001000100011101000,-43.2568414823631,64.17125801354837,0.4931723,00001011010111101110001111000000100011001000,01001000101000011001101101001001001100111010,3.0
4,11101011110111000101001100000110011001001011,84.26613432553634,51.248729526693694,0.4965863,11101011100100000001100110001010110111101010,01110101110111000101001100000110011001001011,3.0
4,01110101110100000001100110001010110111101010,-7.958676328343472,-22.8770072166937,0.4506754,11101011100100000001100110001010110111101010,01110101110111000101001100000110011001001011,3.0
4,00100110101001100010111001010110000100010111,-69.80537648329174,16.810206606437347,0.5080847,00100110101000101101010101101101000000010001,10010001011001100010111001010110000100010111,3.0
4,10010001011000101101010101101101000000010001,13.582876582831517,-28.71010987999675,0.5955452,00100110101000101101010101101101000000010001,10010001011001100010111001010110000100010111,3.0
4,10000111100101000001000101010101100001100010,5.920626144558469,-33.29609234239872,0.5100545,10010000011010110010000111110000001100110110,01100111100101000001000101010101100001100010,3.0
4,01110000011010110010000111110000001100110110,-12.173059504761582,-3.085780879445281,0.8730046,10010000011010110010000111110000001100110110,01100111100101000001000101010101100001100010,3.0
4,11001110010011010100111011110111110011110110,61.17342976890319,48.40043745051324,0.5047871,11001100010011010100111011110111110011110111,10010000011010110010000111110000001100110110,3.0
4,10010000011010110010000111110000001100110111,12.826946455704316,-3.085733195718092,0.6133345,11001100010011010100111011110111110011110111,10010000011010110010000111110000001100110110,3.0
4,10001101100110001010000100011001101111011001,10.622050910485001,-44.972549670350475,0.4870663,10001101100110001010000011011111011111011000,10100011101010101001101100011001101111011001,3.0
4,10100011101010101001101011011111011111011000,27.864391294572656,43.65047065030828,0.4633012,10001101100110001010000011011111011111011000,10100011101010101001101100011001101111011001,3.0
4,00001001011000111011011010101001110011000001,-92.66447846042597,33.1635315808133,0.4979366,00001001011000110010010110110000001100110110,01010001010110111011011010101001110011000001,3.0
4,01011001010110110010000110110000001100110110,-30.19064192548798,-15.58578385967823,0.5427858,00001001011000110010010110110000001100110110,01010001010110111011011010101001110011000001,3.0
4,01110101110111000101001100000110011001001011,-7.921387653681677,51.248729526693694,0.4632949,01110101110111000101001100000110011001001011,11001100010011010100111010101001111111001001,3.0
4,11101100010011010100111010101001111111001001,84.61093535683997,33.20053415311196,0.5053009,01110101110111000101001100000110011001001011,11001100010011010100111010101001111111001001,3.0
4,10010000111000100010011010101001110011000001,13.19015340570293,33.1635315808133,0.4380815,10010000111000110010010111110000001100110110,01010001010110111011011010101001110011000001,3.0
4,01010001010110111011010111110000001100110110,-36.43887911769846,-3.085780879445281,0.4418248,10010000111000110010010111110000001100110110,01010001010110111011011010101001110011000001,3.0
4,11001011101000011000100001110100110010010010,59.08674218338541,-77.19029836423358,0.5042842,11001011101000011000100001110100110010010010,11101011100100000001101011000010010100000111,3.0
4,11101011100100000001101011000010010100000111,84.03353310430839,37.95202683258697,0.4967405,11001011101000011000100001110100110010010010,11101011100100000001101011000010010100000111,3.0
4,10101111000101000001000101010101100001100010,36.78000850200857,-33.29609234239872,0.510922,10101111001101100010000010011011100000000001,11000111100101000001000101010101100001100010,3.0
4,11000111101101100010000010011011100000000001,56.02458859076228,-69.62885132523806,0.4941463,10101111001101100010000010011011100000000001,11000111100101000001000101010101100001100010,3.0
5,10001101100101110010000010011011100000000001,10.617473272674857,-69.62885132523806,0.4876797,10001101100110101000100111101000011000001010,11000111101101100010000010011011100000000001,4.0
5,11000111101110101000100111101000011000001010,56.038035401829575,-4.613758233489563,0.5231219,10001101100110101000100111101000011000001010,11000111101101100010000010011011100000000001,4.0
5,10010110101001100010111001010100000100010111,17.694644378338907,16.419581513305076,0.4193025,10010000011010010010000111110001011110101001,00100110101001100010111001010110000100010111,4.0
5,00100000011010010010000111110001011110101001,-74.67917792300652,-2.836156567610871,0.5027451,10010000011010010010000111110001011110101001,00100110101001100010111001010110000100010111,4.0
5,10010000010000110010010000000110011001001111,12.704923797827675,-98.75111550119293,0.498517,10010000010000110010010000000110011001001011,01001000101000011010101011000010010100000111,4.0
5,01001000101000011010101011000010010100000111,-43.256650747454344,37.95202683258697,0.4889577,10010000010000110010010000000110011001001011,01001000101000011010101011000010010100000111,4.0
5,10011011101110001100011000001111010110101010,21.657638945016615,2.9988534447797406,0.7215436,10011011101110001100011000001111010110101010,11001011101000011000100001110100110010010010,4.0
5,11001011101000011000100001110100110010010010,59.08674218338541,-77.19029836423358,0.5042842,10011011101110001100011000001111010110101010,11001011101000011000100001110100110010010010,4.0
5,10010001011001100010111001010110000111001001,13.593080900449962,16.81869430987699,0.6726189,10010001011001100010111001010110000100010111,01000010010100010100000000101001111111001001,4.0
5,01000010010100010100000000101001111100010111,-48.18953232515629,-91.80798335265716,0.5036195,10010001011001100010111001010110000100010111,01000010010100010100000000101001111111001001,4.0
5,10010000011010110010000111110000001100110111,12.826946455704316,-3.085733195718092,0.6133345,10010000011010110010000111110000001100110111,01000010010100011100111101000000100010010111,4.0
5,01000010010100011100111101000000100010010111,-48.18786339470468,62.604895259116944,0.505731,10010000011010110010000111110000001100110111,01000010010100011100111101000000100010010111,4.0
5,01000000010110011011100111100000010011000001,-49.72618811754897,-6.191946552263872,0.5386203,11000000010110011011100111100000001100110110,01010001010110111011011010101001110011000001,4.0
5,01010001010110111011011010101001101100110110,-36.43887911769846,33.144696508573645,0.4817085,11000000010110011011100111100000001100110110,01010001010110111011011010101001110011000001,4.0
5,10010001011001100010111001010110000101001000,13.593080900449962,16.81254310906961,0.6711744,10010001011001100010111001010110000101001000,10011011101110001100011000001111010110101010,4.0
5,10011011101110001100011000001111010110101010,21.657638945016615,2.9988534447797406,0.7215436,10010001011001100010111001010110000101001000,10011011101110001100011000001111010110101010,4.0
5,10010001011001100010111001010110000100010111,13.593080900449962,16.810206606437347,0.6706215,10010001011001100010111001010110000100010111,11101011100100000001100110001010110111101010,4.0
5,11101011100100000001100110001010110111101010,84.03353310430839,-22.8770072166937,0.498821,10010001011001100010111001010110000100010111,11101011100100000001100110001010110111101010,4.0
5,01110000011010110010000111110000001100110110,-12.173059504761582,-3.085780879445281,0.8730046,01110000011010110010000111110000001100110110,01110000011010110010000111110000001100110110,4.0
5,01110001011010110010000111110000001100110110,-11.391809318497025,-3.085780879445281,0.5164613,01110000011010110010000111110000001100110110,01110000011010110010000111110000001100110110,4.0
5,10010000011110001100011000101111010110101010,12.86857434954031,9.248854934896215,0.8070681,10010000011000110010000101010101100001100010,10011011101110001100011000001111010110101010,4.0
5,10011011101000110010000101010101100001100010,21.59159698285984,-33.29609234239872,0.4490111,10010000011000110010000101010101100001100010,10011011101110001100011000001111010110101010,4.0
5,10010101101110010010101010001011100011000001,16.97132992060898,27.255327047187578,0.522662,10010101101110010010101010001011100110010011,01010001010110111011011010101001110011000001,4.0
5,01010001010110111011011010101001110110010011,-36.43887911769846,33.17354516352299,0.4832342,10010101101110010010101010001011100110010011,01010001010110111011011010101001110011000001,4.0
5,00001011001000110000001001101111101111111000,-91.29943640218649,21.825819450812205,0.5037945,00001011001000110000100010000110001111010001,11000110101100001000001000101111101111111000,4.0
5,11000110101100001000100010010110001111010001,55.226267630164045,-70.65653101361538,0.4941346,00001011001000110000100010000110001111010001,11000110101100001000001000101111101111111000,4.0
5,11001011100010110011100011111001001000010110,59.018649820959524,-51.34171279471226,0.5079752,11001011101000011000100001110100110010010010,10010010000010110011100011111001001000010110,4.0
5,10010010001000011000100001110100110010010010,14.16485647317326,-77.19029836423358,0.5096843,11001011101000011000100001110100110010010010,10010010000010110011100011111001001000010110,4.0
5,10010001011000001000100000000110011001001011,13.575867074934735,-98.75130623610168,0.4994543,10010001011001100010111001010110000101110111,00001011101000001000100000000110011001001011,4.0
5,00001011101001100010111001010110000101110111,-90.89913151243485,16.81478424424749,0.495111,10010001011001100010111001010110000101110111,00001011101000001000100000000110011001001011,4.0
5,10010000011010110010000111110010001100110010,12.826946455704316,-2.695346521221765,0.6711753,10010000011010110010000111110010001100110010,01001000101000011010101011000010010100000111,4.0
5,01001010101000011010101011000010010100000111,-41.69415037492523,37.95202683258697,0.5270289,10010000011010110010000111110010001100110010,01001000101000011010101011000010010100000111,4.0
5,10010001011001100010110001010110000100010111,13.593080900449962,-83.18981723542625,0.5037213,10010001011001100010111001010110000100010111,10010001011001100010111001010110000101110111,4.0
5,10010001011001100010111001010110000101110111,13.593080900449962,16.81478424424749,0.6717026,10010001011001100010111001010110000100010111,10010001011001100010111001010110000101110111,4.0
5,10010001011001100010111001010110000101001010,13.593080900449962,16.812638476523986,0.671197,10010001011001100010111001010110000101001000,10011011101110001100011000001111010110001010,4.0
5,10011011101110001100011000001111010110001000,21.657638945016615,2.9972321980553147,0.7215209,10010001011001100010111001010110000101001000,10011011101110001100011000001111010110001010,4.0
5,10010000011010010010001111110001011110101001,12.820842938624125,97.16386727425271,0.5014716,10010000011010010010000111110001011110101001,01110000011010110010000111110000001100110110,4.0
5,01110000011010110010000111110000001100110110,-12.173059504761582,-3.085780879445281,0.8730046,10010000011010010010000111110001011110101001,01110000011010110010000111110000001100110110,4.0
5,00000000001110010001110100000010010100000111,-99.8257159771242,-49.54799402904368,0.4972599,00000000001110010001110100000010010100000111,10010000011010010010000111110001011110101001,4.0
5,10010000011010010010000111110001011110101001,12.820842938624125,-2.836156567610871,0.6555764,00000000001110010001110100000010010100000111,10010000011010010010000111110001011110101001,4.0
5,00100110101000110010010111110000001100110110,-69.8146271263664,-3.085780879445281,0.5005097,00100110101001100010111001010110000100010111,10010000011000110010010111110000001100110110,4.0
5,10010000011001100010111001010110000100010111,12.811830714185405,16.810206606437347,0.4667329,00100110101001100010111001010110000100010111,10010000011000110010010111110000001100110110,4.0
5,01001000101000011010111011101000001100110110,-43.256603063727155,45.3517306689574,0.5195598,01001000101000011001101101001000100011101000,10010000011000110010111011101000001100110110,4.0
5,10010000011000110001101101001000100011101000,12.802437019929172,64.17125801354837,0.5085238,01001000101000011001101101001000100011101000,10010000011000110010111011101000001100110110,4.0
5,00011011001010110010100011101001101010000010,-78.77454251636088,-54.36390742395101,0.4952659,00011011001010110011000111110001011110101001,00110001011001000110100011101001101010000010,4.0
5,00110001011001000111000111110001010110101001,-61.412229874665705,-2.860570635931637,0.4801565,00011011001010110011000111110001011110101001,00110001011001000110100011101001101010000010,4.0
5,11110011100111100101010100101000011000001010,90.32697446989405,-42.11376717418842,0.4993048,11110011100111100101010100101000011000001010,10011011101110001100011000001111010110001010,4.0
5,10011011101010001100011000001111010110001010,21.60881080837507,2.9973275655096927,0.7155443,11110011100111100101010100101000011000001010,10011011101110001100011000001111010110001010,4.0
5,00110001011001000100100011101001101010001001,-61.412706711937595,-54.36357363786069,0.5065497,00110001011001000110100011101001101010000010,00011011001010110011000111110001011110101001,4.0
5,00011011001010110011001111110001011110100010,-78.7744471489065,97.16353348816239,0.5007237,00110001011001000110100011101001101010000010,00011011001010110011000111110001011110101001,4.0
5,10011011101111001100011000001110010110101010,21.669845979176998,2.8035408982135976,0.7200503,10011011101110001100011000001111010110101010,10010000111000100010011010101001110011000001,4.0
5,10010000111000100010011010101001110011000001,13.19015340570293,33.1635315808133,0.4380815,10011011101110001100011000001111010110101010,10010000111000100010011010101001110011000001,4.0
5,10011011101110001100011000001111010110101010,21.657638945016615,2.9988534447797406,0.7215436,10011011101110001100011000001111010110101010,10010001011001100010111001010110000100010111,4.0
5,10010001011001100010111001010110000100010111,13.593080900449962,16.810206606437347,0.6706215,10011011101110001100011000001111010110101010,10010001011001100010111001010110000100010111,4.0
5,10010000011010110010000111110000001100110111,12.826946455704316,-3.085733195718092,0.6133345,10010000011010110010000111110000001100110111,10010000011010110010000111110001011110101001,4.0
5,10010000011010110010000111110001011110101001,12.826946455704316,-2.836156567610871,0.651606,10010000011010110010000111110000001100110111,10010000011010110010000111110001011110101001,4.0
5,10010000011010010010000111110001011110101001,12.820842938624125,-2.836156567610871,0.6555764,10010000011010010010000111110001011110101001,10010000011010010010000111110001011110101001,4.0
5,10010000011010010010000111110001011110101001,12.820842938624125,-2.836156567610871,0.6555764,10010000011010010010000111110001011110101001,10010000011010010010000111110001011110101001,4.0
5,10010001001000110000100010000110001111010001,13.388183924718845,-73.78153175867361,0.5077459,10010001011001100010111001010110000100010111,00001011001000110000100010000110001111010001,4.0
5,00001011011001100010110001010110000100010111,-91.09444405900098,-83.18981723542625,0.4997847,10010001011001100010111001010110000100010111,00001011001000110000100010000110001111010001,4.0
5,10010000011010110001111111001100101111100110,12.826898771977127,89.98903989530561,0.5053328,10010000011010110010000111110001011110101001,10010101111001001001111111001100101111100110,4.0
5,10010101111001001110000111110001011110101001,17.10474898928379,-2.836156567610871,0.2065146,10010000011010110010000111110001011110101001,10010101111001001001111111001100101111100110,4.0
5,10010000111011110010000101010101100001100010,13.229778582996985,-33.29609234239872,0.4208876,10010000011011110010000111110000001100110110,10010000011000110010000101010101100001100010,4.0
5,10010000011000110010000111110000001100110110,12.80253238738355,-3.085780879445281,0.6296889,10010000011011110010000111110000001100110110,10010000011000110010000101010101100001100010,4.0
5,01001000101000011000100001111100110010010010,-43.257032217271856,-75.62779799170445,0.4992647,01001000101000011001101101001001001100111011,11001011101000011000100001110100110010010010,4.0
5,11001011101000011001101101001001001100111011,59.08693291829417,64.29728610450891,0.5019138,01001000101000011001101101001001001100111011,11001011101000011000100001110100110010010010,4.0
5,10011011101111001100011000001111010110101010,21.669845979176998,2.9988534447797406,0.7227087,10011011101110001100011000001111010110101010,11101011100100000001101011000110011001001011,4.0
5,11101011100100000001101011000110011001001011,84.03353310430839,38.748726546460745,0.4947455,10011011101110001100011000001111010110101010,11101011100100000001101011000110011001001011,4.0
5,00001101111101011001111111000101110010010001,-89.09420707087685,88.63000598669194,0.5017728,00001101111101001001111111000101110010010010,01001010100110110100100111000010110111011001,4.0
5,01001010100110110100100111000010110111011010,-41.71360533561834,-11.940267548624888,0.5225406,00001101111101001001111111000101110010010010,01001010100110110100100111000010110111011001,4.0
5,11000110101100001000001000101101111111001001,55.22617226270967,8.981778378910633,0.5107891,11000110101100001000001000101111101111111000,01000010010100010100000000101001111111001001,4.0
5,01000010010100010100000010101111101111111000,-48.18953232515629,-65.67420141081843,0.5077312,11000110101100001000001000101111101111111000,01000010010100010100000000101001111111001001,4.0
5,10010000010000110010010000000110001000010110,12.704923797827675,-98.80266161028423,0.4989276,10010000010000110010010000000110011001001011,10010010000010110011100011111001001000010110,4.0
5,10010010000010110011100011111001011001001011,14.096764110747358,-51.2903574205297,0.5309982,10010000010000110010010000000110011001001011,10010010000010110011100011111001001000010110,4.0
5,10011011101110001100011011000010010100000111,21.657638945016615,37.95202683258697,0.5496981,10011011101110001100011000001111010110101010,11101010100100000001101011000010010100000111,4.0
5,11101010100100000001101000001111010111101010,83.25228291804385,3.0019052033198363,0.4921154,10011011101110001100011000001111010110101010,11101010100100000001101011000010010100000111,4.0
5,01000010010100011100111101000000001100110110,-48.18786339470468,62.539234766777696,0.5065062,01000010010100011100111101000000100010010111,10010000011000110010010111110000001100110110,4.0
5,10010000011000110010010111110000100010110111,12.80258007111074,-3.018594507835985,0.6402602,01000010010100011100111101000000100010010111,10010000011000110010010111110000001100110110,4.0
5,10010001011001100010111001010101100001100010,13.593080900449962,16.703919578533075,0.643108,10010001011001100010111001010110000100010111,10010000011000110010000101010101100001100010,4.0
5,10010000011000110010000101010110000100010111,12.80253238738355,-33.18980531449445,0.4566627,10010001011001100010111001010110000100010111,10010000011000110010000101010101100001100010,4.0
5,01001000101000011001101101000010010100000111,-43.2568414823631,62.952032793052865,0.4958757,01001000101000011001101101001001001100111010,01001000101000011010101011000010010100000111,4.0
5,01001000101000011010101011001001001000111010,-43.256650747454344,39.28502542615544,0.4792329,01001000101000011001101101001001001100111010,01001000101000011010101011000010010100000111,4.0
5,10011011101110001001111111001100101111100110,21.657162107744725,89.98903989530561,0.4946901,10011011101110001100011000001111010110101010,10010101111001001001111111001100101111100110,4.0
5,10010101111001001100011000001111010110101010,17.10441520319347,2.9988534447797406,0.2092595,10011011101110001100011000001111010110101010,10010101111001001001111111001100101111100110,4.0
5,11101011110111000101001100000100110010010010,84.26613432553634,50.93473218315415,0.4976113,11101011110111000101001100000110011001001011,11001011101000011000100001110100110010010010,4.0
5,11001011101000011000100001110110011001001011,59.08674218338541,-76.87630102069403,0.5030186,11101011110111000101001100000110011001001011,11001011101000011000100001110100110010010010,4.0
5,10010001011001100010111001010110010100000111,13.593080900449962,16.858271803443856,0.6815146,10010001011001100010111001010110000100010111,10010000011010110010001011000010010100000111,4.0
5,10010000011010110010001011000010000100010111,12.826946455704316,37.90396163558046,0.4941245,10010001011001100010111001010110000100010111,10010000011010110010001011000010010100000111,4.0
5,10010111001011111111110011001010110001100111,18.11521485214587,-60.39546975981468,0.5182391,10010111001011111111110011001010110001100111,10011011101110001100011000001111010110001010,4.0
5,10011011101110001100011000001111010110001010,21.657638945016615,2.9973275655096927,0.7215223,10010111001011111111110011001010110001100111,10011011101110001100011000001111010110001010,4.0
5,00001011001000110000100010000110001111010010,-91.29934103473211,-73.78148407494642,0.4984877,00001011001000110000100010000110001111010001,10010000011010110010000111110010001100110010,4.0
5,10010000011010110010000111110010001100110001,12.826946455704316,-2.695394204948954,0.6711689,00001011001000110000100010000110001111010001,10010000011010110010000111110010001100110010,4.0
5,10010001011001100010111001010110000100010111,13.593080900449962,16.810206606437347,0.6706215,10010001011001100010111001010110000100010111,01011001010110110010000110110000001100110110,4.0
5,01011001010110110010000110110000001100110110,-30.19064192548798,-15.58578385967823,0.5427858,10010001011001100010111001010110000100010111,01011001010110110010000110110000001100110110,4.0
5,10010101111101000100111011101000001101100010,17.151812828019345,45.35382875295372,0.4592023,10010101111101000100111011101000001100110110,10010000011000110010000101010101100001100010,4.0
5,10010010011000110010000101010101100000110110,14.365032759912665,-33.29819042639504,0.4101585,10010101111101000100111011101000001100110110,10010000011000110010000101010101100001100010,4.0
5,11101010100100000001101011000010010100000111,83.25228291804385,37.95202683258697,0.5040586,11101010100100000001101011000010010100000111,10010001011001100010111001010110000101110111,4.0
5,10010001011001100010111001010110000101110111,13.593080900449962,16.81478424424749,0.6717026,11101010100100000001101011000010010100000111,10010001011001100010111001010110000101110111,4.0
5,01000010010100011110000010011011100000000001,-48.18762497606873,-69.62885132523806,0.507174,01000010010100011100111101000000100010010111,11000111101101100010000010011011100000000001,4.0
5,11000111101101100000111101000000100010010111,56.02435017212633,62.604895259116944,0.4996136,01000010010100011100111101000000100010010111,11000111101101100010000010011011100000000001,4.0
6,11000110101100001000100010010001011110101001,55.226267630164045,-71.58617295889209,0.50109,11000110101100001000100010010110001111010001,10010000011010010010000111110001011110101001,5.0
6,10011000011010010010000111110110001111010001,19.0708444287406,-1.9065146223341571,0.7156709,11000110101100001000100010010110001111010001,10010000011010010010000111110001011110101001,5.0
6,10011011101000011010101011001001001000111010,21.587114712504075,39.28502542615544,0.4936418,10011011101110001100011000001111010110001000,01001000101000011010101011001001001000111010,5.0
6,01001000101110001100011000001111010110001000,-43.18612651494181,2.9972321980553147,0.5112074,10011011101110001100011000001111010110001000,01001000101000011010101011001001001000111010,5.0
6,10010001011001100010111001010110000101110111,13.593080900449962,16.81478424424749,0.6717026,10010001011001100010111001010110000101110111,11101011100100000001100110001010110111101010,5.0
6,11101011100100000001100110001010110111101010,84.03353310430839,-22.8770072166937,0.498821,10010001011001100010111001010110000101110111,11101011100100000001100110001010110111101010,5.0
6,11001011101000011100100001110100110010010010,59.087505123020435,-77.19029836423358,0.5042856,11001011101000011000100001110100110010010010,11101011100100000001100110001010110111101010,5.0
6,11101011100100000001100110001010110111101010,84.03353310430839,-22.8770072166937,0.498821,11001011101000011000100001110100110010010010,11101011100100000001100110001010110111101010,5.0
6,10010000011001100010111001010110001100110010,12.811830714185405,16.835908135392216,0.4764603,10010000011001100010111001010110000100010111,10010000011010110010000111110010001100110010,5.0
6,10010000011010110010000111110010000100010111,12.826946455704316,-2.721048050176634,0.667713,10010000011001100010111001010110000100010111,10010000011010110010000111110010001100110010,5.0
6,01110000011011100010110001010110000100010011,-12.163761177959728,-83.190007970335,0.5005674,01110000011010110010000111110000001100110110,10010001011001100010110001010110000100010111,5.0
6,10010001011000110010000111110000001100110110,13.583782573648108,-3.085780879445281,0.1790154,01110000011010110010000111110000001100110110,10010001011001100010110001010110000100010111,5.0
6,00011011001010110010111001010110000101001000,-78.77449483263369,16.81254310906961,0.4942913,00011011001010110010100011101001101010000010,10010001011001100010111001010110000101001000,5.0
6,10010001011001100010100011101001101010000010,13.593033216722773,-54.36390742395101,0.5152097,00011011001010110010100011101001101010000010,10010001011001100010111001010110000101001000,5.0
6,10011011101111001100011000001111010110101010,21.669845979176998,2.9988534447797406,0.7227087,10011011101111001100011000001111010110101010,10010000011110001100011000101111010110101010,5.0
6,10010000011110001100011000101111010110101010,12.86857434954031,9.248854934896215,0.8070681,10011011101111001100011000001111010110101010,10010000011110001100011000101111010110101010,5.0
6,01110000011010110010000111110000001100110110,-12.173059504761582,-3.085780879445281,0.8730046,01110000011010110010000111110000001100110110,01110000011010110010000111110000001100110110,5.0
6,01110000011010110010000111110000001100110110,-12.173059504761582,-3.085780879445281,0.8730046,01110000011010110010000111110000001100110110,01110000011010110010000111110000001100110110,5.0
6,10010001011001100010111101010101100001100010,13.593080900449962,66.70393149946486,0.4923167,10010001011001100010111001010101100001100010,01110000011010110010000111110000001100110110,5.0
6,01110000011010110010000111110000001100110110,-12.173059504761582,-3.085780879445281,0.8730046,10010001011001100010111001010101100001100010,01110000011010110010000111110000001100110110,5.0
6,10010001011001100010111001010110010100100010,13.593080900449962,16.85955926407796,0.6817922,10010001011001100010111001010110010100000111,10010001011001100010111001010101100001100010,5.0
6,10010001011001100010111001010101100001000111,13.593080900449962,16.702632117898972,0.642748,10010001011001100010111001010110010100000111,10010001011001100010111001010101100001100010,5.0
6,10010000011001100010111001010110000101110111,12.811830714185405,16.81478424424749,0.4684631,10010000011000110010000101010110000100010111,10010001011001100010111001010110000101110111,5.0
6,10010001011000110010000101010110000100010111,13.583782573648108,-33.18980531449445,0.4175818,10010000011000110010000101010110000100010111,10010001011001100010111001010110000101110111,5.0
6,10010001011001100010100001111100110010010010,13.593033216722773,-75.62779799170445,0.4898602,10010001011001100010111001010110000101110111,01001000101000011000100001111100110010010010,5.0
6,01001000101000011000111001010110000101110111,-43.25698453354467,16.81478424424749,0.5071811,10010001011001100010111001010110000101110111,01001000101000011000100001111100110010010010,5.0
6,10010000011110001100011000101111010110101010,12.86857434954031,9.248854934896215,0.8070681,10010000011110001100011000101111010110101010,10011011101110001100011000001111010110001000,5.0
6,10011011111100001100011000001111010110001000,21.828537423261977,2.9972321980553147,0.7257847,10010000011110001100011000101111010110101010,10011011101110001100011000001111010110001000,5.0
6,10010000011010010010000111000010110111011010,12.820842938624125,-11.940267548624888,0.2406432,10010000011010010010000111110001011110101001,01001010100110110100100111000010110111011010,5.0
6,01001010100110110100100111110001011110101001,-41.71360533561834,-2.836156567610871,0.4762051,10010000011010010010000111110001011110101001,01001010100110110100100111000010110111011010,5.0
6,10010000011010110010000111110010001100110001,12.826946455704316,-2.695394204948954,0.6711689,10010000011010110010000111110010001100110001,10011011101110001100011000001111010110101010,5.0
6,10011011101110001101011000001111010110101010,21.65782967992537,2.9988534447797406,0.7215628,10010000011010110010000111110010001100110001,10011011101110001100011000001111010110101010,5.0
6,01110000011010110010000111110000001100010111,-12.173059504761582,-3.0872590749881397,0.8730031,01110000011010110010000111110000001100110110,10010001011001100010111001010110000100010111,5.0
6,10010001011001100010111001010111000100110110,13.593080900449962,17.00699734854635,0.7083295,01110000011010110010000111110000001100110110,10010001011001100010111001010110000100010111,5.0
6,10010000011010110010000111110001011110100010,12.826946455704316,-2.836490353701194,0.6515578,10010000011010110010000111110001011110101001,00011011001010110011001111110001011110100010,5.0
6,00011011001010010011001111110001011110101001,-78.7805506659867,97.16386727425271,0.5007371,10010000011010110010000111110001011110101001,00011011001010110011001111110001011110100010,5.0
6,10010000011010110010011101010100000100010111,12.826994139431505,66.41959343423687,0.4842564,10010000011010110010001011000010000100010111,10010001011001100010111001010110000100010111,5.0
6,10010001011001100010101011000010000100010111,13.593033216722773,37.90396163558046,0.5299741,10010000011010110010001011000010000100010111,10010001011001100010111001010110000100010111,5.0
6,10010000011010010010001111110001011110101010,12.820842938624125,97.1639149579799,0.5014712,10010000011010010010001111110001011110101001,10010000011110001100011000101111010110101010,5.0
6,10010000011110001100011000101111010110001001,12.86857434954031,9.247281371898978,0.8072434,10010000011010010010001111110001011110101001,10010000011110001100011000101111010110101010,5.0
6,00011011001000110000100010000110001111010010,-78.79933805449916,-73.78148407494642,0.4979894,00001011001000110000100010000110001111010010,11101011110111000101001100000100110010010010,5.0
6,11101011110111000101001100000100110010010010,84.26613432553634,50.93473218315415,0.4976113,00001011001000110000100010000110001111010010,11101011110111000101001100000100110010010010,5.0
6,10010001011000001000100000000110011000001010,13.575867074934735,-98.75440567836897,0.4994798,10010001011000001000100000000110011001001011,11110011100111100101010100101000011000001010,5.0
6,11110011100111100101010100101000011001001011,90.32697446989405,-42.11066773192113,0.499294,10010001011000001000100000000110011001001011,11110011100111100101010100101000011000001010,5.0
6,10010000011010010010000111110001001110101001,12.820842938624125,-2.8849847042524175,0.6484787,10010010000010110011100011111001011001001011,10010000011010010010000111110001011110101001,5.0
6,10010010000010010011100011111001011001001011,14.090660593667167,-51.2903574205297,0.5309549,10010010000010110011100011111001011001001011,10010000011010010010000111110001011110101001,5.0
6,10011011101110001100011000001111010110001000,21.657638945016615,2.9972321980553147,0.7215209,10011011101110001100011000001111010110001000,10010000011000110001101101001000100011101000,5.0
6,10010000011000110001101101001000100011101000,12.802437019929172,64.17125801354837,0.5085238,10011011101110001100011000001111010110001000,10010000011000110001101101001000100011101000,5.0
6,11101011101111001100011000001111010110101010,84.16986088034173,2.9988534447797406,0.5027696,11101011100100000001100110001010110111101010,10011011101111001100011000001111010110101010,5.0
6,10011111100100000001100110001010110111101010,24.658518948201888,-22.8770072166937,0.4704666,11101011100100000001100110001010110111101010,10011011101111001100011000001111010110101010,5.0
6,10010001011001100010111001000110000100010111,13.593080900449962,13.685205861379117,0.6695474,10010001011001100010111001010110000101110111,10010001011001100010111001010110000100010111,5.0
6,10010001011001100010111011010110000101110111,13.593080900449962,41.814790204713404,0.5580914,10010001011001100010111001010110000101110111,10010001011001100010111001010110000100010111,5.0
6,11001011100010110011100011111010010100000110,59.018649820959524,-51.11054208529999,0.505918,11001011100010110011100011111001001000010110,10011011101110001100011011000010010100000111,5.0
6,10011011101110001100011011000001001000010110,21.657638945016615,37.720808439447495,0.5336811,11001011100010110011100011111001001000010110,10011011101110001100011011000010010100000111,5.0
6,01001000101010110010000111110001011110101001,-43.22775440877781,-2.836156567610871,0.5148072,01001000101000011001101101000010010100000111,10010000011010110010000111110001011110101001,5.0
6,10010000011000011001101101000010010100000111,12.797859382119029,62.952032793052865,0.4819775,01001000101000011001101101000010010100000111,10010000011010110010000111110001011110101001,5.0
6,10010001011000110010000111110000001100110110,13.583782573648108,-3.085780879445281,0.1790154,10010001011001100010111001010110000101001000,01110000011010110010000111110000001100110110,5.0
6,01110000011011100010111001010110000101001000,-12.163761177959728,16.81254310906961,0.3073059,10010001011001100010111001010110000101001000,01110000011010110010000111110000001100110110,5.0
6,01110000011010110010000111110010001000010110,-12.173059504761582,-2.70888869974344,0.867651,01110000011010110010000111110000001100110110,10010000010000110010010000000110001000010110,5.0
6,10010000010000110010010000000100001100110110,12.704923797827675,-99.17955378998609,0.5019413,01110000011010110010000111110000001100110110,10010000010000110010010000000110001000010110,5.0
6,10010001011001100010111011010110010100000111,13.593080900449962,41.85827776390977,0.5578795,10010001011001100010111001010110000101001010,01001000101000011010101011000010010100000111,5.0
6,01001000101000011010101011000010000101001010,-43.256650747454344,37.9063935056671,0.4904372,10010001011001100010111001010110000101001010,01001000101000011010101011000010010100000111,5.0
6,10011011101000110010000101010101011110101001,21.59159698285984,-33.30491383192869,0.4498622,10011011101000110010000101010101100001100010,00100000011010010010000111110001011110101001,5.0
6,00100000011010010010000111110001100001100010,-74.67917792300652,-2.827335078080907,0.5027377,10011011101000110010000101010101100001100010,00100000011010010010000111110001011110101001,5.0
6,10010000011010010010000111110100110010010010,12.820842938624125,-2.190280482835888,0.732931,10010000011010010010000111110001011110101001,10010010001000011000100001110100110010010010,5.0
6,10010010001000011000100001110001011110101001,14.16485647317326,-77.83617444900857,0.5038805,10010000011010010010000111110001011110101001,10010010001000011000100001110100110010010010,5.0
6,10010001011001100010111001010110000101110111,13.593080900449962,16.81478424424749,0.6717026,10010001011001100010111001010110000101110111,01110000011010110010000111110000001100110110,5.0
6,01110000011010110010000111110000001100110110,-12.173059504761582,-3.085780879445281,0.8730046,10010001011001100010111001010110000101110111,01110000011010110010000111110000001100110110,5.0
6,01000010010100010100000000001111010110001010,-48.18953232515629,-97.0026962763539,0.4969471,01000010010100010100000000101001111100010111,10011011101110001100011000001111010110101010,5.0
6,10011011101110001100011000101011111100010111,21.657638945016615,8.582665582338706,0.3188826,01000010010100010100000000101001111100010111,10011011101110001100011000001111010110101010,5.0
6,10010000010000110000000111110010001100110001,12.704494644282974,-2.695394204948954,0.7438569,10010000011000110001101101001000100011101000,10010000011010110010000111110010001100110001,5.0
6,10010000011010110011101101001000100011101000,12.82723255806745,64.17125801354837,0.5086744,10010000011000110001101101001000100011101000,10010000011010110010000111110010001100110001,5.0
6,11010000011000110001101101001000100011101000,62.802448940860984,64.17125801354837,0.4946791,11001011101000011000100001110100110010010010,10010000011000110001101101001000100011101000,5.0
6,10001011101000011000100001110100110010010010,9.086730262453614,-77.19029836423358,0.4993726,11001011101000011000100001110100110010010010,10010000011000110001101101001000100011101000,5.0
6,10010001011001100010111001010110000101110111,13.593080900449962,16.81478424424749,0.6717026,10010001011001100010111001010110000111001001,10010001011001100010111001010110000101110111,5.0
6,10010001011001100010111001010110000111001001,13.593080900449962,16.81869430987699,0.6726189,10010001011001100010111001010110000111001001,10010001011001100010111001010110000101110111,5.0
6,10010000011000110010010111110000100010110111,12.80258007111074,-3.018594507835985,0.6402602,10010000011000110010010111110000100010110111,10010000011010110010000111110010001100110001,5.0
6,10010000011010110110000111110010001100110001,12.82770939533934,-2.695394204948954,0.6706831,10010000011000110010010111110000100010110111,10010000011010110010000111110010001100110001,5.0
6,10010001011001100010111001110000100010110111,13.593080900449962,21.981411452629914,0.5262628,10010001011001100010111001010110000100010111,10010000011000110010010111110000100010110111,5.0
6,10010000011000110010010111010110000100010111,12.80258007111074,-8.189799354028551,0.6727073,10010001011001100010111001010110000100010111,10010000011000110010010111110000100010110111,5.0
6,01000010010100010100000010100110001000010110,-48.18953232515629,-67.55265415970186,0.493126,01000010010100010100000010101111101111111000,10010000010000110010010000000110001000010110,5.0
6,10010000010000110010010000001111101111111000,12.704923797827675,-96.92420886140081,0.50335,01000010010100010100000010101111101111111000,10010000010000110010010000000110001000010110,5.0
6,10010100011010110010000111110000001100110110,15.951947200762561,-3.085780879445281,0.6476695,10010000011010110001111111001100101111100110,01110000011010110010000111110000001100110110,5.0
6,01110000011010110001111111001101101111100110,-12.173107188488771,90.18435244187174,0.5056792,10010000011010110001111111001100101111100110,01110000011010110010000111110000001100110110,5.0
6,10001011101111001100011000001110010110101010,9.169842998944048,2.8035408982135976,0.8969688,10011011101111001100011000001110010110101010,00100110101000110010010111110000001100110110,5.0
6,00100110101000110010010111110000001100110110,-69.8146271263664,-3.085780879445281,0.5005097,10011011101111001100011000001110010110101010,00100110101000110010010111110000001100110110,5.0
6,10010001011001101010111001010110000101110111,13.59460677972001,16.81478424424749,0.6719924,10010001011001100010111001010110000101110111,10010001011001100010111001010110010100000111,5.0
6,10010001011001100010111001010110010100000111,13.593080900449962,16.858271803443856,0.6815146,10010001011001100010111001010110000101110111,10010001011001100010111001010110010100000111,5.0
6,10011011101111001100011000001110010110101010,21.669845979176998,2.8035408982135976,0.7200503,10011011101111001100011000001110010110101010,11001011101000011000100001110100110010010010,5.0
6,11001011100000011000100001110100110010010010,58.98908591010235,-77.19029836423358,0.5040717,10011011101111001100011000001110010110101010,11001011101000011000100001110100110010010010,5.0
6,10010000011000110010010111110000100010110111,12.80258007111074,-3.018594507835985,0.6402602,10010000011110001100011000101111010110101010,10010000011000110010010111110000100010110111,5.0
6,10010000011110001100001000101111010110101010,12.868526665813121,9.248854934896215,0.8070755,10010000011110001100011000101111010110101010,10010000011000110010010111110000100010110111,5.0
6,10010000011010110010000111110000001100110110,12.826946455704316,-3.085780879445281,0.6133267,10010001011001100010111001010110000101001000,01110000011010110010000111110000001100110110,5.0
6,01110001011001100010111001010110000101001000,-11.406925060015936,16.81254310906961,0.2548273,10010001011001100010111001010110000101001000,01110000011010110010000111110000001100110110,5.0
6,10011001011001100010111001010110010101110111,19.843082390566437,16.863612380889023,0.4568388,10010001011001100010111001010110000101110111,10010001011001100010111001010110000101110111,5.0
6,10010001011001100010111001010110000101110111,13.593080900449962,16.81478424424749,0.6717026,10010001011001100010111001010110000101110111,10010001011001100010111001010110000101110111,5.0
6,01001000101000011010101011110000001100110110,-43.256650747454344,46.91423104148652,0.4925884,01001000101000011010101011001001001000111010,01110000011010110010000111110000001100110110,5.0
6,01110000011010110010000111001001001000111010,-12.173059504761582,-10.714986494776369,0.6645099,01001000101000011010101011001001001000111010,01110000011010110010000111110000001100110110,5.0
6,00100110101000110010010111110000001100110110,-69.8146271263664,-3.085780879445281,0.5005097,00100110101000110010010111110000001100110110,11001011101000011001101101001001001100111011,5.0
6,11001011101000011001101101001001001100111011,59.08693291829417,64.29728610450891,0.5019138,00100110101000110010010111110000001100110110,11001011101000011001101101001001001100111011,5.0
7,00011011011001100010111001010101100001000111,-78.59444107876803,16.702632117898972,0.4920143,00011011001010010011001111110001011110101001,10010001011001100010111001010101100001000111,6.0
7,10010001001010010011001111110001011110101001,13.40697131323131,97.16386727425271,0.5007962,00011011001010010011001111110001011110101001,10010001011001100010111001010101100001000111,6.0
7,10010000011000011001101101000010010100000111,12.797859382119029,62.952032793052865,0.4819775,10010000011000011001101101000010010100000111,10010000011010110010000111110010001100110001,6.0
7,10010000011010110010000111110010001100110001,12.826946455704316,-2.695394204948954,0.6711689,10010000011000011001101101000010010100000111,10010000011010110010000111110010001100110001,6.0
7,01110000011010110010101011000010000100010111,-12.172964137307204,37.90396163558046,0.4648335,01110000011010110010000111110000001100110110,10010001011001100010101011000010000100010111,6.0
7,10010001011001100010000111110000001100110110,13.592937849268395,-3.085780879445281,0.176679,01110000011010110010000111110000001100110110,10010001011001100010101011000010000100010111,6.0
7,10001011101111001100011000001110010110101010,9.169842998944048,2.8035408982135976,0.8969688,10001011101111001100011000001110010110101010,10010001011001100010111001010110010100100010,6.0
7,10010001011001100010111001010110010100100010,13.593080900449962,16.85955926407796,0.6817922,10001011101111001100011000001110010110101010,10010001011001100010111001010110010100100010,6.0
7,10001011111010110010000111110000001100110110,9.3113206175138,-3.085780879445281,0.7989711,10001011101000011000100001110100110010010010,01110000011010110010000111110000001100110110,6.0
7,01110000001000011000100001110100110010010011,-12.397649859821769,-77.1902506805064,0.5074278,10001011101000011000100001110100110010010010,01110000011010110010000111110000001100110110,6.0
7,01110000011010110010000111110001011110101010,-12.173059504761582,-2.836108883883682,0.8706282,01110000011010110010000111110000001100110110,10010000011010010010001111110001011110101010,6.0
7,10010000011010010010001111110000001100110110,12.820842938624125,96.91424296241831,0.5033178,01110000011010110010000111110000001100110110,10010000011010010010001111110001011110101010,6.0
7,10010000011110001100011000101111010110101010,12.86857434954031,9.248854934896215,0.8070681,10010000011110001100011000101111010110101010,00100110101000110010010111110000001100110110,6.0
7,00100110101010110010010111110000001100110110,-69.79021305804564,-3.085780879445281,0.5012144,10010000011110001100011000101111010110101010,00100110101000110010010111110000001100110110,6.0
7,10010000011110001010111011010110000101110111,12.868288247177176,41.814790204713404,0.5526434,10010000011110001100011000101111010110101010,10010000011001100010111001010110000101110111,6.0
7,10010000011001100100011000101111010110101010,12.812116816548539,9.248854934896215,0.814556,10010000011110001100011000101111010110101010,10010000011001100010111001010110000101110111,6.0
7,10011010101110001101011000001111010110101010,20.876579493660813,2.9988534447797406,0.4454497,10011011101110001101011000001111010110101010,10010000011000110010010111110000100010110111,6.0
7,10010000011000110010010111110000100010110111,12.80258007111074,-3.018594507835985,0.6402602,10011011101110001101011000001111010110101010,10010000011000110010010111110000100010110111,6.0
7,01110000011010110010000111110000001100010111,-12.173059504761582,-3.0872590749881397,0.8730031,01110000011010110010000111110000001100010111,10010000011110001100011000101111010110001001,6.0
7,10010000011110001100011000101111010110001001,12.86857434954031,9.247281371898978,0.8072434,01110000011010110010000111110000001100010111,10010000011110001100011000101111010110001001,6.0
7,10010000011000110010010111010110000100010111,12.80258007111074,-8.189799354028551,0.6727073,10010000011000110010010111010110000100010111,10010001011001100010100011101001101010000010,6.0
7,11010001011001100010100011101001101010000010,63.59304513765457,-54.36390742395101,0.4946794,10010000011000110010010111010110000100010111,10010001011001100010100011101001101010000010,6.0
7,10010000010000110010010000000111101111111000,12.704923797827675,-98.48670923392993,0.4967182,10010000010000110010010000001111101111111000,01110000011010110010000111110000001100110110,6.0
7,01110100011010110010000110110000001100110110,-9.048058759703338,-15.58578385967823,0.4758744,10010000010000110010010000001111101111111000,01110000011010110010000111110000001100110110,6.0
7,01110000011010110010010000001101101111111000,-12.173011821034393,-97.31483395453309,0.5008944,01110000011010110010000111110010001000010110,10010000010000110010010000001111101111111000,6.0
7,10010000010000110010000111110010001000010110,12.704876114100486,-2.70888869974344,0.7420809,01110000011010110010000111110010001000010110,10010000010000110010010000001111101111111000,6.0
7,10011011101111001100001101000010010100000111,21.66979829544981,62.952032793052865,0.5060167,10011011101111001100011000001111010110101010,10010000011000011001101101000010010100000111,6.0
7,10010000011000011001111000001111010110101010,12.797907065846218,2.9988534447797406,0.6463746,10011011101111001100011000001111010110101010,10010000011000011001101101000010010100000111,6.0
7,10011000011010010010000111110110001111010001,19.0708444287406,-1.9065146223341571,0.7156709,11101011101111001100011000001111010110101010,10011000011010010010000111110110001111010001,6.0
7,11101011101111001100011000001111010110101010,84.16986088034173,2.9988534447797406,0.5027696,11101011101111001100011000001111010110101010,10011000011010010010000111110110001111010001,6.0
7,00100000011010011010000111110001100001100010,-74.67765204373647,-2.827335078080907,0.5027037,00100000011010010010000111110001100001100010,10001011101000011000100001110100110010010010,6.0
7,10001011101000011000100001110100110010010010,9.086730262453614,-77.19029836423358,0.4993726,00100000011010010010000111110001100001100010,10001011101000011000100001110100110010010010,6.0
7,10010000011110001100001011001001001000111010,12.868526665813121,39.28502542615544,0.5370106,10010000011110001100001000101111010110101010,10011011101000011010101011001001001000111010,6.0
7,10011011101000011010101000101111010110101010,21.587114712504075,9.248854934896215,0.2947528,10010000011110001100001000101111010110101010,10011011101000011010101011001001001000111010,6.0
7,01110000011010110110000110001111010110001010,-12.172296565126558,-22.002678394956206,0.6876047,01110000011010110010000111110000001100110110,01000010010100010100000000001111010110001010,6.0
7,01000010010100010100000001110000001100110110,-48.18953232515629,-78.08579876084298,0.5014822,01110000011010110010000111110000001100110110,01000010010100010100000000001111010110001010,6.0
7,10010100011010110010000111110000001100110110,15.951947200762561,-3.085780879445281,0.6476695,10010100011010110010000111110000001100110110,10010000011010110010000111110000001100110110,6.0
7,10010000011010110010000111110000001100110110,12.826946455704316,-3.085780879445281,0.6133267,10010100011010110010000111110000001100110110,10010000011010110010000111110000001100110110,6.0
7,10010000011010110010001111110000001100110110,12.826946455704316,96.91424296241831,0.5033129,10010000011010110010000111110010001100110001,10010000011010110010000111110000001100110110,6.0
7,10010000011010110010000111110010001100110001,12.826946455704316,-2.695394204948954,0.6711689,10010000011010110010000111110010001100110001,10010000011010110010000111110000001100110110,6.0
7,10000001011001101100011011000001001000010110,1.0948899018501947,37.720808439447495,0.5848508,10010001011001100010111001010101100001000111,10011011101110001100011011000001001000010110,6.0
7,10011011101110000010111001010101100001000111,21.655826963383433,16.702632117898972,0.4547087,10010001011001100010111001010101100001000111,10011011101110001100011011000001001000010110,6.0
7,10010000011010110110000111110010001101110001,12.82770939533934,-2.6923424464088583,0.6710912,10010000011010110110000111110010001100110001,10010000010000110000000111110010001100110001,6.0
7,10010000010000110000000111110010001100110001,12.704494644282974,-2.695394204948954,0.7438569,10010000011010110110000111110010001100110001,10010000010000110000000111110010001100110001,6.0
7,10010000011110001100001000101111010110101010,12.868526665813121,9.248854934896215,0.8070755,10010000011110001100001000101111010110101010,10010001011001100010111001010111000100110110,6.0
7,10010001011001100010111001010111000100110110,13.593080900449962,17.00699734854635,0.7083295,10010000011110001100001000101111010110101010,10010001011001100010111001010111000100110110,6.0
7,10010000011010010010000111110001001110101001,12.820842938624125,-2.8849847042524175,0.6484787,10010001011001100010111001010110000101110111,10010000011010010010000111110001001110101001,6.0
7,10010001011001100010111001010110000101110111,13.593080900449962,16.81478424424749,0.6717026,10010001011001100010111001010110000101110111,10010000011010010010000111110001001110101001,6.0
7,11110000011010110010000111110000001100110110,87.82696433710203,-3.085780879445281,0.5064797,11101011100100000001100110001010110111101010,01110000011010110010000111110000001100110110,6.0
7,01101011100100000001100110001010110111101010,-15.966490737555205,-22.8770072166937,0.6153544,11101011100100000001100110001010110111101010,01110000011010110010000111110000001100110110,6.0
7,10010000011000110010010111110000100010110111,12.80258007111074,-3.018594507835985,0.6402602,10010000011000110010010111110000100010110111,01001000101110001100011000001111010110001000,6.0
7,01001000101110001100011000000111010110001000,-43.18612651494181,1.4347318255261996,0.5015878,10010000011000110010010111110000100010110111,01001000101110001100011000001111010110001000,6.0
7,10010000000000110000000111110010001100110001,12.509182097716831,-2.695394204948954,0.8308467,10010000010000110000000111110010001100110001,01110000011010110010000111110000001100110110,6.0
7,01110000011010110010000111110000001100111110,-12.173059504761582,-3.085399409627769,0.873005,10010000010000110000000111110010001100110001,01110000011010110010000111110000001100110110,6.0
7,10010000011110001100011000100110010101110111,12.86857434954031,7.488610145714318,0.4774641,10010000011110001100011000101111010110001001,10011001011001100010111001010110010101110111,6.0
7,10011001011001100010111001011111010110001001,19.843082390566437,18.622283607073683,0.4134181,10010000011110001100011000101111010110001001,10011001011001100010111001010110010101110111,6.0
7,10010000011110001100011000101111010110010111,12.86857434954031,9.247948944079624,0.8071692,10010000011110001100011000101111010110001001,01110000011010110010000111110000001100010111,6.0
7,01110000011010110010000111110000001100001001,-12.173059504761582,-3.0879266471687856,0.8730024,10010000011110001100011000101111010110001001,01110000011010110010000111110000001100010111,6.0
7,01110000011010110010000110110000001100010111,-12.173059504761582,-15.587262055221089,0.42738,01110000011010110010000111110010001000010110,01110000011010110010000111110000001100010111,6.0
7,01110000011010110010000111110010001000010110,-12.173059504761582,-2.70888869974344,0.867651,01110000011010110010000111110010001000010110,01110000011010110010000111110000001100010111,6.0
7,01110000011000110010010111110000100010110111,-12.19742588935516,-3.018594507835985,0.8729368,01110000011010110010000111110000001100110110,10010000011000110010010111110000100010110111,6.0
7,10010000011010110010000111110000001100110110,12.826946455704316,-3.085780879445281,0.6133267,01110000011010110010000111110000001100110110,10010000011000110010010111110000100010110111,6.0
7,10011011101110001100011011000001001000010110,21.657638945016615,37.720808439447495,0.5336811,10010001011001100010111001010110000101110111,10011011101110001100011011000001001000010110,6.0
7,10011001011001100010111001010110000101110111,19.843082390566437,16.81478424424749,0.4677368,10010001011001100010111001010110000101110111,10011011101110001100011011000001001000010110,6.0
7,11010000011001100010111001010111000100110110,62.811842635117216,17.00699734854635,0.4958574,11010000011000110001101101001000100011101000,10010001011001100010111001010111000100110110,6.0
7,10010001011000110001101101001000100011101000,13.58368720619373,64.17125801354837,0.5128838,11010000011000110001101101001000100011101000,10010001011001100010111001010111000100110110,6.0
7,00011001011000100010111011010110010100000111,-80.16914848545754,41.85827776390977,0.5013896,00011011001000110000100010000110001111010010,10010001011001100010111011010110010100000111,6.0
7,10010011001000110000100010000110001111010010,14.95068429724796,-73.78148407494642,0.5109404,00011011001000110000100010000110001111010010,10010001011001100010111011010110010100000111,6.0
7,01110000111010110010000111110000001100010111,-11.782434411629296,-3.0872590749881397,0.7715729,01110000011010110010000111110000001100010111,10011001011001100010111001010110010101110111,6.0
7,10011001011001100010111001010110010101110111,19.843082390566437,16.863612380889023,0.4568388,01110000011010110010000111110000001100010111,10011001011001100010111001010110010101110111,6.0
7,10010000011110001100001000101111010110101010,12.868526665813121,9.248854934896215,0.8070755,10010000011110001100001000101111010110101010,10010001011001100010111011010110010100000111,6.0
7,10010001011001100010111011010110010100000111,13.593080900449962,41.85827776390977,0.5578795,10010000011110001100001000101111010110101010,10010001011001100010111011010110010100000111,6.0
7,10001011101111101100111000001110010110101010,9.176041883478618,2.8035408982135976,0.8952564,10001011101111001100011000001110010110101010,10010001011001100010111001010101100001000111,6.0
7,10010001011001100010111001010101100001000111,13.593080900449962,16.702632117898972,0.642748,10001011101111001100011000001110010110101010,10010001011001100010111001010101100001000111,6.0
7,11001010011001110001101101001000100011101000,58.12715485743399,64.17125801354837,0.4935672,11001011100000011000100001110100110010010010,11010000011000110001101101001000100011101000,6.0
7,11010001100000011000100001010100110010010010,63.67658702768969,-83.44029985435006,0.497072,11001011100000011000100001110100110010010010,11010000011000110001101101001000100011101000,6.0
7,01110011101000011100100001110100110010010010,-9.662511268260786,-77.19029836423358,0.5007694,01110000011010110010000111110000001100110110,11001011101000011100100001110100110010010010,6.0
7,11001000011010110010000111110000001100110110,56.57695688651964,-3.085780879445281,0.5274945,01110000011010110010000111110000001100110110,11001011101000011100100001110100110010010010,6.0
7,01001000101010110010000111110001011110101010,-43.22775440877781,-2.836108883883682,0.5148069,01001000101010110010000111110001011110101001,10011011101110001101011000001111010110101010,6.0
7,10011011101110001101011000001111010110101001,21.65782967992537,2.9988057610525516,0.7215621,01001000101010110010000111110001011110101001,10011011101110001101011000001111010110101010,6.0
7,10010010001000011000100000001110010110101010,14.16485647317326,-97.19648294365,0.4995734,10010010001000011000100001110001011110101001,10001011101111001100011000001110010110101010,6.0
7,10001011101111001100011001110001011110101001,9.169842998944048,22.163849392855028,0.3667035,10010010001000011000100001110001011110101001,10001011101111001100011000001110010110101010,6.0
7,10011001011001100010111001010101100001000111,19.843082390566437,16.702632117898972,0.4932755,10010001011001100010111001010101100001000111,10001011101111001100011000001110010110101010,6.0
7,10001011101111001100011000001110010110101010,9.169842998944048,2.8035408982135976,0.8969688,10010001011001100010111001010101100001000111,10001011101111001100011000001110010110101010,6.0
7,10010000011010010010001111110001011110110110,12.820842938624125,97.16448716270617,0.5014664,10010000011010010010001111110001011110101010,01110000011010110010000111110010001000010110,6.0
7,01110001011010110000000111110010001000001010,-11.392190788314537,-2.709460904469708,0.4452667,10010000011010010010001111110001011110101010,01110000011010110010000111110010001000010110,6.0
7,10011011101110001101011000001111010110101110,21.65782967992537,2.9990441796884966,0.7215655,10011011101110001101011000001111010110101010,01110000011010110010000111110000001100110110,6.0
7,01110010011010110010000111110000001100110010,-10.610559132232453,-3.0859716143540368,0.1052673,10011011101110001101011000001111010110101010,01110000011010110010000111110000001100110110,6.0
7,01110000011010110010000111110000001100010111,-12.173059504761582,-3.0872590749881397,0.8730031,01110000011010110010000111110000001100110110,01110000011010110010000111110000001100010111,6.0
7,01110000011010110010000111110000001100110110,-12.173059504761582,-3.085780879445281,0.8730046,01110000011010110010000111110000001100110110,01110000011010110010000111110000001100010111,6.0
7,10010000011110001100011000101111001100110110,12.86857434954031,9.218909554221526,0.8102255,10010000011110001100011000101111010110101010,01110000011010110010000111110000001100110110,6.0
7,01110000011010110010000111110000010110101010,-12.173059504761582,-3.055835498770591,0.8729925,10010000011110001100011000101111010110101010,01110000011010110010000111110000001100110110,6.0
7,10010000011010110010000111110001011110100010,12.826946455704316,-2.836490353701194,0.6515578,10010000011010110010000111110001011110100010,10010001011001100010100001111100110010010010,6.0
7,10010001011001100010100001111100110010010010,13.593033216722773,-75.62779799170445,0.4898602,10010000011010110010000111110001011110100010,10010001011001100010100001111100110010010010,6.0
7,10010000011010110010000111110010000100010111,12.826946455704316,-2.721048050176634,0.667713,10010000011010110010000111110010000100010111,10010001011001100010111001010110000101110111,6.0
7,10010001011001000010111001010110000101110111,13.58697738336977,16.81478424424749,0.670537,10010000011010110010000111110010000100010111,10010001011001100010111001010110000101110111,6.0
7,10010001001001100010111001010110000101110111,13.397768353883833,16.81478424424749,0.6296962,10010000010000110000000111110010001100110001,10010001011001100010111001010110000101110111,6.0
7,10010000010000110000000111110010001100110001,12.704494644282974,-2.695394204948954,0.7438569,10010000010000110000000111110010001100110001,10010001011001100010111001010110000101110111,6.0
7,10010000011010010010000111001001001000111010,12.820842938624125,-10.714986494776369,0.3723596,10010000011010010010001111110001011110101010,01110000011010110010000111001001001000111010,6.0
7,01110000011010110010001111110001011110101010,-12.173059504761582,97.1639149579799,0.5021479,10010000011010010010001111110001011110101010,01110000011010110010000111001001001000111010,6.0
8,01110000011010110010000111110000001110101001,-12.173059504761582,-3.080297250818546,0.8730084,01110000011010110010000111110000010110101010,10010000011010010010000111110001001110101001,7.0
8,10010000011010010010000111110001010110101010,12.820842938624125,-2.860522952204448,0.6520567,01110000011010110010000111110000010110101010,10010000011010010010000111110001001110101001,7.0
8,10010000011010110010000111110010000100010111,12.826946455704316,-2.721048050176634,0.667713,10010000011010110010000111110010000100010111,10011011101110001101011000001111010110101110,7.0
8,10011011101110001101011000001111010110101110,21.65782967992537,2.9990441796884966,0.7215655,10010000011010110010000111110010000100010111,10011011101110001101011000001111010110101110,7.0
8,01110100011010110010000111110000001100110110,-9.048058759703338,-3.085780879445281,0.9045606,01110000011010110010000111110000001100110110,10010000010000110000000111110010001100110001,7.0
8,10010000010000110000000011110010001100110001,12.704494644282974,-52.69540612588075,0.4991758,01110000011010110010000111110000001100110110,10010000010000110000000111110010001100110001,7.0
8,11001000011010110010000111110000001100110110,56.57695688651964,-3.085780879445281,0.5274945,11001000011010110010000111110000001100110110,01110000011010110010000111110001011110101010,7.0
8,01110000011010110010000111110001011110101010,-12.173059504761582,-2.836108883883682,0.8706282,11001000011010110010000111110000001100110110,01110000011010110010000111110001011110101010,7.0
8,10010000010110110010000111110001011110101010,12.778118319062784,-2.836108883883682,0.6827816,10010000011110001010111011010110000101110111,01110000011010110010000111110001011110101010,7.0
8,01110000011010001010111011010110000101100111,-12.180545849930255,41.81402726507838,0.5388508,10010000011110001010111011010110000101110111,01110000011010110010000111110001011110101010,7.0
8,10010000011110001100001000101111010110101010,12.868526665813121,9.248854934896215,0.8070755,10010000011110001100011000101111010110001001,10010000011110001100001000101111010110101010,7.0
8,10010000011110001100011000101111010110011001,12.86857434954031,9.248044311534002,0.8071585,10010000011110001100011000101111010110001001,10010000011110001100001000101111010110101010,7.0
8,10010000011110000100011000101111010110110110,12.867048470270262,9.249427139622483,0.8072409,10010000011110001100011000101111010110101010,10010000011010110010001111110000001100110110,7.0
8,10010000011010110010001111110000001100101010,12.826946455704316,96.91367075769205,0.5033164,10010000011110001100011000101111010110101010,10010000011010110010001111110000001100110110,7.0
8,01110000011010110010000111110000010110101010,-12.173059504761582,-3.055835498770591,0.8729925,01110000011010110010000111110000010110101010,01110000011010110010000111110001011110101010,7.0
8,01110000011010110010000111110001011110101010,-12.173059504761582,-2.836108883883682,0.8706282,01110000011010110010000111110000010110101010,01110000011010110010000111110001011110101010,7.0
8,10001011101111001100011000001110010110101001,9.169842998944048,2.8034932144864086,0.8969728,10001011101111001100011000001110010110101010,10011011101110001101011000001111010110101001,7.0
8,10011011101110001101011000001111010110101010,21.65782967992537,2.9988534447797406,0.7215628,10001011101111001100011000001110010110101010,10011011101110001101011000001111010110101001,7.0
8,10010001011001000010111001010110000101110111,13.58697738336977,16.81478424424749,0.670537,10010001011001000010111001010110000101110111,10001011101111101100111000001110010110101010,7.0
8,10001011101111101100111000001110010110101010,9.176041883478618,2.8035408982135976,0.8952564,10010001011001000010111001010110000101110111,10001011101111101100111000001110010110101010,7.0
8,10001011101111001100011000001110010110101010,9.169842998944048,2.8035408982135976,0.8969688,10001011101111001100011000001110010110101010,10010001011001100010111001010111000100110110,7.0
8,10010001011001100010111001010111000100110110,13.593080900449962,17.00699734854635,0.7083295,10001011101111001100011000001110010110101010,10010001011001100010111001010111000100110110,7.0
8,01110100011010110010000110110000001100110110,-9.048058759703338,-15.58578385967823,0.4758744,01110000111010110010000111110000001100010111,01110100011010110010000110110000001100110110,7.0
8,01110000111010110010000111010000001100010111,-11.782434411629296,-9.337260565104614,0.5732879,01110000111010110010000111110000001100010111,01110100011010110010000110110000001100110110,7.0
8,10000011101111001100011011110000100010110111,2.9198415088275738,46.98141741309581,0.5480906,10001011101111001100011000001110010110101010,10010000011000110010010111110000100010110111,7.0
8,10010000011000110010010100001110010110101010,12.80258007111074,-47.1964710227182,0.4602143,10001011101111001100011000001110010110101010,10010000011000110010010111110000100010110111,7.0
8,10010000011000110010000110001111010110001010,12.80253238738355,-22.002678394956206,0.6468784,10010000011000110010010111010110000100010111,01110000011010110110000110001111010110001010,7.0
8,01110000011010110110010111010110000100010111,-12.17224888139937,-8.189799354028551,0.3367156,10010000011000110010010111010110000100010111,01110000011010110110000110001111010110001010,7.0
8,10010001011001101010111011010110001100110001,13.59460677972001,41.83586641213094,0.5580358,10010001011001100010111011010110010100000111,10010000011010110010000111110010001100110001,7.0
8,10010000011010110000000111110010010100000111,12.826564985886804,-2.672982853170126,0.6743899,10010001011001100010111011010110010100000111,10010000011010110010000111110010001100110001,7.0
8,11001010011001110001101101001000100011101000,58.12715485743399,64.17125801354837,0.4935672,11001010011001110001101101001000100011101000,10010000011010110010000111110000001100110110,7.0
8,10010000011010110010000111110000001100110100,12.826946455704316,-3.085876246899659,0.6133112,11001010011001110001101101001000100011101000,10010000011010110010000111110000001100110110,7.0
8,10010000011010110110000111110010001101110001,12.82770939533934,-2.6923424464088583,0.6710912,10010000011010110110000111110010001101110001,10010000011110001100011000101111010110010111,7.0
8,10010000011110001100011000101111010110010111,12.86857434954031,9.247948944079624,0.8071692,10010000011010110110000111110010001101110001,10010000011110001100011000101111010110010111,7.0
8,10010000011010010010000111001001001000111010,12.820842938624125,-10.714986494776369,0.3723596,10010000011010010010000111001001001000111010,00100110101010110010010111110000001100110110,7.0
8,00100110101010110010010111110000001100110110,-69.79021305804564,-3.085780879445281,0.5012144,10010000011010010010000111001001001000111010,00100110101010110010010111110000001100110110,7.0
8,10010000011000100010010111110000100010110111,12.799528312570644,-3.018594507835985,0.6422681,10010000011000110010010111110000100010110111,01110000011010110010000111110000010110101010,7.0
8,01110000011010110010000111110000010110101010,-12.173059504761582,-3.055835498770591,0.8729925,10010000011000110010010111110000100010110111,01110000011010110010000111110000010110101010,7.0
8,01101011100100000001100110001010110111101010,-15.966490737555205,-22.8770072166937,0.6153544,01101011100100000001100110001010110111101010,10010000011110001100011000101111010110101010,7.0
8,10010000011110001100011000101111010110101010,12.86857434954031,9.248854934896215,0.8070681,01101011100100000001100110001010110111101010,10010000011110001100011000101111010110101010,7.0
8,10001011101111101100111000001110010110101010,9.176041883478618,2.8035408982135976,0.8952564,10010001011001100010111001010110000101110111,10001011101111101100111000001110010110101010,7.0
8,10010001011001100010111001010110000101110111,13.593080900449962,16.81478424424749,0.6717026,10010001011001100010111001010110000101110111,10001011101111101100111000001110010110101010,7.0
8,10010000011010110010000111110001011110100010,12.826946455704316,-2.836490353701194,0.6515578,10010000011010110010000111110001011110100010,10010000011000110010010111110000100010110111,7.0
8,10010000011000110010010111110000100010110111,12.80258007111074,-3.018594507835985,0.6402602,10010000011010110010000111110001011110100010,10010000011000110010010111110000100010110111,7.0
8,10010000010000110000010111110010001100110001,12.704542328010163,-2.695394204948954,0.7438309,10010000010000110000000111110010001100110001,10010000011110001100011000101111001100110110,7.0
8,10010000011110001100011000101111001100110110,12.86857434954031,9.218909554221526,0.8102255,10010000010000110000000111110010001100110001,10010000011110001100011000101111001100110110,7.0
8,10010001001010010011001111110001011110101001,13.40697131323131,97.16386727425271,0.5007962,10010001001010010011001111110001011110101001,01001000101110001100011000000111010110001000,7.0
8,01001000101110001100011000000111010110001000,-43.18612651494181,1.4347318255261996,0.5015878,10010001001010010011001111110001011110101001,01001000101110001100011000000111010110001000,7.0
8,10010000011110001100011100101111010110101010,12.86857434954031,59.248866855828,0.4930415,10010000011110001100011000101111010110010111,10010000011110001100001000101111010110101010,7.0
8,10010000011110001100001000101111010110010111,12.868526665813121,9.247948944079624,0.8071765,10010000011110001100011000101111010110010111,10010000011110001100001000101111010110101010,7.0
8,10011011101111001100011000001110010110101010,21.669845979176998,2.8035408982135976,0.7200503,10011011101000011010101000101111010110101010,10001011101111001100011000001110010110101010,7.0
8,10001011101000011010101000101111010110101010,9.087111732271126,9.248854934896215,0.7554976,10011011101000011010101000101111010110101010,10001011101111001100011000001110010110101010,7.0
8,10011011101110001101011000001111010010010011,21.65782967992537,2.9855496848940106,0.7213763,10011011101110001101011000001111010110101110,01110000001000011000100001110100110010010011,7.0
8,01110000001000011000100001110100110110101110,-12.397649859821769,-77.17675618571191,0.5072556,10011011101110001101011000001111010110101110,01110000001000011000100001110100110010010011,7.0
8,01010000011000110010010111110000100010110111,-37.19743184982106,-3.018594507835985,0.5633732,01110000011000110010010111110000100010110111,10010001011001100010100001111100110010010010,7.0
8,10010001011001100010100001111100110010010010,13.593033216722773,-75.62779799170445,0.4898602,01110000011000110010010111110000100010110111,10010001011001100010100001111100110010010010,7.0
8,10010000010000110000000111110010001100110001,12.704494644282974,-2.695394204948954,0.7438569,10010000010000110000000111110010001100110001,10010001011001100010111001010110010100100010,7.0
8,10010001011001100010111001010110010110100010,13.593080900449962,16.86566278115815,0.6830978,10010000010000110000000111110010001100110001,10010001011001100010111001010110010100100010,7.0
8,01110000011010110010000111110010000100010111,-12.173059504761582,-2.721048050176634,0.8679803,01110000011010110010000111110010001000010110,10010000011010110010000111110010000100010111,7.0
8,10010000011010110010000111110010001000010110,12.826946455704316,-2.70888869974344,0.6693571,01110000011010110010000111110010001000010110,10010000011010110010000111110010000100010111,7.0
8,10011001011001100010001011001001001000111010,19.84293933938487,39.28502542615544,0.5578601,10011001011001100010111001010110000101110111,10010000011110001100001011001001001000111010,7.0
8,10010000011110001100111001010110000101110111,12.868669716994688,16.81478424424749,0.4848895,10011001011001100010111001010110000101110111,10010000011110001100001011001001001000111010,7.0
8,01110000011010111010000001110000001100110110,-12.171533625491534,-78.08579876084298,0.5053226,01110000011010110010000110110000001100010111,01000010010100010100000001110000001100110110,7.0
8,01000010010100010100000110110000001100010111,-48.18953232515629,-15.587262055221089,0.5283903,01110000011010110010000110110000001100010111,01000010010100010100000001110000001100110110,7.0
8,10010001011001100010100001111100110010110010,13.593033216722773,-75.6262721124344,0.4898677,10010001011001100010100001111100110010010010,10010011001000110000100010000110001111010010,7.0
8,10010011001000110000100010000110001111010010,14.95068429724796,-73.78148407494642,0.5109404,10010001011001100010100001111100110010010010,10010011001000110000100010000110001111010010,7.0
8,10010000011000110010010111010100000100010111,12.80258007111074,-8.580424447160823,0.7709364,10010000011110001100011000101111010110101010,10010000011000110010010111010110000100010111,7.0
8,10010000011110001100011000101111010110101010,12.86857434954031,9.248854934896215,0.8070681,10010000011110001100011000101111010110101010,10010000011000110010010111010110000100010111,7.0
8,10010000000000110000000111110010001100110001,12.509182097716831,-2.695394204948954,0.8308467,10010000000000110000000111110010001100110001,10010000010000110010000111110010001000010110,7.0
8,10010000010000110010000111110010001000010110,12.704876114100486,-2.70888869974344,0.7420809,10010000000000110000000111110010001100110001,10010000010000110010000111110010001000010110,7.0
8,10010000011110001100011000101111010110001001,12.86857434954031,9.247281371898978,0.8072434,10010000011110001100011000101111010110101010,10010000011110001100011000101111010110001001,7.0
8,10010000011110001100011000101111010110101010,12.86857434954031,9.248854934896215,0.8070681,10010000011110001100011000101111010110101010,10010000011110001100011000101111010110001001,7.0
8,10011011101110001101011000000000100010110111,21.65782967992537,0.10640623722224518,0.6821512,10011011101110001101011000001111010110101001,10010000011000110010010111110000100010110111,7.0
8,10010000011000110010010111111111010110101001,12.80258007111074,-0.12619498400569285,0.8284469,10011011101110001101011000001111010110101001,10010000011000110010010111110000100010110111,7.0
8,10010001011001100010111011010110010100000111,13.593080900449962,41.85827776390977,0.5578795,10010001011001100010111011010110010100000111,10010001011001000010111001010110000101110111,7.0
8,10010001011001000010111001010110000101110111,13.58697738336977,16.81478424424749,0.670537,10010001011001100010111011010110010100000111,10010001011001000010111001010110000101110111,7.0
8,01110000011000110010010111010110000100010111,-12.19742588935516,-8.189799354028551,0.3494017,01110000011000110010010111110000100010110111,10010000011000110010010111010110000100010111,7.0
8,10010000011000110010010111110000100010110111,12.80258007111074,-3.018594507835985,0.6402602,01110000011000110010010111110000100010110111,10010000011000110010010111010110000100010111,7.0
8,10010000011010011001111000001111010110101010,12.822321134166984,2.9988534447797406,0.630256,10010000011010010010000111110001001110101001,10010000011000011001111000001111010110101010,7.0
8,10010000011000010010000111110001001110101101,12.796428870303359,-2.8847939693436615,0.664316,10010000011010010010000111110001001110101001,10010000011000011001111000001111010110101010,7.0
8,01110000011010110010000111110000001100111110,-12.173059504761582,-3.085399409627769,0.873005,01110000011010110010000111110000001100111110,11001000011010110010000111110000001100110110,7.0
8,11001000011010110010000111110000001100110110,56.57695688651964,-3.085780879445281,0.5274945,01110000011010110010000111110000001100111110,11001000011010110010000111110000001100110110,7.0
8,10010000011000110010010111010000001100010111,12.80258007111074,-9.337260565104614,0.8073748,10010000011000110010010111010110000100010111,01110000011010110010000111110000001100010111,7.0
8,01110000011010110010000111110110000100010111,-12.173059504761582,-1.9397978639120765,0.8343113,10010000011000110010010111010110000100010111,01110000011010110010000111110000001100010111,7.0
8,01110000011110001100011000101111010110001001,-12.131431610925588,9.247281371898978,0.7024821,01110000011010110010000111110000001100001001,10010000011110001100011000101111010110001001,7.0
8,10010000011010110010000111110000001100001001,12.826946455704316,-3.0879266471687856,0.6129781,01110000011010110010000111110000001100001001,10010000011110001100011000101111010110001001,7.0
8,10010000010000110010000111110000001100111110,12.704876114100486,-3.085399409627769,0.6922325,10010000010000110010010000000111101111111000,01110000011010110010000111110000001100111110,7.0
8,01110100011010110010010000000111101111111000,-9.048011075976149,-98.48670923392993,0.4957282,10010000010000110010010000000111101111111000,01110000011010110010000111110000001100111110,7.0
8,10010000011010110010000111110010001100110001,12.826946455704316,-2.695394204948954,0.6711689,10001011101111001100011000001110010110101010,10010000011010110010000111110010001100110001,7.0
8,10001011101111001100011000001110010110101010,9.169842998944048,2.8035408982135976,0.8969688,10001011101111001100011000001110010110101010,10010000011010110010000111110010001100110001,7.0
8,10011011101111001100001101000010010000010110,21.66979829544981,62.94054101480032,0.5063629,10011011101111001100001101000010010100000111,10010000010000110010000111110010001000010110,7.0
8,10010000010000110010000111110010001100000111,12.704876114100486,-2.697396921490892,0.7434172,10011011101111001100001101000010010100000111,10010000010000110010000111110010001000010110,7.0
8,10001011111011110010000111110000001100110110,9.323527651674183,-3.085780879445281,0.7920637,10001011111010110010000111110000001100110110,10010000011110001100001000101111010110101010,7.0
8,10010000011110001100001001101111010110101010,12.868526665813121,21.748857915129165,0.6791658,10001011111010110010000111110000001100110110,10010000011110001100001000101111010110101010,7.0
8,10010000101111001100001101000010010100000111,13.076046246539647,62.952032793052865,0.481462,10010000011110001100011000101111001100110110,10011011101111001100001101000010010100000111,7.0
8,10011011011110001100011000101111001100110110,21.46232639845047,9.218909554221526,0.3077893,10010000011110001100011000101111001100110110,10011011101111001100001101000010010100000111,7.0
8,10010000011010111110000111110000001100110110,12.829235274609388,-3.085780879445281,0.6117808,10010000011010110110000111110010001101110001,00100110101010110010010111110000001100110110,7.0
8,00100110101010110010010111110010001101110001,-69.79021305804564,-2.6923424464088583,0.5016839,10010000011010110110000111110010001101110001,00100110101010110010010111110000001100110110,7.0
8,01110000011010110010000111110000001110101001,-12.173059504761582,-3.080297250818546,0.8730084,01110000011010110010000111110000001100111110,10010000011010010010000111110001001110101001,7.0
8,10010000011010010010000111110001001100111110,12.820842938624125,-2.89008686306164,0.6477268,01110000011010110010000111110000001100111110,10010000011010010010000111110001001110101001,7.0
9,01110000011010110010000111110001011110101010,-12.173059504761582,-2.836108883883682,0.8706282,01110000011010110010000111110001011110101010,01110000011010110010000111110001011110101010,8.0
9,01110000011010110010000111110001011110101010,-12.173059504761582,-2.836108883883682,0.8706282,01110000011010110010000111110001011110101010,01110000011010110010000111110001011110101010,8.0
9,11010000011110001100011100101111010110101010,62.86858627047212,59.248866855828,0.4930192,10010000011110001100011100101111010110101010,10010000011010110010000111110010001000010110,8.0
9,10000000011010110010000111110010001000010110,0.32694347547136715,-2.70888869974344,0.8338876,10010000011110001100011100101111010110101010,10010000011010110010000111110010001000010110,8.0
9,01110000011010110010000111110110000100010111,-12.173059504761582,-1.9397978639120765,0.8343113,01110000011010110010000111110110000100010111,10010000011000010010000111110001001110101101,8.0
9,10010000011000010010000111110001001100101101,12.796428870303359,-2.890897486423853,0.6634328,01110000011010110010000111110110000100010111,10010000011000010010000111110001001110101101,8.0
9,10010000011110001100011000101111010110101010,12.86857434954031,9.248854934896215,0.8070681,10010000011110001100011000101111010110101010,01110000011010110010000111110001011110101010,8.0
9,01110000011010110010000111010001011110101010,-12.173059504761582,-9.086110374000157,0.6683457,10010000011110001100011000101111010110101010,01110000011010110010000111110001011110101010,8.0
9,10000001011001100010000111110000010110101010,1.092934869035446,-3.055835498770591,0.9791163,10010001011001100010100001111100110010110010,01110000011010110010000111110000010110101010,8.0
9,01110000011010110010100001111100110010110010,-12.172964137307204,-75.6262721124344,0.4921613,10010001011001100010100001111100110010110010,01110000011010110010000111110000010110101010,8.0
9,10010000011010110010001001101111010110101010,12.826946455704316,21.748857915129165,0.6813882,10010000011010110010000111110010001100110001,10010000011110001100001001101111010110101010,8.0
9,10010000011110001100000111110010001100110001,12.868526665813121,-2.695394204948954,0.6442098,10010000011010110010000111110010001100110001,10010000011110001100001001101111010110101010,8.0
9,10000011101111001100011011110001001000111010,2.9198415088275738,47.09752728880102,0.5476297,10000011101111001100011011110000100010110111,10011001011001100010001011001001001000111010,8.0
9,10011001011001100010001011001000100010110111,19.84293933938487,39.16891555045021,0.5576874,10000011101111001100011011110000100010110111,10011001011001100010001011001001001000111010,8.0
9,10011011101110010010000111110010000100010111,21.65873567074196,-2.721048050176634,0.7173948,10011011101110001101011000001111010110101010,01110000011010110010000111110010000100010111,8.0
9,01010000011010101101011000001111010110101010,-37.173971456044065,2.9988534447797406,0.5603878,10011011101110001101011000001111010110101010,01110000011010110010000111110010000100010111,8.0
9,10011011101110001100011000101111010110010111,21.657638945016615,9.247948944079624,0.2931717,10011011101110001101011000000000100010110111,10010000011110001100011000101111010110010111,8.0
9,10010000011110001101011000000000100010110111,12.868765084449066,0.10640623722224518,0.8025483,10011011101110001101011000000000100010110111,10010000011110001100011000101111010110010111,8.0
9,10010000011000110010010111110000100010110111,12.80258007111074,-3.018594507835985,0.6402602,10010000011000110010010111110000100010110111,10010000011010110010000111110001011110100010,8.0
9,10010000011010110010000111110001011110100010,12.826946455704316,-2.836490353701194,0.6515578,10010000011000110010010111110000100010110111,10010000011010110010000111110001011110100010,8.0
9,01110000011010110010000111110110000100110110,-12.173059504761582,-1.9383196683692177,0.8342337,01110000011010110010000111110110000100010111,10001011111011110010000111110000001100110110,8.0
9,10001011111011110010000111010000001100010111,9.323527651674183,-9.337260565104614,0.611747,01110000011010110010000111110110000100010111,10001011111011110010000111110000001100110110,8.0
9,01110000011010110010000111110001011110101010,-12.173059504761582,-2.836108883883682,0.8706282,01110000011010110010000111110001011110101010,10001011101111001100011000001110010110101010,8.0
9,10001011101111001100011000001110010110101010,9.169842998944048,2.8035408982135976,0.8969688,01110000011010110010000111110001011110101010,10001011101111001100011000001110010110101010,8.0
9,10010000011010110010000111110001011110101010,12.826946455704316,-2.836108883883682,0.6516128,10010000011010110010000111110010000100010111,01110000011010110010000111110001011110101010,8.0
9,01110000011010110010000111110010000100010111,-12.173059504761582,-2.721048050176634,0.8679803,10010000011010110010000111110010000100010111,01110000011010110010000111110001011110101010,8.0
9,10001011101111001110011000001110010110101010,9.17022446876156,2.8035408982135976,0.8968651,10010000011110001100011000101111010110101010,10001011101111001100011000001110010110101010,8.0
9,10010000011110001100011000101111010110101010,12.86857434954031,9.248854934896215,0.8070681,10010000011110001100011000101111010110101010,10001011101111001100011000001110010110101010,8.0
9,10001011101101101100111000001110010110101010,9.151627815157852,2.8035408982135976,0.9016802,10001011101111101100111000001110010110101010,01110000011010110010000111110110000100010111,8.0
9,01110000011010110010000111110110000100010111,-12.173059504761582,-1.9397978639120765,0.8343113,10001011101111101100111000001110010110101010,01110000011010110010000111110110000100010111,8.0
9,10010000000000110010000111110010001100110110,12.509563567534343,-2.695155786313009,0.8307362,10010000000000110000000111110010001100110001,01110100011010110010000111110000001100110110,8.0
9,01110100011010110010000111110000001100010001,-9.048058759703338,-3.0875451773512737,0.9044247,10010000000000110000000111110010001100110001,01110100011010110010000111110000001100110110,8.0
9,10001000011010110010000111110010000100010111,6.576944965587842,-2.721048050176634,0.4556626,10001011101111001100011000001110010110101001,10010000011010110010000111110010000100010111,8.0
9,10010011101111001100011000001110010110101001,15.419844489060523,2.8034932144864086,0.8214441,10001011101111001100011000001110010110101001,10010000011010110010000111110010000100010111,8.0
9,10010000011110001100111001010110000101110111,12.868669716994688,16.81478424424749,0.4848895,10010000011110001100011000101111010110101010,10010000011110001100111001010110000101110111,8.0
9,10010000011110001100011100101111010110101010,12.86857434954031,59.248866855828,0.4930415,10010000011110001100011000101111010110101010,10010000011110001100111001010110000101110111,8.0
9,10010001101111001100011000001110010110101010,13.857344116531394,2.8035408982135976,0.1527123,10010001011001100010111001010111000100110110,10001011101111001100011000001110010110101010,8.0
9,10001011011001100010111001010111000100110110,8.905579782862617,17.00699734854635,0.7048602,10010001011001100010111001010111000100110110,10001011101111001100011000001110010110101010,8.0
9,10001011101111010010000111110010001000010110,9.170939724669395,-2.70888869974344,0.9038717,10001011101111001100011000001110010110101010,10010000010000110010000111110010001000010110,8.0
9,10010000010000101100011000001110010110101010,12.703779388375139,2.8035408982135976,0.7312823,10001011101111001100011000001110010110101010,10010000010000110010000111110010001000010110,8.0
9,10010000010000110010000111110010001100000111,12.704876114100486,-2.697396921490892,0.7434172,10010000010000110010000111110010001100000111,10010000011110001100011000101111010110101010,8.0
9,10010000011110001100011000101111010110101010,12.86857434954031,9.248854934896215,0.8070681,10010000010000110010000111110010001100000111,10010000011110001100011000101111010110101010,8.0
9,10010000011110000100011000101111010110110110,12.867048470270262,9.249427139622483,0.8072409,10010000011110000100011000101111010110110110,10001011101111001100011000001110010110101010,8.0
9,10001011101111001100011000001110010110101010,9.169842998944048,2.8035408982135976,0.8969688,10010000011110000100011000101111010110110110,10001011101111001100011000001110010110101010,8.0
9,01110000011010110000011000001110010110101010,-12.173393290851905,2.8035408982135976,0.8699989,01110000011010110010000111110000001110101001,10001011101111001100011000001110010110101010,8.0
9,10001111111111001110000111110000001110101001,12.490490076658745,-3.080297250818546,0.8044831,01110000011010110010000111110000001110101001,10001011101111001100011000001110010110101010,8.0
9,10001011101111001100011101110010001100110001,9.169842998944048,72.30462367644876,0.5039061,10001011101111001100011000001110010110101010,10010000010000110000000111110010001100110001,8.0
9,10010000010000110000000110001110010110101010,12.704494644282974,-22.1964650622523,0.6157642,10001011101111001100011000001110010110101010,10010000010000110000000111110010001100110001,8.0
9,10010000011000110010000110001111010110001110,12.80253238738355,-22.00248766004745,0.6469165,10010000011000110010000110001111010110001010,01110100011010110010000111110000001100110110,8.0
9,01110100011010110010000111110000001100110010,-9.048058759703338,-3.0859716143540368,0.904546,10010000011000110010000110001111010110001010,01110100011010110010000111110000001100110110,8.0
9,10010000011110001100111001010110000101110111,12.868669716994688,16.81478424424749,0.4848895,10010000011110001100111001010110000101110111,10001011101111101100111000001110010110101010,8.0
9,10001011101111101100111000001110010110001010,9.176041883478618,2.8020150189435498,0.895387,10010000011110001100111001010110000101110111,10001011101111101100111000001110010110101010,8.0
9,10001011101000011010111001010110000101110111,9.087159415998315,16.81478424424749,0.7318034,10001011101000011010101000101111010110101010,10010001011001100010111001010110000101110111,8.0
9,10010001011001100010101000101111000110101010,13.593033216722773,9.200026798254683,0.5491992,10001011101000011010101000101111010110101010,10010001011001100010111001010110000101110111,8.0
9,01110000011010110010000011110001011110101010,-12.173059504761582,-52.83612080481549,0.4982094,01110000011010110010000111110001011110101010,10001011101111001100011000001110010110101001,8.0
9,10001011101111001100011000001110010110101001,9.169842998944048,2.8034932144864086,0.8969728,01110000011010110010000111110001011110101010,10001011101111001100011000001110010110101001,8.0
9,01110000011010110010000111110111010110001010,-12.173059504761582,-1.6901735520776668,0.8211263,01110000011010110010000111110110000100010111,10010000011000110010000110001111010110001010,8.0
9,10010000011000110010000110001110000100010111,12.80253238738355,-22.252302706790616,0.5857416,01110000011010110010000111110110000100010111,10010000011000110010000110001111010110001010,8.0
9,10010000010000110010000111110010001100000111,12.704876114100486,-2.697396921490892,0.7434172,10010000010000110010000111110010001100000111,10010000011110001100011000101111010110010111,8.0
9,10010000011110001100011000101111010110010111,12.86857434954031,9.247948944079624,0.8071692,10010000010000110010000111110010001100000111,10010000011110001100011000101111010110010111,8.0
9,01110000011010110010000111110000010110101010,-12.173059504761582,-3.055835498770591,0.8729925,01110000011010110010000111110000010110101010,10010000011010110010000111110001011110100010,8.0
9,10010000011010110010000111110001011100100010,12.826946455704316,-2.8425938707813856,0.6506762,01110000011010110010000111110000010110101010,10010000011010110010000111110001011110100010,8.0
9,10000000010000110010000111110010001100110001,0.2048731338675367,-2.695394204948954,0.8151662,10010000010000110010000111110000001100111110,10010000010000110000000111110010001100110001,8.0
9,10010000010000110000000111100000001100111110,12.704494644282974,-6.210400154686013,0.1527735,10010000010000110010000111110000001100111110,10010000010000110000000111110010001100110001,8.0
9,01110000011000110110010111010000001100010111,-12.196662949720135,-9.337260565104614,0.7513886,01110000011010110010000111110000010110101010,10010000011000110010010111010000001100010111,8.0
9,10010000011010110010000111110000010110101010,12.826946455704316,-3.055835498770591,0.6181574,01110000011010110010000111110000010110101010,10010000011000110010010111010000001100010111,8.0
9,01110000111010110010000111010000001100010111,-11.782434411629296,-9.337260565104614,0.5732879,01110000111010110010000111010000001100010111,01110100011010110010000111110000001100110110,8.0
9,01110100011010110010000111110000001100110110,-9.048058759703338,-3.085780879445281,0.9045606,01110000111010110010000111010000001100010111,01110100011010110010000111110000001100110110,8.0
9,10010000011111110010000111110000001100110110,12.887981626506246,-3.085780879445281,0.5715321,10010000011110001100011000101111001100110110,10001011111011110010000111110000001100110110,8.0
9,10001011111010001100011000101111001100110110,9.304120374708262,9.218909554221526,0.6771181,10010000011110001100011000101111001100110110,10001011111011110010000111110000001100110110,8.0
9,10010000011000110010010111111111011100111110,12.80258007111074,-0.10688307449413514,0.8285086,10010000011000110010010111111111010110101001,10010000010000110010000111110000001100111110,8.0
9,10010000010000100010000111110000000110101001,12.70182435556039,-3.1047113191393123,0.6912221,10010000011000110010010111111111010110101001,10010000010000110010000111110000001100111110,8.0
9,00001011101111101100111000001110010110101011,-90.82398195838498,2.8035885819407866,0.5051813,10001011101111101100111000001110010110101010,10001011101111001100011000001110010110101010,8.0
9,10001011101111001100011000001110010110101010,9.169842998944048,2.8035408982135976,0.8969688,10001011101111101100111000001110010110101010,10001011101111001100011000001110010110101010,8.0
9,01110000011010110010000111110000001110101010,-12.173059504761582,-3.080249567091357,0.8730084,01110000011010110010000111110000001110101001,10011011101110001101011000001111010110101010,8.0
9,10011011101110001101011000001111010110101001,21.65782967992537,2.9988057610525516,0.7215621,01110000011010110010000111110000001110101001,10011011101110001101011000001111010110101010,8.0
9,10010000011110000100011000101111010110110110,12.867048470270262,9.249427139622483,0.8072409,10010000011110000100011000101111010110110110,10001011101000011010101000101111010110101010,8.0
9,10001011101000011010101000101111010110101010,9.087111732271126,9.248854934896215,0.7554976,10010000011110000100011000101111010110110110,10001011101000011010101000101111010110101010,8.0
9,10010000010000110010000111110000001100111100,12.704876114100486,-3.085494777082147,0.6922183,10010000010000110010000111110010001100000111,01110000011010110010000111110000001100111110,8.0
9,01110000011010110010000111110010001100000111,-12.173059504761582,-2.697396921490892,0.8673316,10010000010000110010000111110010001100000111,01110000011010110010000111110000001100111110,8.0
9,10010000011110001100001000101111001100010111,12.868526665813121,9.217431358678667,0.8103781,10010000011110001100001000101111010110101010,10010000011000110010010111010000001100010111,8.0
9,10010000011000110010010111010000010110101010,12.80258007111074,-9.305836988887066,0.810672,10010000011110001100001000101111010110101010,10010000011000110010010111010000001100010111,8.0
9,01110000011010110010000111110000001100111110,-12.173059504761582,-3.085399409627769,0.873005,01110000011010110010000111110000001100111110,10010000011010110110000111110010001101110001,8.0
9,10010000011010110110000111110010001101110001,12.82770939533934,-2.6923424464088583,0.6710912,01110000011010110010000111110000001100111110,10010000011010110110000111110010001101110001,8.0
9,10010000010000110000000111110010001100110001,12.704494644282974,-2.695394204948954,0.7438569,10010001011001100010111001010111000100110110,10010000010000110000000111110010001100110001,8.0
9,10010001011101100010111001010111000100110110,13.641909037091509,17.00699734854635,0.7135197,10010001011001100010111001010111000100110110,10010000010000110000000111110010001100110001,8.0
9,01010000001000110010010111110000100010111010,-37.392744396387194,-3.018451456654418,0.5804557,01010000011000110010010111110000100010110111,10001011101111001100011000001110010110101010,8.0
9,10001011101111001100011000001110110110100111,9.169842998944048,2.9010541203151092,0.8880839,01010000011000110010010111110000100010110111,10001011101111001100011000001110010110101010,8.0
9,10010001011001000010111001010110010110101010,13.58697738336977,16.866044250975662,0.6821289,10010001011001000010111001010110000101110111,10011011101111001100011000001110010110101010,8.0
9,10011011101111001100011000001110000101110111,21.669845979176998,2.7522808914854267,0.719287,10010001011001000010111001010110000101110111,10011011101111001100011000001110010110101010,8.0
9,01110000011010100010000111110001011110101010,-12.176111263301678,-2.836108883883682,0.8708723,01110000011010110010000111110001011110101010,10010001011001000010111001010110000101110111,8.0
9,10010001011001000010111001010110000101110110,13.58697738336977,16.814736560520302,0.6705257,01110000011010110010000111110001011110101010,10010001011001000010111001010110000101110111,8.0
9,10010000011110001101011000001111010110101110,12.868765084449066,2.9990441796884966,0.5988714,10010000011110001100011000101111010110101010,10011011101110001101011000001111010110101110,8.0
9,10011011101110001100011000101111010110101010,21.657638945016615,9.248854934896215,0.2931725,10010000011110001100011000101111010110101010,10011011101110001101011000001111010110101110,8.0
9,10010001011001100010111001010110001100110001,13.593080900449962,16.835860451665027,0.6765628,10010001011001100010111001010110010110100010,10010000010000110000010111110010001100110001,8.0
9,10010000010000110000010111110010010110100010,12.704542328010163,-2.6655918754558314,0.74724,10010001011001100010111001010110010110100010,10010000010000110000010111110010001100110001,8.0
9,10001011101111000010010000000111101111111000,9.167935649856489,-98.48670923392993,0.4957198,10001011101111001100011000001110010110101010,01110100011010110010010000000111101111111000,8.0
9,01110100011010111100011000001110010110101010,-9.046103726888589,2.8035408982135976,0.9193128,10001011101111001100011000001110010110101010,01110100011010110010010000000111101111111000,8.0
9,10011011101110001001011000000000100010110111,21.657066740290347,0.10640623722224518,0.6819407,10011011101110001101011000000000100010110111,10001011101111001100011000001110010110101010,8.0
9,10001011101111001100011000001110010110101010,9.169842998944048,2.8035408982135976,0.8969688,10011011101110001101011000000000100010110111,10001011101111001100011000001110010110101010,8.0
10,10001011110010101100011000001110010110101010,9.212567618505389,2.8035408982135976,0.8840581,10001011111010001100011000101111001100110110,10010000010000101100011000001110010110101010,9.0
10,10010000011010001100011000101111001100110110,12.819746212898778,9.218909554221526,0.8160055,10001011111010001100011000101111001100110110,10010000010000101100011000001110010110101010,9.0
10,01110100011010110010000111110010000101110111,-9.048058759703338,-2.7164704123664905,0.9210047,01110000011010110010000111110001011110101010,10010000011110001100111001010110000101110111,9.0
10,10010000011100001100111001010101011110101010,12.844255648673922,16.6951457727303,0.433015,01110000011010110010000111110001011110101010,10010000011110001100111001010110000101110111,9.0
10,10010000010000101100011000001110010110101010,12.703779388375139,2.8035408982135976,0.7312823,10010000010000101100011000001110010110101010,10001011101111101100111000001110010110001010,9.0
10,10001011101111101100111000001110010110001010,9.176041883478618,2.8020150189435498,0.895387,10010000010000101100011000001110010110101010,10001011101111101100111000001110010110001010,9.0
10,10010000011110001100011000101111001110101010,12.86857434954031,9.22444086657545,0.8096708,10010000011110001100011000101111010110101010,01110000011010110010000111110000001110101010,9.0
10,01110000011010110010000111110000010110101010,-12.173059504761582,-3.055835498770591,0.8729925,10010000011110001100011000101111010110101010,01110000011010110010000111110000001110101010,9.0
10,10001011011001100010111001011111000100110110,8.905579782862617,18.569497721075464,0.2682829,10001011011001100010111001010111000100110110,10010001011001000010111001010110000101110110,9.0
10,10010001011001000010111001010110000101110110,13.58697738336977,16.814736560520302,0.6705257,10001011011001100010111001010111000100110110,10010001011001000010111001010110000101110110,9.0
10,10110000011010110010000111110110000100010111,37.82695241617023,-1.9397978639120765,0.5790906,10010000011110001100011000101111010110101010,01110000011010110010000111110110000100010111,9.0
10,01010000011110001100011000101111010110101010,-37.13143757139148,9.248854934896215,0.5348514,10010000011110001100011000101111010110101010,01110000011010110010000111110110000100010111,9.0
10,10010000011000110010010111010010001100000111,12.80258007111074,-8.947398411607367,0.8180452,10010000011000110010010111010000010110101010,10010000010000110010000111110010001100000111,9.0
10,10010000010000110010000111110000010110101010,12.704876114100486,-3.055835498770591,0.6965793,10010000011000110010010111010000010110101010,10010000010000110010000111110010001100000111,9.0
10,10010000011100001100011001101111010110010111,12.844160281219544,21.747951924312574,0.680588,10010000011110001100011000101111010110010111,10010000011110001100111001010110000101110111,9.0
10,10010000011110001100111001010110000101110111,12.868669716994688,16.81478424424749,0.4848895,10010000011110001100011000101111010110010111,10010000011110001100111001010110000101110111,9.0
10,10010000010000110010000111110010001100000110,12.704876114100486,-2.697444605218081,0.7434117,10010000010000110010000111110010001100000111,10010000011110001100011000101111010110101010,9.0
10,10010000011110001100011000101111010110101011,12.86857434954031,9.248902618623404,0.8070628,10010000010000110010000111110010001100000111,10010000011110001100011000101111010110101010,9.0
10,10010000010000110010101010101111010110101010,12.704971481554864,34.2488608953621,0.4362248,10010000010000110010000111110000001100111100,10001011101000011010101000101111010110101010,9.0
10,10001011101000011010000111110000001100111100,9.087016364816748,-3.085494777082147,0.8947253,10010000010000110010000111110000001100111100,10001011101000011010101000101111010110101010,9.0
10,10010000011110110000011000001110010110101010,12.87544080625554,2.8035408982135976,0.6242227,10010000011110000100011000101111010110110110,01110000011010110000011000001110010110101010,9.0
10,01110000011010000100011000101111010110110110,-12.181785626837168,9.249427139622483,0.7227709,10010000011110000100011000101111010110110110,01110000011010110000011000001110010110101010,9.0
10,10010000011010110010000111110000010110101010,12.826946455704316,-3.055835498770591,0.6181574,10010000011010110010000111110000010110101010,01110100011010110010000111110000001100110110,9.0
10,01110100011010110010000111110000001100110110,-9.048058759703338,-3.085780879445281,0.9045606,10010000011010110010000111110000010110101010,01110100011010110010000111110000001100110110,9.0
10,01110000011000110010010111111111011100111110,-12.19742588935516,-0.10688307449413514,0.7805604,01110000011010100010000111110001011110101010,10010000011000110010010111111111011100111110,9.0
10,10010000011010100010000111110001011110101010,12.82389469716422,-2.836108883883682,0.6536005,01110000011010100010000111110001011110101010,10010000011000110010010111111111011100111110,9.0
10,01110000001010100010000111110001010110101010,-12.371423809867807,-2.860522952204448,0.8580509,01110000011010100010000111110001011110101010,10010000011110001100011100101111010110101010,9.0
10,10010000011110001100011100101111011110101010,12.86857434954031,59.27328092414879,0.4920203,01110000011010100010000111110001011110101010,10010000011110001100011100101111010110101010,9.0
10,10010100011010111100011000001110010110101010,15.95390223357731,2.8035408982135976,0.67456,10010001011001000010111001010110010110101010,01110100011010111100011000001110010110101010,9.0
10,01110001011001000010111001010110010110101010,-11.413028577096128,16.866044250975662,0.2517255,10010001011001000010111001010110010110101010,01110100011010111100011000001110010110101010,9.0
10,10000011101111001100011011110001001000111010,2.9198415088275738,47.09752728880102,0.5476297,10000011101111001100011011110001001000111010,01110000011010110010000111110010000100010111,9.0
10,01111000011010110010000111110010000100010111,-5.9230580146451075,-2.721048050176634,0.9101892,10000011101111001100011011110001001000111010,01110000011010110010000111110010000100010111,9.0
10,10000000011000010010000111110001001100101101,0.29642589007040954,-2.890897486423853,0.9381094,10000000010000110010000111110010001100110001,10010000011000010010000111110001001100101101,9.0
10,10010000010000110010000111110010001100110001,12.704876114100486,-2.695394204948954,0.743649,10000000010000110010000111110010001100110001,10010000011000010010000111110001001100101101,9.0
10,10010000010000110000000111110000010110101001,12.704494644282974,-3.05588318249778,0.6968035,10010000010000110000000111110010001100110001,10010000010000100010000111110000000110101001,9.0
10,10010000010000100010000111110010001100110001,12.70182435556039,-2.695394204948954,0.7453085,10010000010000110000000111110010001100110001,10010000010000100010000111110000000110101001,9.0
10,00001011100111101100111000001110010110110110,-90.92163823166806,2.8041131029398656,0.5055821,00001011101111101100111000001110010110101011,10000000011010110010000111110010001000010110,9.0
10,10000000011010110010000111110010001000001011,0.32694347547136715,-2.709413220742519,0.8342628,00001011101111101100111000001110010110101011,10000000011010110010000111110010001000010110,9.0
10,10010000010000100010000111110000000110101001,12.70182435556039,-3.1047113191393123,0.6912221,10010000010000100010000111110000000110101001,01110100011010111100011000001110010110101010,9.0
10,11110100011010111110011000001110010110101010,90.95430158479252,2.8035408982135976,0.5056687,10010000010000100010000111110000000110101001,01110100011010111100011000001110010110101010,9.0
10,10001111111111001110000110110000001110101001,12.490490076658745,-15.580300231051496,0.3417151,10001111111111001110000111110000001110101001,10010000011010110110000111110010001101110001,9.0
10,10010000011010110110000111110010001101110001,12.82770939533934,-2.6923424464088583,0.6710912,10001111111111001110000111110000001110101001,10010000011010110110000111110010001101110001,9.0
10,01110000011101100010111001010111000100110110,-12.139347109638962,17.00699734854635,0.358944,01110000011010110010000111110000010110101010,10010001011101100010111001010111000100110110,9.0
10,10010001011010110010000111110000010110101010,13.608196641968874,-3.055835498770591,0.1746039,01110000011010110010000111110000010110101010,10010001011101100010111001010111000100110110,9.0
10,10000000010000110010000111110010001100110010,0.2048731338675367,-2.695346521221765,0.8151304,10000000010000110010000111110010001100110001,01110000011010110010100001111100110010110010,9.0
10,01110000011010110000100001111100110010110001,-12.173345607124716,-75.6263197961616,0.4921598,10000000010000110010000111110010001100110001,01110000011010110010100001111100110010110010,9.0
10,10000100011010111100011000001110010110101010,3.4538992533443604,2.8035408982135976,0.084632,10000000010000110010000111110010001100110001,01110100011010111100011000001110010110101010,9.0
10,01110000010000110010000111110010001100110001,-12.295129846365413,-2.695394204948954,0.8722654,10000000010000110010000111110010001100110001,01110100011010111100011000001110010110101010,9.0
10,10010000011000110010010111010000010110101010,12.80258007111074,-9.305836988887066,0.810672,10010000011000110010010111010000010110101010,10001011101101101100111000001110010110101010,9.0
10,10001011101101101100111000001110010110101010,9.151627815157852,2.8035408982135976,0.9016802,10010000011000110010010111010000010110101010,10001011101101101100111000001110010110101010,9.0
10,10001111111010001100011000001110010110101010,12.429121119766506,2.8035408982135976,0.8476441,10001011111010001100011000101111001100110110,10001011101111001100011000001110010110101010,9.0
10,10001011101111001100011000101111001100110110,9.169842998944048,9.218909554221526,0.7350676,10001011111010001100011000101111001100110110,10001011101111001100011000001110010110101010,9.0
10,01110100011010110010000111110000001100110010,-9.048058759703338,-3.0859716143540368,0.904546,01110100011010110010000111110000001100110010,01110100011010110010000111110000001100110110,9.0
10,01110100011010110010000111110000001100110110,-9.048058759703338,-3.085780879445281,0.9045606,01110100011010110010000111110000001100110010,01110100011010110010000111110000001100110110,9.0
10,10001011111010110010000111110000001100110010,9.3113206175138,-3.0859716143540368,0.7989357,10001011111010001100011000101111001100110110,01110100011010110010000111110000001100110010,9.0
10,01110100011010001100011000101111001100110110,-9.055259002508876,9.218909554221526,0.777981,10001011111010001100011000101111001100110110,01110100011010110010000111110000001100110010,9.0
10,00010001011001100010011001010101011110101010,-86.40703830886801,16.6951457727303,0.5065167,10010001011001100010111001010110001100110001,01110000011010110010000011110001011110101010,9.0
10,01110000011010110010000011110010001100110001,-12.173059504761582,-52.69540612588075,0.5070387,10010001011001100010111001010110001100110001,01110000011010110010000011110001011110101010,9.0
10,10010000010000100010000111110000000110101101,12.70182435556039,-3.1045205842305563,0.6912506,10010000010000100010000111110000000110101001,01010000001000110010010111110000100010111010,9.0
10,11010000001000110010010111110000100010111010,62.607279445476394,-3.018451456654418,0.5196402,10010000010000100010000111110000000110101001,01010000001000110010010111110000100010111010,9.0
10,10010001011000011010111001010110000101110111,13.579347987019531,16.81478424424749,0.6690656,10010001011101100010111001010111000100110110,10001011101000011010111001010110000101110111,9.0
10,10001011101101100010111001010111000100110110,9.149720466070292,17.00699734854635,0.659639,10010001011101100010111001010111000100110110,10001011101000011010111001010110000101110111,9.0
10,01110000011010100010000111110001011110101010,-12.176111263301678,-2.836108883883682,0.8708723,01110000011010100010000111110001011110101010,01110000011010110010000111110000001110101010,9.0
10,11110000011010110010000111110000001110101010,87.82696433710203,-3.080249567091357,0.5064793,01110000011010100010000111110001011110101010,01110000011010110010000111110000001110101010,9.0
10,01110000011010100010000111110010001100110001,-12.176111263301678,-2.695394204948954,0.867658,01110000011010100010000111110001011110101010,10000000010000110010000111110010001100110001,9.0
10,10000000010000110010000111110001011110101010,0.2048731338675367,-2.836108883883682,0.9071309,01110000011010100010000111110001011110101010,10000000010000110010000111110010001100110001,9.0
10,01110000011010110010000111110011011100000111,-12.173059504761582,-2.453256238283217,0.8588772,01110000011010110010000111110010001100000111,10001011101111001100011000001110010110101010,9.0
10,10001011101111001100011000001110010110101010,9.169842998944048,2.8035408982135976,0.8969688,01110000011010110010000111110010001100000111,10001011101111001100011000001110010110101010,9.0
10,01110000000000110010000111110010001100110110,-12.490442392931556,-2.695155786313009,0.8369133,01110000011010110010000111010001011110101010,10010000000000110010000111110010001100110110,9.0
10,10010000011010110010000111010001011110101010,12.826946455704316,-9.086110374000157,0.8214174,01110000011010110010000111010001011110101010,10010000000000110010000111110010001100110110,9.0
10,10010000011000010010000111110001001100010111,12.796428870303359,-2.891946528422011,0.6632808,10010000011000010010000111110001001100101101,01110000111010110010000111010000001100010111,9.0
10,01110000111010110010000111010000001100101101,-11.782434411629296,-9.336211523106456,0.5728674,10010000011000010010000111110001001100101101,01110000111010110010000111010000001100010111,9.0
10,10010000011000101111011000001111010110101010,12.802007866384471,2.9988534447797406,0.643687,10010000011000110010010111111111011100111110,01010000011010101101011000001111010110101010,9.0
10,01010000011010110010010111111111011100111110,-37.173017781500285,-0.10688307449413514,0.543709,10010000011000110010010111111111011100111110,01010000011010101101011000001111010110101010,9.0
10,10001011101111001100011000001111010110101001,9.169842998944048,2.9988057610525516,0.8775518,10001011101111001100011000001110010110101010,10011011101110001101011000001111010110101001,9.0
10,10011011101110001101011000001110010110101010,21.65782967992537,2.8035408982135976,0.7186259,10001011101111001100011000001110010110101010,10011011101110001101011000001111010110101001,9.0
10,01110001101111001100011000001111010110101010,-11.142661843934505,2.9988534447797406,0.318928,01110000011010110010000111110110000100010111,10001011101111001100011000001110010110101010,9.0
10,11001010011010110010010111110110000100010111,58.13950494277594,-1.9397978639120765,0.474127,01110000011010110010000111110110000100010111,10001011101111001100011000001110010110101010,9.0
10,10010000011110001100011000101111010110101010,12.86857434954031,9.248854934896215,0.8070681,10010000011110001100011000101111010110101010,01110000011010110010000111110001011110101010,9.0
10,01110000011010110010000111110001011110101010,-12.173059504761582,-2.836108883883682,0.8706282,10010000011110001100011000101111010110101010,01110000011010110010000111110001011110101010,9.0
10,01110000011000110011000110001110000110010111,-12.197282838173592,-22.246199189710424,0.6645239,01110000011010110010000111110111010110001010,10010000011000110010000110001110000100010111,9.0
10,10010000011010110010000111110111010110001010,12.826946455704316,-1.6901735520776668,0.77022,01110000011010110010000111110111010110001010,10010000011000110010000110001110000100010111,9.0
10,10010000000000110010000111110010001100110110,12.509563567534343,-2.695155786313009,0.8307362,10010000011110000100011000101111010110110110,10010000000000110010000111110010001100110110,9.0
10,10010000011110000100011000101111010110110110,12.867048470270262,9.249427139622483,0.8072409,10010000011110000100011000101111010110110110,10010000000000110010000111110010001100110110,9.0
10,01110000011010110010000111110010001000010110,-12.173059504761582,-2.70888869974344,0.867651,01110000011010110010000111110000001100111110,10000000011010110010000111110010001000010110,9.0
10,10000000011010110010000111110000001100111110,0.32694347547136715,-3.085399409627769,0.9890254,01110000011010110010000111110000001100111110,10000000011010110010000111110010001000010110,9.0
10,10010000011000110010000110110001011110101010,12.80253238738355,-15.336111864116631,0.3383717,10010000011000110010000110001111010110001110,10010000011010110010000111110001011110101010,9.0
10,10010000011010110010000111001111010110001110,12.826946455704316,-9.5024846798145,0.7770209,10010000011000110010000110001111010110001110,10010000011010110010000111110001011110101010,9.0
10,01110000011010110010000111110110000100010111,-12.173059504761582,-1.9397978639120765,0.8343113,01110000011010110010000111110110000100010111,10010000010000110010000111110010001100000111,9.0
10,10010000010000110010000111110010001100000111,12.704876114100486,-2.697396921490892,0.7434172,01110000011010110010000111110110000100010111,10010000010000110010000111110010001100000111,9.0
10,10010000011110001100011010001110010110101010,12.86857434954031,27.803546858679496,0.5017725,10010000011110001100011000101111010110101010,10010000010000110000000110001110010110101010,9.0
10,10010000010000110000000100101111010110101010,12.704494644282974,-40.75115698603558,0.4464179,10010000011110001100011000101111010110101010,10010000010000110000000110001110010110101010,9.0
10,10010000011110001101011100000000100010110111,12.868765084449066,50.10641815815404,0.4637968,10010000011110001101011000000000100010110111,01110000011010110010000111110110000100110110,9.0
10,01110000011010110010000111100110000100110110,-12.173059504761582,-5.063320413427448,0.6194178,10010000011110001101011000000000100010110111,01110000011010110010000111110110000100110110,9.0
10,01110000011010110010000111110110000100110110,-12.173059504761582,-1.9383196683692177,0.8342337,01110000011010110010000111110110000100110110,10000000010000110010000111110010001100110001,9.0
10,10000000010000110010000111110010001100110001,0.2048731338675367,-2.695394204948954,0.8151662,01110000011010110010000111110110000100110110,10000000010000110010000111110010001100110001,9.0
10,01110000011010110010000111110010000100010111,-12.173059504761582,-2.721048050176634,0.8679803,01110000011010110010000111110010000100010111,10001011101111001100011000001110110110100111,9.0
10,10001011101111001100011000001110110110100111,9.169842998944048,2.9010541203151092,0.8880839,01110000011010110010000111110010000100010111,10001011101111001100011000001110110110100111,9.0
10,10001011111010110010000111110111010110001010,9.3113206175138,-1.6901735520776668,0.9199211,10001011111011110010000111010000001100010111,01110000011010110010000111110111010110001010,9.0
10,01110000011011110010000111010000001100010111,-12.1608524706012,-9.337260565104614,0.7394122,10001011111011110010000111010000001100010111,01110000011010110010000111110111010110001010,9.0
11,10010000010000101100011000001110001100110001,12.703779388375139,2.773357098902963,0.7349972,10010000010000101100011000001110010110101010,10010000010000100010000111110010001100110001,10.0
11,10010000010000100010000111110010010110101010,12.70182435556039,-2.6652104056383195,0.748746,10010000010000101100011000001110010110101010,10010000010000100010000111110010001100110001,10.0
11,10000000010000110010000111110010001101110001,0.2048731338675367,-2.6923424464088583,0.8128652,10000000010000110010000111110010001100110001,10010000011010110110000111110010001101110001,10.0
11,10010000011010110110000111110010001100110001,12.82770939533934,-2.695394204948954,0.6706831,10000000010000110010000111110010001100110001,10010000011010110110000111110010001101110001,10.0
11,10010000011000010010000111110001001100010111,12.796428870303359,-2.891946528422011,0.6632808,10010000011000010010000111110001001100010111,10000000011010110010000111110000001100111110,10.0
11,10000000011010110010000111110000001100111110,0.32694347547136715,-3.085399409627769,0.9890254,10010000011000010010000111110001001100010111,10000000011010110010000111110000001100111110,10.0
11,01110000011010110010000111110011011100110110,-12.173059504761582,-2.451015103105334,0.8587866,01110000011010110010000111110011011100000111,01110100011010001100011000101111001100110110,10.0
11,01110100011010001100011000101110001100000111,-9.055259002508876,9.0213558724775,0.8355626,01110000011010110010000111110011011100000111,01110100011010001100011000101111001100110110,10.0
11,10001011101111001100011000001110110111100111,9.169842998944048,2.904105878855205,0.8877801,10001011101111001100011000001110110110100111,01110000011010110000100001111100110010110001,10.0
11,00110000011010110000100001111100010010110001,-62.173357528056506,-75.72397606944467,0.5017083,10001011101111001100011000001110110110100111,01110000011010110000100001111100110010110001,10.0
11,10000001011001100010000111110000010110101010,1.092934869035446,-3.055835498770591,0.9791163,10000001011001100010000111110000010110101010,10001011101000011010000111110000001100111100,10.0
11,10001011101000011010000111110000001100111100,9.087016364816748,-3.085494777082147,0.8947253,10000001011001100010000111110000010110101010,10001011101000011010000111110000001100111100,10.0
11,10010000011110000100011000101111010110110110,12.867048470270262,9.249427139622483,0.8072409,10010000011110000100011000101111010110110110,10010000011110001100011000101111010110101010,10.0
11,10010000011110001100011000101111010110101010,12.86857434954031,9.248854934896215,0.8070681,10010000011110000100011000101111010110110110,10010000011110001100011000101111010110101010,10.0
11,10001011101010110010000111110000001100111110,9.116008070947657,-3.085399409627769,0.8860164,10001011101111101100111000001110010110001010,10000000011010110010000111110000001100111110,10.0
11,10000000011111101100111000001110010110001010,0.38697728800232767,2.8020150189435498,0.8987925,10001011101111101100111000001110010110001010,10000000011010110010000111110000001100111110,10.0
11,10010000011110001100011000101111010110101010,12.86857434954031,9.248854934896215,0.8070681,10010000000000110010000111110010001100110110,10010000011110001100011000101111010110101010,10.0
11,10010000000000110010000111110010001100110110,12.509563567534343,-2.695155786313009,0.8307362,10010000000000110010000111110010001100110110,10010000011110001100011000101111010110101010,10.0
11,10010000011010001100011000101111010110110110,12.819746212898778,9.249427139622483,0.8136481,10010000011010001100011000101111001100110110,01110000011010000100011000101111010110110110,10.0
11,01110000011010000100011000101111001100110110,-12.181785626837168,9.218909554221526,0.7139215,10010000011010001100011000101111001100110110,01110000011010000100011000101111010110110110,10.0
11,10010000010110001100011001111111011100111110,12.770918076257246,24.893122885971763,0.6304748,10010000011110001100011000101111001110101010,01110000011000110010010111111111011100111110,10.0
11,01110000011000110010010110101111001110101010,-12.19742588935516,-15.77556509389045,0.3529062,10010000011110001100011000101111001110101010,01110000011000110010010111111111011100111110,10.0
11,01110000000000110010000111110010001100110110,-12.490442392931556,-2.695155786313009,0.8369133,01110100011010110010000111110000001100110110,10010000000000110010000111110010001100110110,10.0
11,10010100011010010010000111110000001100110110,15.94584368368237,-3.085780879445281,0.6510123,01110100011010110010000111110000001100110110,10010000000000110010000111110010001100110110,10.0
11,01110000011010110010000111110001011110101010,-12.173059504761582,-2.836108883883682,0.8706282,01110000011010110010000111110001011110101010,10000000011010110010000111110010001000001011,10.0
11,10000000111010110010000111110010001000001011,0.717568568603653,-2.709413220742519,0.8835104,01110000011010110010000111110001011110101010,10000000011010110010000111110010001000001011,10.0
11,10001011101101101100111000001000000110101101,9.151627815157852,1.582980533356789,0.907879,10001011101101101100111000001110010110101010,10010000010000100010000111110000000110101101,10.0
11,10010000010000100010100111110110010110101010,12.701919723014768,-1.883960219373762,0.8143201,10001011101101101100111000001110010110101010,10010000010000100010000111110000000110101101,10.0
11,10010000011000110010010111010000010110110110,12.80258007111074,-9.305264784160798,0.8107281,10010000011000110010010111010000010110101010,10010000011110000100011000101111010110110110,10.0
11,10010000011110000100011000101111010110101000,12.867048470270262,9.248759567441837,0.807315,10010000011000110010010111010000010110101010,10010000011110000100011000101111010110110110,10.0
11,01110000011010110010000111110110000100010111,-12.173059504761582,-1.9397978639120765,0.8343113,01110000011010110010000111110110000100010111,11110000011010110010000111110000001110101010,10.0
11,11110000011010110010000111110000001110101010,87.82696433710203,-3.080249567091357,0.5064793,01110000011010110010000111110110000100010111,11110000011010110010000111110000001110101010,10.0
11,10010000011100001100011001101110001100110001,12.844160281219544,21.523361569252387,0.6868437,10010000011100001100011001101111010110010111,01110000010000110010000111110010001100110001,10.0
11,01110000010000110010000111110011010110010111,-12.295129846365413,-2.4708038498887674,0.8728504,10010000011100001100011001101111010110010111,01110000010000110010000111110010001100110001,10.0
11,10001011111010110010000111110111010110001010,9.3113206175138,-1.6901735520776668,0.9199211,10001011111010110010000111110111010110001010,10001011101111101100111000001110010110001010,10.0
11,10001011101111101100111000001110010110001010,9.176041883478618,2.8020150189435498,0.895387,10001011111010110010000111110111010110001010,10001011101111101100111000001110010110001010,10.0
11,01110000010011110010000111010000001100010111,-12.258508743884263,-9.337260565104614,0.7700877,01110000011011110010000111010000001100010111,10010000010000100010000111110000000110101001,10.0
11,10010000010000100010000111110000000110101001,12.70182435556039,-3.1047113191393123,0.6912221,01110000011011110010000111010000001100010111,10010000010000100010000111110000000110101001,10.0
11,01010000011010110010000111110000001101111110,-37.173065465227474,-3.082347651087673,0.5611082,01010000011010110010010111111111011100111110,10000000011010110010000111110000001100111110,10.0
11,10000000011010110010010111111111001100111110,0.32699115919855615,-0.15571121113568154,0.8743683,01010000011010110010010111111111011100111110,10000000011010110010000111110000001100111110,10.0
11,01110000011010110010000111110011011100000111,-12.173059504761582,-2.453256238283217,0.8588772,01110000011010110010000111110011011100000111,01110000011010110010000111110000010110101010,10.0
11,01110000011010110000000111110100010110101010,-12.173440974579094,-2.2745853125060336,0.8511739,01110000011010110010000111110011011100000111,01110000011010110010000111110000010110101010,10.0
11,01110000011010110010000111110010001100110001,-12.173059504761582,-2.695394204948954,0.8672751,01110000011010110010000111110011011100000111,01110000010000110010000111110010001100110001,10.0
11,01110000010000110010000111110011011100000111,-12.295129846365413,-2.453256238283217,0.8727665,01110000011010110010000111110011011100000111,01110000010000110010000111110010001100110001,10.0
11,01110000011010110010000111110001011110110110,-12.173059504761582,-2.835536679157414,0.8706172,01110000011010110010000111110001011110101010,01110000011101100010111001010111000100110110,10.0
11,01110000011101100010111001010111000100101010,-12.139347109638962,17.00642514382008,0.3587568,01110000011010110010000111110001011110101010,01110000011101100010111001010111000100110110,10.0
11,10010000011000101111011000001111010100101101,12.802007866384471,2.992892978881116,0.6446021,10010000011000101111011000001111010110101010,10000000011000010010000111110001001100101101,10.0
11,10000000011000010010000111110001001110101010,0.29642589007040954,-2.8849370205252285,0.9354623,10010000011000101111011000001111010110101010,10000000011000010010000111110001001100101101,10.0
11,11001010011010110010010111110000010110101010,58.13950494277594,-3.055835498770591,0.4745706,11001010011010110010010111110110000100010111,10010000011010110010000111110000010110101010,10.0
11,10010000011010110010000111110110000100010111,12.826946455704316,-1.9397978639120765,0.7518242,11001010011010110010010111110110000100010111,10010000011010110010000111110000010110101010,10.0
11,01110000011010100010000111110001011110101010,-12.176111263301678,-2.836108883883682,0.8708723,01110000011010110010000111110110000100110110,01110000011010100010000111110001011110101010,10.0
11,00110000011010110010000111110110000100110110,-62.17307142569337,-1.9383196683692177,0.5065065,01110000011010110010000111110110000100110110,01110000011010100010000111110001011110101010,10.0
11,10001011101111001100011000101111001100110110,9.169842998944048,9.218909554221526,0.7350676,10001011101111001100011000101111001100110110,10000000011010110010000111110010001000001011,10.0
11,10000000011010110010000111110010001001001011,0.32694347547136715,-2.7063614622024232,0.8320747,10001011101111001100011000101111001100110110,10000000011010110010000111110010001000001011,10.0
11,10010000011010110010000111101111001110101010,12.826946455704316,-3.2755621136575,0.581253,10000000011010110010000111110010001000001011,10010000011110001100011000101111001110101010,10.0
11,10010000011110001100111000110010001000001011,12.868669716994688,9.79058975949043,0.6895009,10000000011010110010000111110010001000001011,10010000011110001100011000101111001110101010,10.0
11,10010000011010110110000111110010001101110001,12.82770939533934,-2.6923424464088583,0.6710912,10010000011010110110000111110010001101110001,10011011101110001101011000001110010110101010,10.0
11,10011011101110001101011000001110010110101010,21.65782967992537,2.8035408982135976,0.7186259,10010000011010110110000111110010001101110001,10011011101110001101011000001110010110101010,10.0
11,01111000011010110010000111110010000100010111,-5.9230580146451075,-2.721048050176634,0.9101892,01110000011010110010000111110010000100010111,01110000011010110010000111110010000100010111,10.0
11,01110010011010110010000111110010000100010111,-10.610559132232453,-2.721048050176634,0.1027779,01110000011010110010000111110010000100010111,01110000011010110010000111110010000100010111,10.0
11,01110000011010110010000111110000001100100010,-12.173059504761582,-3.0867345539890607,0.8730037,01110000011000110011000110001110000110010111,10001011111010110010000111110000001100110010,10.0
11,10001011111000110011000110001110000110010111,9.28709728410179,-22.246199189710424,0.4074944,01110000011000110011000110001110000110010111,10001011111010110010000111110000001100110010,10.0
11,01110000010000100010000111110000000110101101,-12.298181604905508,-3.1045205842305563,0.8607999,01110000011010100010000111110001011110101010,10010000010000100010000111110000000110101101,10.0
11,10010000011010101010000111110001011110101010,12.825420576434269,-2.836108883883682,0.6526073,01110000011010100010000111110001011110101010,10010000010000100010000111110000000110101101,10.0
11,10010000011110001100011100101101011110101000,12.86857434954031,58.88256046356213,0.5092139,10010000011110001100011100101111011110101010,01110000011010110010000111110000010110101010,10.0
11,01110000011010110010000111110000010110101010,-12.173059504761582,-3.055835498770591,0.8729925,10010000011110001100011100101111011110101010,01110000011010110010000111110000010110101010,10.0
11,01110000011010110010000111110001011110101010,-12.173059504761582,-2.836108883883682,0.8706282,01110000011010110010000111110001011110101010,01110000011010110010000111110001011110101010,10.0
11,01110000011010110010010111110001011110101010,-12.173011821034393,-2.836108883883682,0.8706243,01110000011010110010000111110001011110101010,01110000011010110010000111110001011110101010,10.0
11,10010000011110001100011000101111010110101011,12.86857434954031,9.248902618623404,0.8070628,10010000011110001100011000101111010110101011,10010000011000110010010111010000010110101010,10.0
11,10010000010000110010010111010000010110101010,12.704923797827675,-9.305836988887066,0.8199676,10010000011110001100011000101111010110101011,10010000011000110010010111010000010110101010,10.0
11,10000000010000110010000111110001001000111010,0.2048731338675367,-2.902484632130779,0.9397086,10000000010000110010000111110010001100110010,10000011101111001100011011110001001000111010,10.0
11,10100011101111001100011011110010001100110010,27.919847469293472,47.304665399710046,0.4691627,10000000010000110010000111110010001100110010,10000011101111001100011011110001001000111010,10.0
11,10001111111010001100011000001110010110101010,12.429121119766506,2.8035408982135976,0.8476441,10001111111010001100011000001110010110101010,10010000010000100010000111110010001100110001,10.0
11,10010000010000100010000111110010001100110001,12.70182435556039,-2.695394204948954,0.7453085,10001111111010001100011000001110010110101010,10010000010000100010000111110010001100110001,10.0
11,10010000000000110010000111010101011110101010,12.509563567534343,-8.3048601877356,0.5614119,10010000000000110010000111110010001100110110,10010000011100001100111001010101011110101010,10.0
11,10010000011100001101111001110010001100110110,12.844446383582678,22.30485017415289,0.5635028,10010000000000110010000111110010001100110110,10010000011100001100111001010101011110101010,10.0
11,10000000011010110010000111110010001000001011,0.32694347547136715,-2.709413220742519,0.8342628,10000000011010110010000111110010001000001011,01110100011010110010000111110000001100110110,10.0
11,01110100011010110010000111110000001100110110,-9.048058759703338,-3.085780879445281,0.9045606,10000000011010110010000111110010001000001011,01110100011010110010000111110000001100110110,10.0
11,01110000011010110010000111110011011100000111,-12.173059504761582,-2.453256238283217,0.8588772,01110000011010110010000111110011011100000111,11010000001000110010010111110000100010111010,10.0
11,11010000001000110010010111110000100010111010,62.607279445476394,-3.018451456654418,0.5196402,01110000011010110010000111110011011100000111,11010000001000110010010111110000100010111010,10.0
11,10001111111010001100011000001110010110101010,12.429121119766506,2.8035408982135976,0.8476441,10001111111010001100011000001110010110101010,10010000011000010010000111110001001100010111,10.0
11,10010000011000010010000111110001001100010111,12.796428870303359,-2.891946528422011,0.6632808,10001111111010001100011000001110010110101010,10010000011000010010000111110001001100010111,10.0
11,10010000000000110010000111110010001100110110,12.509563567534343,-2.695155786313009,0.8307362,10010000000000110010000111110010001100110110,10010000011010110010000111001111010110001110,10.0
11,10010000011010110010000111001111010110001110,12.826946455704316,-9.5024846798145,0.7770209,10010000000000110010000111110010001100110110,10010000011010110010000111001111010110001110,10.0
11,01110000011011110010000111010000011100010111,-12.1608524706012,-9.288432428463082,0.7260378,01110000011011110010000111010000001100010111,10000000011010110010000111110000001100111110,10.0
11,10000000011010110010000111110000001100111110,0.32694347547136715,-3.085399409627769,0.9890254,01110000011011110010000111010000001100010111,10000000011010110010000111110000001100111110,10.0
11,01110000011010110010000111110010001100110110,-12.173059504761582,-2.695155786313009,0.8672684,01110000011010110010000111110110000100010111,01110000000000110010000111110010001100110110,10.0
11,01110000000000110010000111110110000100010111,-12.490442392931556,-1.9397978639120765,0.8676842,01110000011010110010000111110110000100010111,01110000000000110010000111110010001100110110,10.0
11,10010000011010110010000111110111010110001010,12.826946455704316,-1.6901735520776668,0.77022,10010000011010110010000111110111010110001010,10001011101101100010111001010111000100110110,10.0
11,10001011101101100010111001010111000100110110,9.149720466070292,17.00699734854635,0.659639,10010000011010110010000111110111010110001010,10001011101101100010111001010111000100110110,10.0
11,11110000011010100010000111110010001100110001,87.82391257856193,-2.695394204948954,0.5064458,10010000011010100010000111110001011110101010,01110000011010100010000111110010001100110001,10.0
11,00010000011010100010000111110001011110101010,-87.17612914469937,-2.836108883883682,0.5005804,10010000011010100010000111110001011110101010,01110000011010100010000111110010001100110001,10.0
11,10001011101111001100011010001110000110010111,9.169842998944048,27.753812731221373,0.4515892,10001011101111001100011000101111001100110110,01110000011000110011000110001110000110010111,10.0
11,01110000011000110011000100101111001100110110,-12.197282838173592,-40.78110236671027,0.4397604,10001011101111001100011000101111001100110110,01110000011000110011000110001110000110010111,10.0
11,10010000011110001100011111010001011110101010,12.86857434954031,90.91391346786344,0.5008004,10010000011110001100011000101111010110101011,10010000011010110010000111010001011110101010,10.0
11,10010000011010110010000000101111010110101011,12.826946455704316,-90.75112122324019,0.5025974,10010000011110001100011000101111010110101011,10010000011010110010000111010001011110101010,10.0
11,10000000000000110010000111110010001100110110,0.009560587301393753,-2.695155786313009,0.8090946,10001011101111101100111000001110010110001010,10010000000000110010000111110010001100110110,10.0
11,10011011001111101100111000001110010110001010,21.28541977057928,2.8020150189435498,0.6177459,10001011101111101100111000001110010110001010,10010000000000110010000111110010001100110110,10.0
11,10000000010000110010000111110010001100110001,0.2048731338675367,-2.695394204948954,0.8151662,10000000010000110010000111110010001100110001,10010000011110001100011000101111010110101011,10.0
11,10010000011110001100011000101111010110101011,12.86857434954031,9.248902618623404,0.8070628,10000000010000110010000111110010001100110001,10010000011110001100011000101111010110101011,10.0
12,10000000010000110010000111110001001000111010,0.2048731338675367,-2.902484632130779,0.9397086,10000000010000110010000111110001001000111010,01110000010000100010000111110000000110101101,11.0
12,01110000010000100010000111110000000110101101,-12.298181604905508,-3.1045205842305563,0.8607999,10000000010000110010000111110001001000111010,01110000010000100010000111110000000110101101,11.0
12,01110000011011110010000111010000011100010111,-12.1608524706012,-9.288432428463082,0.7260378,01110000011011110010000111010000011100010111,01110000010000100010000111110000000110101101,11.0
12,01110000010000100010000111110000000110101101,-12.298181604905508,-3.1045205842305563,0.8607999,01110000011011110010000111010000011100010111,01110000010000100010000111110000000110101101,11.0
12,10001011111010110010000111110111010110001010,9.3113206175138,-1.6901735520776668,0.9199211,10001011111010110010000111110111010110001010,10000000011010110010000111110000001100111110,11.0
12,10000000011010110010000111110000001000111110,0.32694347547136715,-3.097606443788152,0.989734,10001011111010110010000111110111010110001010,10000000011010110010000111110000001100111110,11.0
12,10010000011110001100011000101111010110101101,12.86857434954031,9.248997986077782,0.8070521,10010000011110001100011000101111010110101011,01110000010000100010000111110000000110101101,11.0
12,01110000010000100010000111110000010110101011,-12.298181604905508,-3.055787815043402,0.8629337,10010000011110001100011000101111010110101011,01110000010000100010000111110000000110101101,11.0
12,10010000011100001101111001110010001100110110,12.844446383582678,22.30485017415289,0.5635028,10000000000000110010000111110010001100110110,10010000011100001101111001110010001100110110,11.0
12,10000000000000110010000111110010001100110110,0.009560587301393753,-2.695155786313009,0.8090946,10000000000000110010000111110010001100110110,10010000011100001101111001110010001100110110,11.0
12,01110000010011110010000111010000001100010111,-12.258508743884263,-9.337260565104614,0.7700877,01110000010011110010000111010000001100010111,10010000011100001100011001101110001100110001,11.0
12,10010000011100001100011001101110001100110001,12.844160281219544,21.523361569252387,0.6868437,01110000010011110010000111010000001100010111,10010000011100001100011001101110001100110001,11.0
12,10010000011010101010000111110001011110101010,12.825420576434269,-2.836108883883682,0.6526073,10010000011010110010000000101111010110101011,01110000011010100010000111110001011110101010,11.0
12,01110000011010110010000000101111010110101011,-12.173059504761582,-90.75112122324019,0.5034604,10010000011010110010000000101111010110101011,01110000011010100010000111110001011110101010,11.0
12,10001010010000110010000111110011011100000111,8.017374996513126,-2.453256238283217,0.2868738,10001011101111001100011000001110110111100111,01110000010000110010000111110011011100000111,11.0
12,01110001101111001100011000001110110111100111,-11.142661843934505,2.904105878855205,0.3022258,10001011101111001100011000001110110111100111,01110000010000110010000111110011011100000111,11.0
12,01110000011010110010000111110001011110101010,-12.173059504761582,-2.836108883883682,0.8706282,01110000011010110010000111110001011110101010,10001011111010110010000111110111010110001010,11.0
12,10001011111010110010000111110111010110001010,9.3113206175138,-1.6901735520776668,0.9199211,01110000011010110010000111110001011110101010,10001011111010110010000111110111010110001010,11.0
12,10010000011110001100100111010000011100010111,12.8686220332675,-9.288432428463082,0.802309,10010000011110001100111000110010001000001011,01110000011011110010000111010000011100010111,11.0
12,01110000011011010010011000110010001000001011,-12.166908303954202,9.79058975949043,0.8178136,10010000011110001100111000110010001000001011,01110000011011110010000111010000011100010111,11.0
12,10000000011010110010000111110000001100111110,0.32694347547136715,-3.085399409627769,0.9890254,10000000011010110010000111110000001100111110,10010000011010110010000111110111010110001010,11.0
12,10010000011010110010000111110111010110001010,12.826946455704316,-1.6901735520776668,0.77022,10000000011010110010000111110000001100111110,10010000011010110010000111110111010110001010,11.0
12,01110000010000110010000111110011010110010111,-12.295129846365413,-2.4708038498887674,0.8728504,01110000010000110010000111110011010110010111,01110000011010110010000111110001011110101010,11.0
12,01110000011010110010000111110001011110101010,-12.173059504761582,-2.836108883883682,0.8706282,01110000010000110010000111110011010110010111,01110000011010110010000111110001011110101010,11.0
12,10010000011110000100011000101111010110101000,12.867048470270262,9.248759567441837,0.807315,10010000011110000100011000101111010110101000,01110000011010110010000111110000001100100010,11.0
12,01110000011010110010000111110000001100100010,-12.173059504761582,-3.0867345539890607,0.8730037,10010000011110000100011000101111010110101000,01110000011010110010000111110000001100100010,11.0
12,01110000011010110010000111110010001100110001,-12.173059504761582,-2.695394204948954,0.8672751,01110000011010110010000111110010001100110001,10010000010000100010100111110110010110101010,11.0
12,00010000010000100010100111110110010110101010,-87.29810411884883,-1.883960219373762,0.5018478,01110000011010110010000111110010001100110001,10010000010000100010100111110110010110101010,11.0
12,01110000000000110010000111110110000100010111,-12.490442392931556,-1.9397978639120765,0.8676842,01110000000000110010000111110110000100010111,01110000011010000100011000101111001100110110,11.0
12,01110000011010000100011000101111001100110110,-12.181785626837168,9.218909554221526,0.7139215,01110000000000110010000111110110000100010111,01110000011010000100011000101111001100110110,11.0
12,10001011101111101100111011110011011100110110,9.176041883478618,47.54899681782646,0.4616002,10001011101111101100111000001110010110001010,01110000011010110010000111110011011100110110,11.0
12,01110000011010110010000100001110010110001010,-12.173059504761582,-47.19799690198825,0.4563267,10001011101111101100111000001110010110001010,01110000011010110010000111110011011100110110,11.0
12,10000000011010110010000101110000001100111110,0.32694347547136715,-28.085405370093667,0.6454391,10000000011010110010000111110000001100111110,10000000011010110010010111111111001100111110,11.0
12,10000000011010110010010111111111001100111110,0.32699115919855615,-0.15571121113568154,0.8743683,10000000011010110010000111110000001100111110,10000000011010110010010111111111001100111110,11.0
12,00110000011010110100011000101111010110110110,-62.17264227214867,9.249427139622483,0.5203723,00110000011010110000100001111100010010110001,10010000011110000100011000101111010110110110,11.0
12,10010000011110000000100001111100010010110001,12.866333214362427,-75.72397606944467,0.4900285,00110000011010110000100001111100010010110001,10010000011110000100011000101111010110110110,11.0
12,10001011101111001100011000001110110111100111,9.169842998944048,2.904105878855205,0.8877801,10001011101111001100011000001110110111100111,10010000011000010010000111110001001100010111,11.0
12,10010000011000010010000111110001001100010111,12.796428870303359,-2.891946528422011,0.6632808,10001011101111001100011000001110110111100111,10010000011000010010000111110001001100010111,11.0
12,11001010011010110010000111110001011110101010,58.139457259048754,-2.836108883883682,0.4744464,11001010011010110010010111110000010110101010,01110000011010100010000111110001011110101010,11.0
12,01110000011010100010010111110000010110101010,-12.176063579574489,-3.055835498770591,0.8730069,11001010011010110010010111110000010110101010,01110000011010100010000111110001011110101010,11.0
12,01110000010000110010000111110011011100000111,-12.295129846365413,-2.453256238283217,0.8727665,01110000010000110010000111110011011100000111,01110000010000110010000111110011011100000111,11.0
12,00110000010000110010000111110001011100000111,-62.29514176729721,-2.8438813314154885,0.5122767,01110000010000110010000111110011011100000111,01110000010000110010000111110011011100000111,11.0
12,01111000011010110010000111110010000100010111,-5.9230580146451075,-2.721048050176634,0.9101892,01111000011010110010000111110010000100010111,10000000011010110010000111110010001001001011,11.0
12,10000000111010110010000111110010001001001011,0.717568568603653,-2.7063614622024232,0.8816958,01111000011010110010000111110010000100010111,10000000011010110010000111110010001001001011,11.0
12,10010000011010110010000000101000001100111110,12.826946455704316,-92.14792064378754,0.495964,10010000011010110010000000101111010110101011,10000000011010110010000111110000001100111110,11.0
12,10000000011010110010000111110111010110101011,0.32694347547136715,-1.68859998908043,0.0249003,10010000011010110010000000101111010110101011,10000000011010110010000111110000001100111110,11.0
12,10001011101111101100111000001110010110110110,9.176041883478618,2.8041131029398656,0.8952073,10001011101111101100111000001110010110001010,01110000011010110010000111110001011110110110,11.0
12,01110000011010111010000111110001011110001010,-12.171533625491534,-2.83763476315373,0.8705311,10001011101111101100111000001110010110001010,01110000011010110010000111110001011110110110,11.0
12,01110000010000110010010111010000010110101010,-12.295082162638224,-9.305836988887066,0.77361,01110000000000110010000111110110000100010111,10010000010000110010010111010000010110101010,11.0
12,10010000000000110010000111110110000100010111,12.509563567534343,-1.9397978639120765,0.8650553,01110000000000110010000111110110000100010111,10010000010000110010010111010000010110101010,11.0
12,01110010011010000100011000101111001100110110,-10.61928525430804,9.218909554221526,0.155342,01110000011010000100011000101111001100110110,10001011101000011010000111110000001100111100,11.0
12,10001011101000011010000111110000001100111100,9.087016364816748,-3.085494777082147,0.8947253,01110000011010000100011000101111001100110110,10001011101000011010000111110000001100111100,11.0
12,10001011101111101100111000001110010110001010,9.176041883478618,2.8020150189435498,0.895387,10001011101111101100111000001110010110001010,01110000011010110010000111110010001100110110,11.0
12,01110000011010110010000111110010001100110110,-12.173059504761582,-2.695155786313009,0.8672684,10001011101111101100111000001110010110001010,01110000011010110010000111110010001100110110,11.0
12,10010000010000100010000111110010010110101010,12.70182435556039,-2.6652104056383195,0.748746,10010000010000100010000111110010010110101010,01110000010000110010000111110011011100000111,11.0
12,01110000010000110010000111110011011100000111,-12.295129846365413,-2.453256238283217,0.8727665,10010000010000100010000111110010010110101010,01110000010000110010000111110011011100000111,11.0
12,01100000011010110010000111110010001001001011,-24.67306248499453,-2.7063614622024232,0.6554345,01110000011010110010000111110000001100100010,10000000011010110010000111110010001001001011,11.0
12,10010000011010110010000111100000001100100010,12.826946455704316,-6.211735299047305,0.163626,01110000011010110010000111110000001100100010,10000000011010110010000111110010001001001011,11.0
12,01110000000000110010000111110110000100010111,-12.490442392931556,-1.9397978639120765,0.8676842,01110000000000110010000111110110000100010111,10010000011000110010010111010000010110110110,11.0
12,10010000011000110010010111010000010110110110,12.80258007111074,-9.305264784160798,0.8107281,01110000000000110010000111110110000100010111,10010000011000110010010111010000010110110110,11.0
12,10011011001111101100111000001110010110001010,21.28541977057928,2.8020150189435498,0.6177459,10011011001111101100111000001110010110001010,01110000011010100010000111110001011110101010,11.0
12,01110000011010100010000101110001011110101010,-12.176111263301678,-27.83611484434958,0.4356938,10011011001111101100111000001110010110001010,01110000011010100010000111110001011110101010,11.0
12,10001111111010000000000111110000001100111100,12.426784617134246,-3.085494777082147,0.8281272,10001111111010001100011000001110010110101010,10001011101000011010000111110000001100111100,11.0
12,10001011100000011010011000001110010110101010,8.989407775260872,2.8035408982135976,0.9218107,10001111111010001100011000001110010110101010,10001011101000011010000111110000001100111100,11.0
12,01111000011010110010000111110010000100010111,-5.9230580146451075,-2.721048050176634,0.9101892,01111000011010110010000111110010000100010111,10010000011010110110000111110010001101110001,11.0
12,10010000011010110110000111110010001101110001,12.82770939533934,-2.6923424464088583,0.6710912,01111000011010110010000111110010000100010111,10010000011010110110000111110010001101110001,11.0
12,01110000011010100010000111110000001100111110,-12.176111263301678,-3.085399409627769,0.8729875,01110000011010100010000111110001011110101010,10000000011010110010000111110000001100111110,11.0
12,10000000011010110010010111110001011110101010,0.32699115919855615,-2.836108883883682,0.9132689,01110000011010100010000111110001011110101010,10000000011010110010000111110000001100111110,11.0
12,01110000000000110010000111110110000100010111,-12.490442392931556,-1.9397978639120765,0.8676842,01110000000000110010000111110110000100010111,01110000010000100010000111110000000110101101,11.0
12,01110000010000100010000111110000000110101101,-12.298181604905508,-3.1045205842305563,0.8607999,01110000000000110010000111110110000100010111,01110000010000100010000111110000000110101101,11.0
12,10000001011001100010000111110000010110101010,1.092934869035446,-3.055835498770591,0.9791163,10000001011001100010000111110000010110101010,10011011001111101100111000001110010110001010,11.0
12,10011011001111101100111000011110010110001010,21.28541977057928,5.927015764001794,0.7208882,10000001011001100010000111110000010110101010,10011011001111101100111000001110010110001010,11.0
12,10010000011010110010000111110000001100111110,12.826946455704316,-3.085399409627769,0.6133887,10010000011110001100111000110010001000001011,10001011101010110010000111110000001100111110,11.0
12,10001011101110001100111000110010001010001011,9.157731332238043,9.796693276570622,0.4579659,10010000011110001100111000110010001000001011,10001011101010110010000111110000001100111110,11.0
12,11001010010000110010000111110010000100110001,58.017386917444924,-2.71980827326972,0.4739355,11001010011010110010010111110000010110101010,10000000010000110010000111110010001100110001,11.0
12,10000010011010110010010011110000010110101010,1.8894915317276855,-53.05584741970239,0.5276033,11001010011010110010010111110000010110101010,10000000010000110010000111110010001100110001,11.0
12,10000000011010110010000111110000001100111111,0.32694347547136715,-3.08535172590058,0.9890221,10000000011010110010000111110000001100111110,10001111111010001100011000001110010110101010,11.0
12,10001111111010001100011000001110010110101010,12.429121119766506,2.8035408982135976,0.8476441,10000000011010110010000111110000001100111110,10001111111010001100011000001110010110101010,11.0
12,01110000011010110010000111010010000110101010,-12.173059504761582,-8.964040032396326,0.6258797,01110000011010110010000111110010001100110110,01110000011010110000000111110100010110101010,11.0
12,01110000011010110000000111110100011100110110,-12.173440974579094,-2.255702556539191,0.8502918,01110000011010110010000111110010001100110110,01110000011010110000000111110100010110101010,11.0
12,10010000011110000100011000101111010110110110,12.867048470270262,9.249427139622483,0.8072409,10010000011110000100011000101111010110110110,10000000011010110010000111110000001100111110,11.0
12,10000000011010110010000111110000001100111110,0.32694347547136715,-3.085399409627769,0.9890254,10010000011110000100011000101111010110110110,10000000011010110010000111110000001100111110,11.0
12,10001111111010001100011000000010001100110001,12.429121119766506,0.42960654010929034,0.8624502,10001111111010001100011000001110010110101010,01110000011010110010000111110010001100110001,11.0
12,01110000011010110010000111111110010110101010,-12.173059504761582,-0.3214598468446326,0.770076,10001111111010001100011000001110010110101010,01110000011010110010000111110010001100110001,11.0
12,10010000011010110010000111001111010110001110,12.826946455704316,-9.5024846798145,0.7770209,10010000011010110010000111001111010110001110,10000001011001100010000111110000010110101010,11.0
12,10000001011001100010000111110000010110101010,1.092934869035446,-3.055835498770591,0.9791163,10010000011010110010000111001111010110001110,10000001011001100010000111110000010110101010,11.0
12,10010000010110011100011001111111011100111110,12.773969834797342,24.893122885971763,0.6307078,10010000010110001100011001111111011100111110,10010000010000100010000111110010001100110001,11.0
12,10010000010000100010000111110010001100110001,12.70182435556039,-2.695394204948954,0.7453085,10010000010110001100011001111111011100111110,10010000010000100010000111110010001100110001,11.0
12,10001011101000011010000111110000001100111111,9.087016364816748,-3.08535172590058,0.8947389,10001011101000011010000111110000001100111100,01110000011010110010000111110011011100000111,11.0
12,01110000011010110010000111110011011000000100,-12.173059504761582,-2.465606323625167,0.8593726,10001011101000011010000111110000001100111100,01110000011010110010000111110011011100000111,11.0
12,10010000011010110010000111110111000100010111,12.826946455704316,-1.7444853173459336,0.7665296,10010000011010110010000111110110000100010111,10010000011000010010000111110001001100010111,11.0
12,10010000011100010010000111110001001100010111,12.845257006944891,-2.891946528422011,0.6313215,10010000011010110010000111110110000100010111,10010000011000010010000111110001001100010111,11.0
12,10000000000000010010000111001111010110001110,0.0034570702212022297,-9.5024846798145,0.9155411,10000000000000110010000111110010001100110110,10010000011010110010000111001111010110001110,11.0
12,10010000011010110010000111110010001100110110,12.826946455704316,-2.695155786313009,0.6712008,10000000000000110010000111110010001100110110,10010000011010110010000111001111010110001110,11.0
12,10000000010000110010000111110001001000111010,0.2048731338675367,-2.902484632130779,0.9397086,10000000010000110010000111110001001000111010,01110000011010110010000111110001011110101010,11.0
12,01110000011010110010000111110001011110101010,-12.173059504761582,-2.836108883883682,0.8706282,10000000010000110010000111110001001000111010,01110000011010110010000111110001011110101010,11.0
12,10010000011000101111011000001111001100110110,12.802007866384471,2.968908064105051,0.6482575,10010000011000101111011000001111010100101101,10010000000000110010000111110010001100110110,11.0
12,10010000000000110010000111110010010100101101,12.509563567534343,-2.671170871536944,0.8324434,10010000011000101111011000001111010100101101,10010000000000110010000111110010001100110110,11.0
12,01111000011010110010000111110010000100010111,-5.9230580146451075,-2.721048050176634,0.9101892,01111000011010110010000111110010000100010111,10001011101101101100111000001000000110101101,11.0
12,10001011101101101100111000001000000110101101,9.151627815157852,1.582980533356789,0.907879,01111000011010110010000111110010000100010111,10001011101101101100111000001000000110101101,11.0
13,01110000000000110010000111110110000100010111,-12.490442392931556,-1.9397978639120765,0.8676842,01110000000000110010000111110110000100010111,01110000000000110010000111110110000100010111,12.0
13,01110000000000110010000111110110000100010111,-12.490442392931556,-1.9397978639120765,0.8676842,01110000000000110010000111110110000100010111,01110000000000110010000111110110000100010111,12.0
13,10001111111010000000000111110000001100111000,12.426784617134246,-3.085685511990903,0.828111,10001111111010000000000111110000001100111100,01110000010000100010000111110000000110101101,12.0
13,01110000010000100010000111110000000110101101,-12.298181604905508,-3.1045205842305563,0.8607999,10001111111010000000000111110000001100111100,01110000010000100010000111110000000110101101,12.0
13,01111111111010001100011000101110010110101010,-0.07088186046644296,9.053542388330072,0.8148538,01110000011010110010000111110001011110101010,10001111111010001100011000001110010110101010,12.0
13,10000000011010010010000111110001011110101010,0.32083995839117563,-2.836108883883682,0.9128992,01110000011010110010000111110001011110101010,10001111111010001100011000001110010110101010,12.0
13,01110000011010110010010011110000010110101010,-12.173011821034393,-53.05584741970239,0.4851901,01110000011010110010000111110001011110101010,10000010011010110010010011110000010110101010,12.0
13,10000010011010110010000111110001011110101010,1.8894438480004965,-2.836108883883682,0.9209277,01110000011010110010000111110001011110101010,10000010011010110010010011110000010110101010,12.0
13,10000001011001100010000111110000010110101010,1.092934869035446,-3.055835498770591,0.9791163,10001011101111001100011000001110110111100111,10000001011001100010000111110000010110101010,12.0
13,10001011101111001100011000001110110111100111,9.169842998944048,2.904105878855205,0.8877801,10001011101111001100011000001110110111100111,10000001011001100010000111110000010110101010,12.0
13,10000000000000010010000111110110000100010111,0.0034570702212022297,-1.9397978639120765,0.1328634,10000000000000010010000111001111010110001110,01110000000000110010000111110110000100010111,12.0
13,01110000000000110010000111001101010110001110,-12.490442392931556,-9.893109772946787,0.7861391,10000000000000010010000111001111010110001110,01110000000000110010000111110110000100010111,12.0
13,01110000011010110010000111110000001100100010,-12.173059504761582,-3.0867345539890607,0.8730037,01110000011010110010000111110000001100100010,10010000011110000100011000101111010110101000,12.0
13,10010000011110000100011000101111010110101000,12.867048470270262,9.248759567441837,0.807315,01110000011010110010000111110000001100100010,10010000011110000100011000101111010110101000,12.0
13,10000000011110001100011000101110110111100111,0.3685713693073609,9.15410736897168,0.8679286,10010000011110001100011000101111010110101101,10001011101111001100011000001110110111100111,12.0
13,10001011101111001100011000001111010110101101,9.169842998944048,2.9989964959613076,0.8775296,10010000011110001100011000101111010110101101,10001011101111001100011000001110110111100111,12.0
13,10010000011010110010000111110110000100010111,12.826946455704316,-1.9397978639120765,0.7518242,10010000011010110010000111110111000100010111,01110000000000110010000111110110000100010111,12.0
13,01110000000000110010000111110111000100010111,-12.490442392931556,-1.7444853173459336,0.8706611,10010000011010110010000111110111000100010111,01110000000000110010000111110110000100010111,12.0
13,01110000010000110010000111110011011101100111,-12.295129846365413,-2.448678600473073,0.8727417,01110000010000110010000111110011011100000111,10001011101111001100011000001110110111100111,12.0
13,10001011101111001100011000001110110110000111,9.169842998944048,2.8995282410450613,0.8882352,01110000010000110010000111110011011100000111,10001011101111001100011000001110110111100111,12.0
13,10000000011010110010010111111111001100111110,0.32699115919855615,-0.15571121113568154,0.8743683,10000000011010110010010111111111001100111110,01110000010000110010000111110011011100000111,12.0
13,01110000010000110010000111110011011100000111,-12.295129846365413,-2.453256238283217,0.8727665,10000000011010110010010111111111001100111110,01110000010000110010000111110011011100000111,12.0
13,01110000011010110010000111110001011110101010,-12.173059504761582,-2.836108883883682,0.8706282,01110000011010110010000111110001011110101010,10000000010000110010000111110001001000111010,12.0
13,10000000010000110010010111110001001010111010,0.2049208175947257,-2.8963811150505876,0.9370303,01110000011010110010000111110001011110101010,10000000010000110010000111110001001000111010,12.0
13,10001011101000011010000111110010001100110110,9.087016364816748,-2.695155786313009,0.9185579,10001011101000011010000111110000001100111100,10000000000000110010000111110010001100110110,12.0
13,10000000000000110010000111110000001100111100,0.009560587301393753,-3.085494777082147,0.9875309,10001011101000011010000111110000001100111100,10000000000000110010000111110010001100110110,12.0
13,10001011101000011010000111110000010110101011,9.087016364816748,-3.055787815043402,0.8974726,10001011101000011010000111110000001100111100,01110000010000100010000111110000010110101011,12.0
13,01110000010000100010000111110000001100111100,-12.298181604905508,-3.085494777082147,0.8616607,10001011101000011010000111110000001100111100,01110000010000100010000111110000010110101011,12.0
13,01110000000000110010000111110110000100010111,-12.490442392931556,-1.9397978639120765,0.8676842,01110000000000110010000111110110000100010111,11001010010000110010000111110010000100110001,12.0
13,11001010011000110010000111110010000100110001,58.11504319072799,-2.71980827326972,0.4741757,01110000000000110010000111110110000100010111,11001010010000110010000111110010000100110001,12.0
13,10001011101000111010000111110001011110101010,9.09311988189694,-2.836108883883682,0.9118396,10001011101000011010000111110000001100111111,10010000011010101010000111110001011110101010,12.0
13,10010000011010101010000111110000001100111111,12.825420576434269,-3.08535172590058,0.6144259,10001011101000011010000111110000001100111111,10010000011010101010000111110001011110101010,12.0
13,01110000010000101111011000001111001100110110,-12.295654367364492,2.968908064105051,0.8665189,01110000010000110010000111110011011100000111,10010000011000101111011000001111001100110110,12.0
13,10010000011000010010000011110011011100000111,12.796428870303359,-52.453268159215014,0.5127547,01110000010000110010000111110011011100000111,10010000011000101111011000001111001100110110,12.0
13,10000001011001100010000111010000011100010111,1.092934869035446,-9.288432428463082,0.9183925,10000001011001100010000111110000010110101010,01110000011011110010000111010000011100010111,12.0
13,01110000011011110010000111110000010110101010,-12.1608524706012,-3.055835498770591,0.8728034,10000001011001100010000111110000010110101010,01110000011011110010000111010000011100010111,12.0
13,01110000011010111010000111110001011010001110,-12.171533625491534,-2.849651062405357,0.8707607,01110000011010111010000111110001011110001010,01110000011010100010000111110000001100111110,12.0
13,01110000011010100010000111110000001100111010,-12.176111263301678,-3.085590144536525,0.8729872,01110000011010111010000111110001011110001010,01110000011010100010000111110000001100111110,12.0
13,01111000011010110010000111110010000100010111,-5.9230580146451075,-2.721048050176634,0.9101892,01111000011010110010000111110010000100010111,10001011111010110010000111110111010110001010,12.0
13,10001011111010010010000111110111010110001010,9.305217100433609,-1.6901735520776668,0.9203697,01111000011010110010000111110010000100010111,10001011111010110010000111110111010110001010,12.0
13,10010000011010101010000111110000010110101010,12.825420576434269,-3.055835498770591,0.6191833,10010000011010101010000111110001011110101010,10000001011001100010000111110000010110101010,12.0
13,10000001011001100010000111110001011110101010,1.092934869035446,-2.836108883883682,0.9806733,10010000011010101010000111110001011110101010,10000001011001100010000111110000010110101010,12.0
13,11010000011110000100011000101111011100110110,62.867060391202074,9.267737690863058,0.5027779,10010000011110000100011000101111010110110110,01110000011010110000000111110100011100110110,12.0
13,01110000011010110000000111110100010110110110,-12.173440974579094,-2.2740131077797656,0.8511473,10010000011110000100011000101111010110110110,01110000011010110000000111110100011100110110,12.0
13,10000000100000000010000111001111010110010110,0.39103040481339235,-9.502103209996989,0.9143842,10000000000000010010000111001111010110001110,01110000011010110010000111110010001100110110,12.0
13,01110000011010110010000011110010001100101110,-12.173059504761582,-52.69554917706232,0.5070298,10000000000000010010000111001111010110001110,01110000011010110010000111110010001100110110,12.0
13,10000000011010110010000111110000001100111010,0.32694347547136715,-3.085590144536525,0.9890387,10000000011010110010000111110000001100111110,10010000010000100010000111110010010110101010,12.0
13,10010000010000100010000111110010010110101010,12.70182435556039,-2.6652104056383195,0.748746,10000000011010110010000111110000001100111110,10010000010000100010000111110010010110101010,12.0
13,10010000110000110010010111010000010110101010,13.095548890959947,-9.305836988887066,0.7386231,10010000011010110010000111001111010110001110,01110000010000110010010111010000010110101010,12.0
13,01110000011010110010000110001111010110001110,-12.173059504761582,-22.00248766004745,0.6876005,10010000011010110010000111001111010110001110,01110000010000110010010111010000010110101010,12.0
13,01110000010000100010000111110000000100111110,-12.298181604905508,-3.109813477948535,0.860554,01110000010000100010000111110000000110101101,10010000011010110010000000101000001100111110,12.0
13,10010000011010110010000000101000001110101101,12.826946455704316,-92.14262775006956,0.4959264,01110000010000100010000111110000000110101101,10010000011010110010000000101000001100111110,12.0
13,10001011101101101100011000101111001100110110,9.151532447703474,9.218909554221526,0.7423634,10001011101101101100111000001000000110101101,01110000011010000100011000101111001100110110,12.0
13,01110000011010000100111000001000000110101101,-12.18169025938279,1.582980533356789,0.8189138,10001011101101101100111000001000000110101101,01110000011010000100011000101111001100110110,12.0
13,10000000111010110010000111110010001001111110,0.717568568603653,-2.7039295921157844,0.8802402,10000000111010110010000111110010001001001011,10010000011010110010000000101000001100111110,12.0
13,10010000011010110010000000101000001100001011,12.826946455704316,-92.15035251387418,0.4959814,10000000111010110010000111110010001001001011,10010000011010110010000000101000001100111110,12.0
13,10001011101111101100011000000010001100110001,9.17594651602424,0.42960654010929034,0.8776383,10001011101111101100111000001110010110110110,10001111111010001100011000000010001100110001,12.0
13,10101111111010001100111000001110010110110110,37.42922244768678,2.8041131029398656,0.5815223,10001011101111101100111000001110010110110110,10001111111010001100011000000010001100110001,12.0
13,01100000011010111010000111110001011110001010,-24.671536605724484,-2.83763476315373,0.65819,01110000011010111010000111110001011110001010,10000000011010110010000101110000001100111110,12.0
13,10000000011010110010000101110000001100111110,0.32694347547136715,-28.085405370093667,0.6454391,01110000011010111010000111110001011110001010,10000000011010110010000101110000001100111110,12.0
13,01110000011010111010000011110001010110001010,-12.171533625491534,-52.8620607524063,0.4966129,01110000011010111010000111110001011110001010,10010000011010110010000111110000001100111110,12.0
13,10010000011010110010000111110000001100111110,12.826946455704316,-3.085399409627769,0.6133887,01110000011010111010000111110001011110001010,10010000011010110010000111110000001100111110,12.0
13,11110000010000110010000111110011011100000111,87.70489399549817,-2.453256238283217,0.5059485,10011011001111101100111000011110010110001010,01110000010000110010000111110011011100000111,12.0
13,00011011001111101100111000011110010110001010,-78.71460407128431,5.927015764001794,0.5066947,10011011001111101100111000011110010110001010,01110000010000110010000111110011011100000111,12.0
13,10001011101111001100011000001110010110101010,9.169842998944048,2.8035408982135976,0.8969688,10001011101111001100011000001110110111100111,10001011100000011010011000001110010110101010,12.0
13,10001011100000011010011000001110110111100011,8.989407775260872,2.903915143946449,0.9210168,10001011101111001100011000001110110111100111,10001011100000011010011000001110010110101010,12.0
13,10010000011010101010000111110001111111101010,12.825420576434269,-2.735400852060522,0.6667359,10010000011010101010000111110001011110101010,01110000011010100010010111110000010110101010,12.0
13,01110000011010100010010111110000010110101010,-12.176063579574489,-3.055835498770591,0.8730069,10010000011010101010000111110001011110101010,01110000011010100010010111110000010110101010,12.0
13,10001011101111111110000111001111110110001110,9.179332060654659,-9.404828406531436,0.648127,10001011101111101100111000001110010110110110,10000000000000010010000111001111010110001110,12.0
13,10000000000000010000111000001110010110110110,0.0032186515852572484,2.8041131029398656,0.8843001,10001011101111101100111000001110010110110110,10000000000000010010000111001111010110001110,12.0
13,10000000011000110010000111110000001100111110,0.30252940715060106,-3.085399409627769,0.9888453,10000000011010110010000111110000001100111110,01110000011010110010000111111110010110101010,12.0
13,01110000011010110010000111111110010110101010,-12.173059504761582,-0.3214598468446326,0.770076,10000000011010110010000111110000001100111110,01110000011010110010000111111110010110101010,12.0
13,01111000011010110010000111110000001100111110,-5.9230580146451075,-3.085399409627769,0.8223094,01111000011010110010000111110010000100010111,01110000011010100010000111110000001100111110,12.0
13,01110000011010100010000111110010000100010111,-12.176111263301678,-2.721048050176634,0.8683384,01111000011010110010000111110010000100010111,01110000011010100010000111110000001100111110,12.0
13,01110000011010110010000111110010000100010111,-12.173059504761582,-2.721048050176634,0.8679803,01110000011010100010010111110000010110101010,01111000011010110010000111110010000100010111,12.0
13,01111000011010100010010111110000010110101010,-5.926062089458014,-3.055835498770591,0.8294479,01110000011010100010010111110000010110101010,01111000011010110010000111110010000100010111,12.0
13,01110000011010111010011000101111010110101101,-12.171485941764345,9.248997986077782,0.7187481,01110000011010111010000111110001011110001010,10010000011110001100011000101111010110101101,12.0
13,10010000011110001100000111110001011110001010,12.868526665813121,-2.83763476315373,0.6238487,01110000011010111010000111110001011110001010,10010000011110001100011000101111010110101101,12.0
13,01110000010011110010000111111000001110111110,-12.258508743884263,-1.5167955200184622,0.8423172,01110000010011110010000111010000001100010111,10000000011010110010000111110000001100111110,12.0
13,10000000011010110010000111010000001100010111,0.32694347547136715,-9.337260565104614,0.9172927,01110000010011110010000111010000001100010111,10000000011010110010000111110000001100111110,12.0
13,01110000010000100010011000001110010110101000,-12.29813392117832,2.8034455307592197,0.8704961,01110000010000100010000111110000000110101101,10001011100000011010011000001110010110101010,12.0
13,10001011100000011010000111110000000110101101,8.989360091533683,-3.1045205842305563,0.914353,01110000010000100010000111110000000110101101,10001011100000011010011000001110010110101010,12.0
13,10000001011001100010000111110000010110101010,1.092934869035446,-3.055835498770591,0.9791163,10000001011001100010000111110000010110101010,01110000011011010010011000110010001000001011,12.0
13,01110000011011010010011000110010001000001011,-12.166908303954202,9.79058975949043,0.8178136,10000001011001100010000111110000010110101010,01110000011011010010011000110010001000001011,12.0
13,10010000011110000000100001111100010010110001,12.866333214362427,-75.72397606944467,0.4900285,10010000011110000000100001111100010010110001,01110000011011010010011000110010001000001011,12.0
13,01110010011011010010011000110010001000001011,-10.604407931425072,9.79058975949043,0.2157198,10010000011110000000100001111100010010110001,01110000011011010010011000110010001000001011,12.0
13,10001011111010110010000111110111010110001010,9.3113206175138,-1.6901735520776668,0.9199211,10001011111010110010000111110111010110001010,10000000011010110010000111110000001100111110,12.0
13,10000000011010110010000111110000001100111110,0.32694347547136715,-3.085399409627769,0.9890254,10001011111010110010000111110111010110001010,10000000011010110010000111110000001100111110,12.0
13,10000000011010110010011000110010001000001011,0.32699115919855615,9.79058975949043,0.8066904,10000000011010110010010111110001011110101010,01110000011011010010011000110010001000001011,12.0
13,01110000011011010010010111110001011110101010,-12.166908303954202,-2.836108883883682,0.8700961,10000000011010110010010111110001011110101010,01110000011011010010011000110010001000001011,12.0
13,10001011101111100010000101110010001001001011,9.173991483209491,-27.706367422668322,0.4636541,10001011101111101100111000001110010110001010,01100000011010110010000111110010001001001011,12.0
13,01100000010010111100111000001110010110001010,-24.76866835800847,2.8020150189435498,0.6742765,10001011101111101100111000001110010110001010,01100000011010110010000111110010001001001011,12.0
13,10001111111010000000000111110000001100111100,12.426784617134246,-3.085494777082147,0.8281272,10001111111010000000000111110000001100111100,01110000010000110010000111110011011100000111,12.0
13,01110000010000110010000111111011011100000111,-12.295129846365413,-0.8907558657541017,0.8345471,10001111111010000000000111110000001100111100,01110000010000110010000111110011011100000111,12.0
13,01110000000000110010000111110000001100011110,-12.490442392931556,-3.0869252888978167,0.803823,01110000000000110010000111110110000100010111,01110000011010100010000111110000001100111110,12.0
13,01110000011010100010000111110110000100010111,-12.176111263301678,-1.9397978639120765,0.8353096,01110000000000110010000111110110000100010111,01110000011010100010000111110000001100111110,12.0
13,10001111111010001100111000000010001100110001,12.429216487220884,0.42960654010929034,0.8624671,10001111111010001100011000000010001100110001,10010000010110011100011001111111011100111110,12.0
13,10010000010110011100011001111111011100111110,12.773969834797342,24.893122885971763,0.6307078,10001111111010001100011000000010001100110001,10010000010110011100011001111111011100111110,12.0
13,10001011101000011010000111110000001100111111,9.087016364816748,-3.08535172590058,0.8947389,10001011101000011010000111110000001100111111,10000000011010110010010111111111001100111110,12.0
13,10000000011010110010010111111111001100111110,0.32699115919855615,-0.15571121113568154,0.8743683,10001011101000011010000111110000001100111111,10000000011010110010010111111111001100111110,12.0
14,01110000010000100110011001110001011110101010,-12.297370981543295,22.163897076582217,0.6686062,01110000010000100010011000001110010110101000,10000001011001100010000111110001011110101010,13.0
14,10000001011001100010000110001110010110101000,1.092934869035446,-22.19656042970668,0.7002969,01110000010000100010011000001110010110101000,10000001011001100010000111110001011110101010,13.0
14,10000001011001100010000111010000011110101010,1.092934869035446,-9.2814229205663,0.9176041,10000001011001100010000111010000011100010111,10010000010000100010000111110010010110101010,13.0
14,10010000010000100010000111110010010100010111,12.70182435556039,-2.672219913535102,0.7479543,10000001011001100010000111010000011100010111,10010000010000100010000111110010010110101010,13.0
14,11110000010000100010000111110000001100111100,87.70184223695807,-3.085494777082147,0.5060383,10000000011010110010000111010000001100010111,01110000010000100010000111110000001100111100,13.0
14,00001000011010110010000111010000001100010111,-93.42307887627575,-9.337260565104614,0.5039072,10000000011010110010000111010000001100010111,01110000010000100010000111110000001100111100,13.0
14,10000001011001010010011000110110001000001011,1.0899307942225391,10.571839945754988,0.2006588,10000001011001100010000111110001011110101010,01110000011011010010011000110010001000001011,13.0
14,01110000011011100010000111110001011110101010,-12.163904229141295,-2.836108883883682,0.8698169,10000001011001100010000111110001011110101010,01110000011011010010011000110010001000001011,13.0
14,01110000011010110010010111111111001100111110,-12.173011821034393,-0.15571121113568154,0.7683532,01110000011011110010000111110000010110101010,10000000011010110010010111111111001100111110,13.0
14,11000000011011110010000111110000010110101010,50.33916243056356,-3.055835498770591,0.5376396,01110000011011110010000111110000010110101010,10000000011010110010010111111111001100111110,13.0
14,01110000011010111010000111110001011010001110,-12.171533625491534,-2.849651062405357,0.8707607,01110000011010111010000111110001011010001110,01110000011011110010000111110000010110101010,13.0
14,01110000011011110010000111110000010110101010,-12.1608524706012,-3.055835498770591,0.8728034,01110000011010111010000111110001011010001110,01110000011011110010000111110000010110101010,13.0
14,10000000000000010000111000001110010110110110,0.0032186515852572484,2.8041131029398656,0.8843001,10000000000000010000111000001110010110110110,10000000011010110010010111111111001100111110,13.0
14,10010000011010110010010111111111001100111110,12.826994139431505,-0.15571121113568154,0.819371,10000000000000010000111000001110010110110110,10000000011010110010010111111111001100111110,13.0
14,10001011111010010010000111110110001100111110,9.305217100433609,-1.9135241302309396,0.9159057,10001011111010010010000111110111010110001010,10000000011010110010000111110000001100111110,13.0
14,10000000011010110010000111110001010010001010,0.32694347547136715,-2.874255865634879,0.9321023,10001011111010010010000111110111010110001010,10000000011010110010000111110000001100111110,13.0
14,01111000011010110010000111110000001100110110,-5.9230580146451075,-3.085780879445281,0.8221931,01111000011010110010000111110000001100111110,01110000010000101111011000001111001100110110,13.0
14,01110000010000101111111000001111001100111110,-12.295558999910114,2.969289533922563,0.8665194,01111000011010110010000111110000001100111110,01110000010000101111011000001111001100110110,13.0
14,01110000010000100010011000001110010110101000,-12.29813392117832,2.8034455307592197,0.8704961,01110000010000100010011000001110010110101000,00011011001111101100111000011110010110001010,13.0
14,00011011001111101100111000011110010111001010,-78.71460407128431,5.93006752254189,0.5066915,01110000010000100010011000001110010110101000,00011011001111101100111000011110010110001010,13.0
14,01110000010000100010000111110000001100111100,-12.298181604905508,-3.085494777082147,0.8616607,01110000010000100010000111110000001100111100,01110000000000110010000111110110000100010111,13.0
14,01110000000000110010000111110110000100010111,-12.490442392931556,-1.9397978639120765,0.8676842,01110000010000100010000111110000001100111100,01110000000000110010000111110110000100010111,13.0
14,01110000011010100010000111110000001100111100,-12.176111263301678,-3.085494777082147,0.8729874,01110000011010100010000111110000001100111010,10001111111010000000000111110000001100111100,13.0
14,10001111111010000000000111110000001100111010,12.426784617134246,-3.085590144536525,0.8281191,01110000011010100010000111110000001100111010,10001111111010000000000111110000001100111100,13.0
14,01110000011010110010000111110000001000111110,-12.173059504761582,-3.097606443788152,0.8729872,01110000011010110010000110001111010110001110,10000000011010110010000111110000001000111110,13.0
14,10000000011010110010000110001111010110001110,0.32694347547136715,-22.00248766004745,0.7268877,01110000011010110010000110001111010110001110,10000000011010110010000111110000001000111110,13.0
14,01111111111010001100011000101110110111100011,-0.07088186046644296,9.153916634062924,0.8648431,01111111111010001100011000101110010110101010,10000000011110001100011000101110110111100111,13.0
14,10000000011110001100011000101110010110101010,0.3685713693073609,9.053542388330072,0.818912,01111111111010001100011000101110010110101010,10000000011110001100011000101110110111100111,13.0
14,10000001011010110010001111110000001000111111,1.1081936617359247,96.90246508180263,0.5026514,10000000011010110010000111110000001000111110,10001011100000011010011000001110110111100011,13.0
14,10001011100000011010011000001110110111100010,8.989407775260872,2.90386746021926,0.9210176,10000000011010110010000111110000001000111110,10001011100000011010011000001110110111100011,13.0
14,10001011101000111010000111110001011110101010,9.09311988189694,-2.836108883883682,0.9118396,10001011101000111010000111110001011110101010,10001011101111101100011000000010001100110001,13.0
14,10001011101111101100011000000010001100110001,9.17594651602424,0.42960654010929034,0.8776383,10001011101000111010000111110001011110101010,10001011101111101100011000000010001100110001,13.0
14,01110000011011110010000111110000010110101010,-12.1608524706012,-3.055835498770591,0.8728034,01110000011011110010000111110000010110101010,10000000000000110010000111110000001100111100,13.0
14,10000000000000110010000111110000001100111100,0.009560587301393753,-3.085494777082147,0.9875309,01110000011011110010000111110000010110101010,10000000000000110010000111110000001100111100,13.0
14,10000000011010110010000111110000001100101010,0.32694347547136715,-3.0863530841715487,0.9890912,10000000011010110010000111110000001100111010,10001011101111001100011000001110010110101010,13.0
14,10001011101111001100011000001110010110111010,9.169842998944048,2.8043038378486216,0.8969054,10000000011010110010000111110000001100111010,10001011101111001100011000001110010110101010,13.0
14,10000001011001100010001000110010001000001011,1.092934869035446,9.79058975949043,0.7731726,10000001011001100010000111110000010110101010,01110000011011010010011000110010001000001011,13.0
14,01110000011011010010011111110000010010101010,-12.166908303954202,96.93198130893262,0.5036955,10000001011001100010000111110000010110101010,01110000011011010010011000110010001000001011,13.0
14,10000001011010001100111000000010001100110000,1.1010887863847643,0.42955885638210134,0.1447523,10000001011001100010000111110001011110101010,10001111111010001100111000000010001100110001,13.0
14,10001111111001100010000111110001011110101010,12.421062569871566,-2.836108883883682,0.8478189,10000001011001100010000111110001011110101010,10001111111010001100111000000010001100110001,13.0
14,01110000010000100000000111110000001100111100,-12.29856307472302,-3.085494777082147,0.8615932,01110000010000100010000111110000001100111100,10001111111010000000000111110000001100111100,13.0
14,10001111111010000010000111010000001100111100,12.427166086951758,-9.335496267198621,0.8068658,01110000010000100010000111110000001100111100,10001111111010000000000111110000001100111100,13.0
14,01110010000000110010000111110110000100010111,-10.92794202040244,-1.9397978639120765,0.1120708,01110000000000110010000111110110000100010111,01111111111010001100011000101110010110101010,13.0
14,01111111111010001100011000101110010110001010,-0.07088186046644296,9.052016509060024,0.8139876,01110000000000110010000111110110000100010111,01111111111010001100011000101110010110101010,13.0
14,10000000011010110010000111110010000100010111,0.32694347547136715,-2.721048050176634,0.8424903,10000000011010110010000111110000001100111110,01110000011010100010000111110010000100010111,13.0
14,01110000011010100010000111110000001100111110,-12.176111263301678,-3.085399409627769,0.8729875,10000000011010110010000111110000001100111110,01110000011010100010000111110010000100010111,13.0
14,01111000011010110010000111110010000100010111,-5.9230580146451075,-2.721048050176634,0.9101892,01111000011010110010000111110010000100010111,10001011101111001100011000001110110111100111,13.0
14,10001011101111001100011000001110110111100111,9.169842998944048,2.904105878855205,0.8877801,01111000011010110010000111110010000100010111,10001011101111001100011000001110110111100111,13.0
14,01110000011011010010010111110000000110101101,-12.166908303954202,-3.1045205842305563,0.8730084,01110000011011010010011000110010001000001011,01110000010000100010000111110000000110101101,13.0
14,01110000010000000010001000110010001000001011,-12.3042851219857,9.79058975949043,0.8212422,01110000011011010010011000110010001000001011,01110000010000100010000111110000000110101101,13.0
14,01110000011010100010010111110000010110101010,-12.176063579574489,-3.055835498770591,0.8730069,01110000011010100010010111110000010110101010,01110000010000100010000111110000000110101101,13.0
14,01110000010000100010000111110000000110101101,-12.298181604905508,-3.1045205842305563,0.8607999,01110000011010100010010111110000010110101010,01110000010000100010000111110000000110101101,13.0
14,10001000010000100010000111110000000110101101,6.451822865443916,-3.1045205842305563,0.4178372,10001011100000011010011000001110110111100011,01110000010000100010000111110000000110101101,13.0
14,01110011100000011010011000001110110111100011,-9.760596695088552,2.903915143946449,0.5219568,10001011100000011010011000001110110111100011,01110000010000100010000111110000000110101101,13.0
14,10000000011010110010000111110000001100100010,0.32694347547136715,-3.0867345539890607,0.989117,10000010011010110010000111110001011110101010,01110000011010110010000111110000001100100010,13.0
14,01110010011010110010000111110001011110101010,-10.610559132232453,-2.836108883883682,0.1019741,10000010011010110010000111110001011110101010,01110000011010110010000111110000001100100010,13.0
14,00001111011001100010000111110001011110111010,-87.96958636512431,-2.835345944248658,0.506502,10001111111010000000000111110000001100111100,10000001011001100010000111110001011110101010,13.0
14,10000001111010000000000111110000001100111100,1.4892820094304113,-3.085494777082147,0.9114929,10001111111010000000000111110000001100111100,10000001011001100010000111110001011110101010,13.0
14,01110000011010110010010011110000010110101010,-12.173011821034393,-53.05584741970239,0.4851901,01110000011010110010010011110000010110101010,10000001011001100010000111110000010110101010,13.0
14,10000001011001100010000111110000010111101010,1.092934869035446,-3.0527837402304954,0.9797061,01110000011010110010010011110000010110101010,10000001011001100010000111110000010110101010,13.0
14,10010000000000100011011000001111001100110110,12.506750227630192,2.968908064105051,0.8088586,10010000010000100010000111110010010110101010,01110000010000101111011000001111001100110110,13.0
14,01110000010000101110000111110010010110101010,-12.295892786000437,-2.6652104056383195,0.8725089,10010000010000100010000111110010010110101010,01110000010000101111011000001111001100110110,13.0
14,11110000010000110010000111110011011100000111,87.70489399549817,-2.453256238283217,0.5059485,11110000010000110010000111110011011100000111,01110000011010111010000111110001011010001110,13.0
14,01110000011010111010000111110001011010001110,-12.171533625491534,-2.849651062405357,0.8707607,11110000010000110010000111110011011100000111,01110000011010111010000111110001011010001110,13.0
14,10000000011010110010000111110000001100111110,0.32694347547136715,-3.085399409627769,0.9890254,10000000011010110010000111110000001100111110,10001011101000111010000111110001011110101010,13.0
14,10001011101000111010000111110001011110101010,9.09311988189694,-2.836108883883682,0.9118396,10000000011010110010000111110000001100111110,10001011101000111010000111110001011110101010,13.0
14,01110000011010110010000111110000001100111010,-12.173059504761582,-3.085590144536525,0.8730048,01110000011010110010000111110010000100010111,01110000011010100010000111110000001100111010,13.0
14,01110000011010100010000111110010000100010111,-12.176111263301678,-2.721048050176634,0.8683384,01110000011010110010000111110010000100010111,01110000011010100010000111110000001100111010,13.0
14,01110000010000100010000111110000000100111110,-12.298181604905508,-3.109813477948535,0.860554,01110000010000100010000111110000000100111110,10000000011010110010000111010000001100010111,13.0
14,10000000011010110010000111010000001100010111,0.32694347547136715,-9.337260565104614,0.9172927,01110000010000100010000111110000000100111110,10000000011010110010000111010000001100010111,13.0
14,10001011101111001100011000000010001100110001,9.169842998944048,0.42960654010929034,0.8753048,10001011101111001100011000001110110111100111,10001111111010001100111000000010001100110001,13.0
14,10001111111010001100111000001110110111100111,12.429216487220884,2.904105878855205,0.8412168,10001011101111001100011000001110110111100111,10001111111010001100111000000010001100110001,13.0
14,10000000000000010010111000001110010110110110,0.0036001214027692185,2.8041131029398656,0.8843004,10000000000000010000111000001110010110110110,01110000010000100010011000001110010110101000,13.0
14,01110000010000100000011000001110010110101000,-12.298515390995831,2.8034455307592197,0.8704639,10000000000000010000111000001110010110110110,01110000010000100010011000001110010110101000,13.0
14,10000001011001100010000111110000010110101010,1.092934869035446,-3.055835498770591,0.9791163,10000001011001100010000111110000010110101010,10000000011000110010000111110000001100111110,13.0
14,10000000011000110010000111110000001100111110,0.30252940715060106,-3.085399409627769,0.9888453,10000001011001100010000111110000010110101010,10000000011000110010000111110000001100111110,13.0
14,01110000000000110010000111110000001100011110,-12.490442392931556,-3.0869252888978167,0.803823,01110000000000110010000111110000001100011110,11010000011110000100011000101111011100110110,13.0
14,11010000011110000100011000101111011100110110,62.867060391202074,9.267737690863058,0.5027779,01110000000000110010000111110000001100011110,11010000011110000100011000101111011100110110,13.0
14,10001011101000011010000111110000010110101111,9.087016364816748,-3.055597080134646,0.8974897,10001011101000011010000111110000010110101011,01110000000000110010000111110111000100010111,13.0
14,01110000000000110010000111110111000100010011,-12.490442392931556,-1.7446760522546896,0.8706589,10001011101000011010000111110000010110101011,01110000000000110010000111110111000100010111,13.0
14,10001011101111001100011000001111011110101101,9.169842998944048,3.0234105642820737,0.874635,10001011101111001100011000001111010110101101,10010000011010110010000000101000001110101101,13.0
14,10010000011010110010000000101000000110101101,12.826946455704316,-92.16704181839033,0.4961034,10001011101111001100011000001111010110101101,10010000011010110010000000101000001110101101,13.0
14,10000000111010110010000111110010001001111110,0.717568568603653,-2.7039295921157844,0.8802402,10000000111010110010000111110010001001111110,10000001011001100010000111110000010110101010,13.0
14,10000001011001100010000111110000010110101000,1.092934869035446,-3.055930866224969,0.9790976,10000000111010110010000111110010001001111110,10000001011001100010000111110000010110101010,13.0
14,10010000011010101000000111110001011110101010,12.825039106616757,-2.836108883883682,0.6528557,10010000011010101010000111110001111111101010,10000010011010110010000111110001011110101010,13.0
14,10000010011010110010000111110001111111101110,1.8894438480004965,-2.735210117151766,0.9568136,10010000011010101010000111110001111111101010,10000010011010110010000111110001011110101010,13.0
14,10000000100000011010000111110000000110101101,0.395608042623536,-3.1045205842305563,0.990207,10000000100000000010000111001111010110010110,10001011100000011010000111110000000110101101,13.0
14,10001111100001000010000111001111010110010010,12.121990232942153,-9.502293944905745,0.7675441,10000000100000000010000111001111010110010110,10001011100000011010000111110000000110101101,13.0
14,10001011101111001100011000001110110110000111,9.169842998944048,2.8995282410450613,0.8882352,10001011101111001100011000001110110110000111,10000000100000000010000111001111010110010110,13.0
14,10000000100000000010000111001111010110010110,0.39103040481339235,-9.502103209996989,0.9143842,10001011101111001100011000001110110110000111,10000000100000000010000111001111010110010110,13.0
14,10001011101000011010000111110010010110101010,9.087016364816748,-2.6652104056383195,0.919383,10001011101000011010000111110000001100111111,10010000010000100010000111110010010110101010,13.0
14,10010000010000100001000111110000001100111111,12.701633620651634,-3.08535172590058,0.6942159,10001011101000011010000111110000001100111111,10010000010000100010000111110010010110101010,13.0
14,10000001011001100010000111110001011110101010,1.092934869035446,-2.836108883883682,0.9806733,10000000011000110010000111110000001100111110,10000001011001100010000111110001011110101010,13.0
14,10000000011000110010000111110000001100111110,0.30252940715060106,-3.085399409627769,0.9888453,10000000011000110010000111110000001100111110,10000001011001100010000111110001011110101010,13.0
14,10010000011000010010000011110000001100111110,12.796428870303359,-53.08541133055957,0.4767935,10010000011000010010000011110011011100000111,10010000011010110010000111110000001100111110,13.0
14,10010000011010110010000111110011011100000111,12.826946455704316,-2.453256238283217,0.7014001,10010000011000010010000011110011011100000111,10010000011010110010000111110000001100111110,13.0
14,01110000000010100010000111110000001100111010,-12.469080083150885,-3.085590144536525,0.8125908,01110000000000110010000111110000001100011110,01110000011010100010000111110000001100111010,13.0
14,01110000011000110011000111110000001100011110,-12.197282838173592,-3.0869252888978167,0.8724927,01110000000000110010000111110000001100011110,01110000011010100010000111110000001100111010,13.0
14,01110000010000110010000111110011011101100111,-12.295129846365413,-2.448678600473073,0.8727417,01110000010000110010000111110011011101100111,10001011101000111010000111110001011110101010,13.0
14,10001011101000111010000111110001011110101010,9.09311988189694,-2.836108883883682,0.9118396,01110000010000110010000111110011011101100111,10001011101000111010000111110001011110101010,13.0
15,01110000010000110010000111110011011101100111,-12.295129846365413,-2.448678600473073,0.8727417,01110000010000110010000111110011011101100111,01110000011010100010000111110000001100111100,14.0
15,01110000111010100010000011110000001100111100,-11.785486170169392,-53.08550669801395,0.48842,01110000010000110010000111110011011101100111,01110000011010100010000111110000001100111100,14.0
15,10001011111011010010010111110000000110101101,9.31747181832118,-3.1045205842305563,0.791968,10001011101111001100011000001110110111100111,01110000011011010010010111110000000110101101,14.0
15,01110000001111001100011000001110010111100111,-12.314537123331334,2.8064496055721264,0.8688528,10001011101111001100011000001110110111100111,01110000011011010010010111110000000110101101,14.0
15,01110000011011111010011000001110110111100010,-12.159278907603962,2.90386746021926,0.8708056,01110000011011110010000111110000010110101010,10001011100000011010011000001110110111100010,14.0
15,10001011100000010010000111110000010110101010,8.987834212263635,-3.055835498770591,0.9168239,01110000011011110010000111110000010110101010,10001011100000011010011000001110110111100010,14.0
15,01110000011010100010010111110000010110101010,-12.176063579574489,-3.055835498770591,0.8730069,01110000011010100010010111110000010110101010,01110000011010100010000111110000001100111110,14.0
15,01110000011010100010000111110000001100111110,-12.176111263301678,-3.085399409627769,0.8729875,01110000011010100010010111110000010110101010,01110000011010100010000111110000001100111110,14.0
15,10000001011001100010000011010000011110101010,1.092934869035446,-59.2814348414981,0.5171287,10000001011001100010000111010000011110101010,10000000011010110010000111110000001100101010,14.0
15,10000000011010110010000111110000001100101010,0.32694347547136715,-3.0863530841715487,0.9890912,10000001011001100010000111010000011110101010,10000000011010110010000111110000001100101010,14.0
15,10000000000000110110000111110000001100111100,0.010323526936417693,-3.085494777082147,0.9875311,10000000000000110010000111110000001100111100,10001011111010010010000111110110001100111110,14.0
15,10001011111010010010000111110110001100111110,9.305217100433609,-1.9135241302309396,0.9159057,10000000000000110010000111110000001100111100,10001011111010010010000111110110001100111110,14.0
15,01110000011011100010000111110001011110101010,-12.163904229141295,-2.836108883883682,0.8698169,01110000011011100010000111110001011110101010,01110000010000100010000111110000000110101101,14.0
15,01110000010000100010000111110000000110101101,-12.298181604905508,-3.1045205842305563,0.8607999,01110000011011100010000111110001011110101010,01110000010000100010000111110000000110101101,14.0
15,10010000110000110010000111110011011101100111,13.095501207232758,-2.448678600473073,0.5211205,10000000000000010000111000001110010110110110,01110000010000110010000111110011011101100111,14.0
15,01110000000000010000111000001110010110110110,-12.496784328647692,2.8041131029398656,0.8269172,10000000000000010000111000001110010110110110,01110000010000110010000111110011011101100111,14.0
15,10000000011010110010000111110000001100101010,0.32694347547136715,-3.0863530841715487,0.9890912,10000000011010110010000111110000001100101010,10010000011010101000000111110001011110101010,14.0
15,10010000011010101000000111110001011110101010,12.825039106616757,-2.836108883883682,0.6528557,10000000011010110010000111110000001100101010,10010000011010101000000111110001011110101010,14.0
15,10000001011001100010000110110000010110101010,1.092934869035446,-15.55583847900354,0.8151812,10000001011001100010000111110000010110101010,10000000011010110010000111110000001000111110,14.0
15,10000000011010110010000111110000001000111110,0.32694347547136715,-3.097606443788152,0.989734,10000001011001100010000111110000010110101010,10000000011010110010000111110000001000111110,14.0
15,01110000010000100010011000001110010110101000,-12.29813392117832,2.8034455307592197,0.8704961,01110000010000100010011000001110010110101000,10000001011001100010000111110000010110101010,14.0
15,11000001011001100010000111110000000110101010,51.09294678996724,-3.1046636354121233,0.4897275,01110000010000100010011000001110010110101000,10000001011001100010000111110000010110101010,14.0
15,01110000011011100011000111110001011110101010,-12.163713494232539,-2.836108883883682,0.8697987,01110000011011100010000111110001011110101010,10000000000000010000111000001110010110110110,14.0
15,10000000000000010000111000001110010110010110,0.0032186515852572484,2.8025872236698177,0.8833662,01110000011011100010000111110001011110101010,10000000000000010000111000001110010110110110,14.0
15,10001011101000111010000111110001011110101100,9.09311988189694,-2.836013516429304,0.9118447,10001011101000111010000111110001011110101010,01110000010000100010000111110000001100111100,14.0
15,01110000010000100010000111110000001100111010,-12.298181604905508,-3.085590144536525,0.8616564,10001011101000111010000111110001011110101010,01110000010000100010000111110000001100111100,14.0
15,10000000111010100010000111110000001100100010,0.7145168100635573,-3.0867345539890607,0.9894089,10000000111010110010000111110010001001111110,10000000011010110010000111110000001100100010,14.0
15,10000000011010110010100111110010001001111110,0.32703884292574514,-2.7039295921157844,0.8303306,10000000111010110010000111110010001001111110,10000000011010110010000111110000001100100010,14.0
15,01110000010000101110000011110000001100111110,-12.295892786000437,-53.08541133055957,0.482167,01110000010000101110000111110010010110101010,10010000011000010010000011110000001100111110,14.0
15,10010000011001000010000111110010010110101010,12.805584145923646,-2.6652104056383195,0.6885501,01110000010000101110000111110010010110101010,10010000011000010010000011110000001100111110,14.0
15,10000000100000000010010111001111010110010110,0.39107808854058135,-9.502103209996989,0.9143839,10000000100000000010000111001111010110010110,10000000011000110010000111110000001100111110,14.0
15,10000000011000110010000111110000001100111110,0.30252940715060106,-3.085399409627769,0.9888453,10000000100000000010000111001111010110010110,10000000011000110010000111110000001100111110,14.0
15,01110000010000101110000111110000010110101000,-12.295892786000437,-3.055930866224969,0.8633058,01110000010000101110000111110010010110101010,10000001011001100010000111110000010110101000,14.0
15,10000001011001100010000111110010010110101010,1.092934869035446,-2.6652104056383195,0.9263109,01110000010000101110000111110010010110101010,10000001011001100010000111110000010110101000,14.0
15,01110000011010111010000111110000001100111100,-12.171533625491534,-3.085494777082147,0.8730087,01110000011010111010000111110001011010001110,10000001111010000000000111110000001100111100,14.0
15,10000001111010000000000111110001011010001110,1.4892820094304113,-2.849651062405357,0.9845,01110000011010111010000111110001011010001110,10000001111010000000000111110000001100111100,14.0
15,01110000011011010010010111110000000110101101,-12.166908303954202,-3.1045205842305563,0.8730084,01110000011011010010010111110000000110101101,01111000011010110010000111110010000100010111,14.0
15,01111000011010110010000111110010010100010111,-5.9230580146451075,-2.672219913535102,0.9184937,01110000011011010010010111110000000110101101,01111000011010110010000111110010000100010111,14.0
15,01110000000000110010000110110000001100010110,-12.490442392931556,-15.587309738948278,0.3395915,01110000000000110010000111110000001100011110,10000000100000000010000111001111010110010110,14.0
15,10000000100000000000000111001111010110011110,0.3906489349958804,-9.501721740179477,0.9144465,01110000000000110010000111110000001100011110,10000000100000000010000111001111010110010110,14.0
15,10001111111001100010000111110000000110101101,12.421062569871566,-3.1045205842305563,0.8284625,10001111111001100010000111110001011110101010,01110000010000100010000111110000000110101101,14.0
15,01110000010000100010000111110001011110101010,-12.298181604905508,-2.836108883883682,0.8698219,10001111111001100010000111110001011110101010,01110000010000100010000111110000000110101101,14.0
15,10000001011001100010001000110010001000001111,1.092934869035446,9.790780494399186,0.7730521,10000001011001100010001000110010001000001011,10001011101000011010000111110000010110101111,14.0
15,10001011101000011010000111110000010110101011,9.087016364816748,-3.055787815043402,0.8974726,10000001011001100010001000110010001000001011,10001011101000011010000111110000010110101111,14.0
15,10000001011001100010000110101110010110101000,1.092934869035446,-15.946558939590204,0.7700945,10000001011001100010000110001110010110101000,10001011101111001100011000001110110111100111,14.0
15,10001011101111001100011000001110110111100111,9.169842998944048,2.904105878855205,0.8877801,10000001011001100010000110001110010110101000,10001011101111001100011000001110110111100111,14.0
15,10000000011010100010000111110000001100111110,0.3238917169312714,-3.085399409627769,0.9890028,10001011101000111010000111110001011110101010,01110000011010100010000111110000001100111110,14.0
15,01111011101000111010000111110001011110101010,-3.40688309833601,-2.836108883883682,0.0922959,10001011101000111010000111110001011110101010,01110000011010100010000111110000001100111110,14.0
15,10000000011010110010000111110010000100010111,0.32694347547136715,-2.721048050176634,0.8424903,10000000011010110010000111110010000100010111,10000000011010110010000111110000001100111110,14.0
15,10000000011010110010000111110000101100111110,0.32694347547136715,-2.9877431363447045,0.9730291,10000000011010110010000111110010000100010111,10000000011010110010000111110000001100111110,14.0
15,00000000100000011010000111110000000110101101,-99.60441579924006,-3.1045205842305563,0.4992279,01110000010000100000000111110000001100111100,10000000100000011010000111110000000110101101,14.0
15,11110000010000100000000111110000001100111100,87.70146076714056,-3.085494777082147,0.5060363,01110000010000100000000111110000001100111100,10000000100000011010000111110000000110101101,14.0
15,10000000011010110010000111110001011110101010,0.32694347547136715,-2.836108883883682,0.913266,10000000011010110010000111110000001100100010,10001011101000111010000111110001011110101010,14.0
15,10001011101000111010000111110000001100100010,9.09311988189694,-3.0867345539890607,0.8928649,10000000011010110010000111110000001100100010,10001011101000111010000111110001011110101010,14.0
15,01110000000000110010000111110000001100011110,-12.490442392931556,-3.0869252888978167,0.803823,01110000000000110010000111110000001100011110,10000001011001100010000111110000010110101000,14.0
15,10000001011001100010010111110000010110101000,1.092982552762635,-3.055930866224969,0.9790943,01110000000000110010000111110000001100011110,10000001011001100010000111110000010110101000,14.0
15,10000001011001100010011000001110010110111010,1.092982552762635,2.8043038378486216,0.9740956,10000001011001100010000111010000011110101010,10001011101111001100011000001110010110111010,14.0
15,10001001101111001100000111010000011110101010,7.60729494268773,-9.2814229205663,0.6625062,10000001011001100010000111010000011110101010,10001011101111001100011000001110010110111010,14.0
15,10000000010000100010011000001110010110101000,0.20186905905462993,2.8034455307592197,0.8882915,10000000011000110010000111110000001100111110,01110000010000100010011000001110010110101000,14.0
15,01111000011000110010000111110000001100111110,-5.947472082965874,-3.085399409627769,0.8077302,10000000011000110010000111110000001100111110,01110000010000100010011000001110010110101000,14.0
15,01110000011010100010000111110010000100010111,-12.176111263301678,-2.721048050176634,0.8683384,01110000011010100010000111110010000100010111,01111111111010001100011000101110010110001010,14.0
15,01111111111010001100011000101110010110001010,-0.07088186046644296,9.052016509060024,0.8139876,01110000011010100010000111110010000100010111,01111111111010001100011000101110010110001010,14.0
15,01111111111010001100011000110010001001111110,-0.07088186046644296,9.796073388117165,0.806529,01111111111010001100011000101110110111100011,10000000111010110010000111110010001001111110,14.0
15,10000000111010110010000111101110110111100011,0.717568568603653,-3.3460863461700256,0.9135806,01111111111010001100011000101110110111100011,10000000111010110010000111110010001001111110,14.0
15,11110000010000100000011000001110010110101000,87.70150845086775,2.8034455307592197,0.5059871,01110000010000100000011000001110010110101000,10000001011001100010000110001110010110101000,14.0
15,10000001011001100010000110001110010110101000,1.092934869035446,-22.19656042970668,0.7002969,01110000010000100000011000001110010110101000,10000001011001100010000110001110010110101000,14.0
15,10000001011001100010000111110000010110111110,1.092934869035446,-3.054881824226811,0.9793023,10000001011001100010000111110000010110101000,01110000010000100010000111110000000100111110,14.0
15,01110000010000100010000111110000000100101000,-12.298181604905508,-3.110862519946693,0.8605049,10000001011001100010000111110000010110101000,01110000010000100010000111110000000100111110,14.0
15,01110000000000110010000111110110000100010111,-12.490442392931556,-1.9397978639120765,0.8676842,01110000000000110010000111110110000100010111,01110000011010110010010111111111001100111110,14.0
15,01110000001010110010010111111111001100111110,-12.368324367600522,-0.15571121113568154,0.8472711,01110000000000110010000111110110000100010111,01110000011010110010010111111111001100111110,14.0
15,01101111111010000010000111010010001100111100,-12.572839873514141,-8.94487117406635,0.7770914,01110000010000100010011000001110010110101000,10001111111010000010000111010000001100111100,14.0
15,10010000010000100010011000001110010110101000,12.70187203928758,2.8034455307592197,0.7323671,01110000010000100010011000001110010110101000,10001111111010000010000111010000001100111100,14.0
15,01110000010000101111111000001111001100111110,-12.295558999910114,2.969289533922563,0.8665194,01110000010000101111111000001111001100111110,01110000000000110010000111110110000100010111,14.0
15,01110000000000110010010111110110000100010111,-12.490394709204367,-1.9397978639120765,0.8676902,01110000010000101111111000001111001100111110,01110000000000110010000111110110000100010111,14.0
15,01100011100000011010000111110000010110101010,-22.26064735904869,-3.055835498770591,0.6272514,01110011100000011010011000001110110111100011,01110000011011110010000111110000010110101010,14.0
15,01110000011011110010011000001110110111100011,-12.16080478687401,2.903915143946449,0.8709253,01110011100000011010011000001110110111100011,01110000011011110010000111110000010110101010,14.0
15,10000000011010110010000111110010000100010111,0.32694347547136715,-2.721048050176634,0.8424903,10000000011010110010000111110010000100010111,10000000100000011010000111110000000110101101,14.0
15,10000000100000011010000111110000000110101101,0.395608042623536,-3.1045205842305563,0.990207,10000000011010110010000111110010000100010111,10000000100000011010000111110000000110101101,14.0
15,10001111100001000010000111001111010110101000,12.121990232942153,-9.501244902907587,0.76731,10001111100001000010000111001111010110010010,01110000010000100000011000001110010110101000,14.0
15,01110000010000100000011000001110010110010010,-12.298515390995831,2.8023964887610617,0.8704841,10001111100001000010000111001111010110010010,01110000010000100000011000001110010110101000,14.0
15,10000001011001100010000111110001111110110001,1.092934869035446,-2.7381188245102948,0.9551121,10000001011001100010000111110001011110101010,10001011101111101100011000000010001100110001,14.0
15,10001011101111101100011000000010001100101010,9.17594651602424,0.42927275401896736,0.8776324,10000001011001100010000111110001011110101010,10001011101111101100011000000010001100110001,14.0
15,10001011001111001100011000010000011110111010,8.779217905811763,3.2193429993016736,0.9182143,10001011101111001100011000001111011110101101,10000001011001100010000111010000011110101010,14.0
15,10000001011001100010000111001111011110101101,1.092934869035446,-9.476592415950876,0.9090774,10001011101111001100011000001111011110101101,10000001011001100010000111010000011110101010,14.0
15,01110000011011110010000111110000010010100111,-12.1608524706012,-3.068185584112541,0.8728714,01110000011011110010000111110000010110101010,10001111111010001100111000001110110111100111,14.0
15,10001111111010001100111000001110110111101110,12.429216487220884,2.904439664945528,0.841194,01110000011011110010000111110000010110101010,10001111111010001100111000001110110111100111,14.0
15,10000000011000011010000111110010010110101010,0.2979517693404574,-2.6652104056383195,0.7987724,10000000011010110010000111110000001100101010,10001011101000011010000111110010010110101010,14.0
15,10001011101010110010000111110000001100101010,9.116008070947657,-3.0863530841715487,0.8859128,10000000011010110010000111110000001100101010,10001011101000011010000111110010010110101010,14.0
15,10000000100000000010011000001110010110101000,0.39107808854058135,2.8034455307592197,0.8999225,10000000100000000010000111001111010110010110,01110000010000100010011000001110010110101000,14.0
15,01110000010000100010000111001111010110010110,-12.298181604905508,-9.502103209996989,0.8065464,10000000100000000010000111001111010110010110,01110000010000100010011000001110010110101000,14.0
15,10001011101111001010000111110001011110101010,9.169413845399347,-2.836108883883682,0.8942989,10001011101111001100011000001110010110111010,10001011101000111010000111110001011110101010,14.0
15,10001011101000111100011000001110010110111010,9.09354903544164,2.8043038378486216,0.9134129,10001011101111001100011000001110010110111010,10001011101000111010000111110001011110101010,14.0
15,01110010000000110010000111110111000110101101,-10.92794202040244,-1.7373327582675842,0.1069725,01110000000000110010000111110111000100010011,01110000010000100010000111110000000110101101,14.0
15,01110000010000100010000111110000000100010011,-12.298181604905508,-3.1118638782176617,0.860458,01110000000000110010000111110111000100010011,01110000010000100010000111110000000110101101,14.0
15,10000000111010001100011000101110110111100011,0.7103683257981146,9.153916634062924,0.8758986,10000000100000000010000111001111010110010110,01111111111010001100011000101110110111100011,14.0
15,01111111100000000010000111001111010110010110,-0.3902197814511794,-9.502103209996989,0.9143895,10000000100000000010000111001111010110010110,01111111111010001100011000101110110111100011,14.0
15,10000001011001100010000111110010000100010111,1.092934869035446,-2.721048050176634,0.9490918,10000001011001100010000111110001011110101010,01110000011010100010000111110010000100010111,14.0
15,01110000011010100010000111110001011110101110,-12.176111263301678,-2.835918148974926,0.8708688,10000001011001100010000111110001011110101010,01110000011010100010000111110010000100010111,14.0
15,01110000010000110010001000001110010110110110,-12.295129846365413,2.8041131029398656,0.8707305,01110000010000110010000111110011011101100111,10000000000000010010111000001110010110110110,14.0
15,10000000000000010010110111110011011101100111,0.0036001214027692185,-2.448678600473073,0.5908673,01110000010000110010000111110011011101100111,10000000000000010010111000001110010110110110,14.0
16,10001011101001100010000111110010010110101010,9.100749278247179,-2.6652104056383195,0.9180477,10001011101000011010000111110000010110101011,10000001011001100010000111110010010110101010,15.0
16,10000001011000011010000111110000010110101011,1.079201955605015,-3.055787815043402,0.9800617,10001011101000011010000111110000010110101011,10000001011001100010000111110010010110101010,15.0
16,11001000011011111010011000001110110111100010,56.59073748367726,2.90386746021926,0.5274353,10000000000000010010110111110011011101100111,01110000011011111010011000001110110111100010,15.0
16,01110000000000010010110111110011011101100111,-12.49640285883018,-2.448678600473073,0.84958,10000000000000010010110111110011011101100111,01110000011011111010011000001110110111100010,15.0
16,10001011001111001100011000010000011110111010,8.779217905811763,3.2193429993016736,0.9182143,10001011001111001100011000010000011110111010,01110000010000100010000111110000000110101101,15.0
16,01110000010000100010000111110000000110101101,-12.298181604905508,-3.1045205842305563,0.8607999,10001011001111001100011000010000011110111010,01110000010000100010000111110000000110101101,15.0
16,10000000011010110010000111110000001000111110,0.32694347547136715,-3.097606443788152,0.989734,10000001011001100010000111110000010110111110,10000000011010110010000111110000001000111110,15.0
16,10000000011001100010000111110000010110111110,0.31168468277088834,-3.054881824226811,0.9857839,10000001011001100010000111110000010110111110,10000000011010110010000111110000001000111110,15.0
16,01110000011010100010011001001110010111100111,-12.176063579574489,15.306452585805076,0.5397225,01110000011010100010000111110000001100111110,01110000001111001100011000001110010111100111,15.0
16,01110000001111001100000111110000001100111110,-12.314584807058523,-3.085399409627769,0.858588,01110000011010100010000111110000001100111110,01110000001111001100011000001110010111100111,15.0
16,10001011101010110010000111110000001100101000,9.116008070947657,-3.0864484516259267,0.8859024,10001011101010110010000111110000001100101010,01110000010000100010011000001110010110101000,15.0
16,01110000010000100010011000001110010110101010,-12.29813392117832,2.8035408982135976,0.8704943,10001011101010110010000111110000001100101010,01110000010000100010011000001110010110101000,15.0
16,10001011101000011010000101110000010110101011,9.087016364816748,-28.0557937755093,0.3914256,10001011101000011010000111110000010110101011,01101111111010000010000111010010001100111100,15.0
16,01101111111010000010000111010010001100111100,-12.572839873514141,-8.94487117406635,0.7770914,10001011101000011010000111110000010110101011,01101111111010000010000111010010001100111100,15.0
16,10000000011010010010000111110001011110101100,0.32083995839117563,-2.836013516429304,0.912849,10000000011010110010000111110001011110101010,01110000011010111010000111110000001100111100,15.0
16,01110000011010111010000111110000001100111010,-12.171533625491534,-3.085590144536525,0.8730087,10000000011010110010000111110001011110101010,01110000011010111010000111110000001100111100,15.0
16,10000001001001000010000111001111011110001101,0.8915188053891256,-9.478118295220924,0.9127617,10000001011001100010000111001111011110101101,10000000010000100010011000001110010110101000,15.0
16,10000000010000100010011000001110010110101000,0.20186905905462993,2.8034455307592197,0.8882915,10000001011001100010000111001111011110101101,10000000010000100010011000001110010110101000,15.0
16,01110000011000111100011000001110010110111010,-12.1955185402676,2.8043038378486216,0.8717074,01110000010000100010000111110000000110101101,10001011101000111100011000001110010110111010,15.0
16,10001011100000100010000111110000100110101101,8.990885970803731,-3.006864310947492,0.9183364,01110000010000100010000111110000000110101101,10001011101000111100011000001110010110111010,15.0
16,10000000111010100010000111110000001000111010,0.7145168100635573,-3.097797178696908,0.9886638,10000000111010100010000111110000001100100010,10000000011010110010000111110000001000111110,15.0
16,10100000011010110010000111110000001100100010,25.326949435937266,-3.0867345539890607,0.6325527,10000000111010100010000111110000001100100010,10000000011010110010000111110000001000111110,15.0
16,10000000100000000010011000001110010110101000,0.39107808854058135,2.8034455307592197,0.8999225,10000000100000000010011000001110010110101000,10001011101000111010000111110000001100100010,15.0
16,10001011101000111010000111110000001100100010,9.09311988189694,-3.0867345539890607,0.8928649,10000000100000000010011000001110010110101000,10001011101000111010000111110000001100100010,15.0
16,10001011100010110010000111110000001000111110,9.018351797664593,-3.097606443788152,0.9098663,10001011100000010010000111110000010110101010,10000000011010110010000111110000001000111110,15.0
16,10000000011000010010000111110000000110101010,0.29642589007040954,-3.1046636354121233,0.9899031,10001011100000010010000111110000010110101010,10000000011010110010000111110000001000111110,15.0
16,10000000011010100010010111110000010110101010,0.3239394006584604,-3.055835498770591,0.9860732,10001011101000111100011000001110010110111010,01110000011010100010010111110000010110101010,15.0
16,01111011101000111100011000001110010110111010,-3.406453944791309,2.8043038378486216,0.103012,10001011101000111100011000001110010110111010,01110000011010100010010111110000010110101010,15.0
16,10001011101000111010000111110001011110101100,9.09311988189694,-2.836013516429304,0.9118447,10001011101000111010000111110001011110101100,10000000111010110010000111101110110111100011,15.0
16,10000000111010110010000111101110110111100011,0.717568568603653,-3.3460863461700256,0.9135806,10001011101000111010000111110001011110101100,10000000111010110010000111101110110111100011,15.0
16,10000000011010110010100111110010001001111110,0.32703884292574514,-2.7039295921157844,0.8303306,10000000011010110010000111110001011110101010,10000000011010110010100111110010001001111110,15.0
16,10000000011010110010000111110001011110101010,0.32694347547136715,-2.836108883883682,0.913266,10000000011010110010000111110001011110101010,10000000011010110010100111110010001001111110,15.0
16,01110000010000110010001000001110010110110010,-12.295129846365413,2.8039223680311096,0.870734,01110000010000110010001000001110010110110110,01110000010000100010011000001110010110101000,15.0
16,01110000010000100010011000001110010110101000,-12.29813392117832,2.8034455307592197,0.8704961,01110000010000110010001000001110010110110110,01110000010000100010011000001110010110101000,15.0
16,10000111111010001100011000101110010110001010,6.179119629650032,9.052016509060024,0.1024999,10000001011001100010010111110000010110101000,01111111111010001100011000101110010110001010,15.0
16,01011001011001100010010111110000010110101000,-30.15702489781974,-3.055930866224969,0.4191016,10000001011001100010010111110000010110101000,01111111111010001100011000101110010110001010,15.0
16,01110001011011110010011000101110110100111110,-11.379554600609453,9.14604881907674,0.2954257,01110000011011110010011000001110110111100011,10000000011000110010000111110000001100111110,15.0
16,10000000011000110010000111110000001111100011,0.30252940715060106,-3.0775315946415844,0.988197,01110000011011110010011000001110110111100011,10000000011000110010000111110000001100111110,15.0
16,01110000011010100010001111110000001100111110,-12.176111263301678,96.91462443223583,0.5037783,01110000011010100010000111110000001100111110,10000000011010110010100111110010001001111110,15.0
16,10000000011010110010100111110010001001111110,0.32703884292574514,-2.7039295921157844,0.8303306,01110000011010100010000111110000001100111110,10000000011010110010100111110010001001111110,15.0
16,01110000011011111010011000001001011110101010,-12.159278907603962,1.8513922337036632,0.8247338,01110000011011111010011000001110110111100010,01110000011011100010000111110001011110101010,15.0
16,01110000011011100010000111110110110111100010,-12.163904229141295,-1.7836336573680995,0.8227008,01110000011011111010011000001110110111100010,01110000011011100010000111110001011110101010,15.0
16,01110000000000110010010111110110000100010111,-12.490394709204367,-1.9397978639120765,0.8676902,01110000000000110010010111110110000100010111,10000000011010110010000111110001011110101010,15.0
16,10000000011010110010000111110001011110101010,0.32694347547136715,-2.836108883883682,0.913266,01110000000000110010010111110110000100010111,10000000011010110010000111110001011110101010,15.0
16,10100001011101100010011000001110000110101010,26.14181664987008,2.7547127615720655,0.3825033,10000001011001100010011000001110010110111010,10000001011001100010000110001110010110101000,15.0
16,10000001011001100010000110001110010110101000,1.092934869035446,-22.19656042970668,0.7002969,10000001011001100010011000001110010110111010,10000001011001100010000110001110010110101000,15.0
16,01110000001111001100011110110000010110101010,-12.314537123331334,84.44418536286005,0.5037601,01110000001111001100011000001110010111100111,10000001011001100010000110110000010110101010,15.0
16,10000001011001100010000000001110010111100111,1.092934869035446,-97.19357423629147,0.504255,01110000001111001100011000001110010111100111,10000001011001100010000110110000010110101010,15.0
16,01111000011010110010000111110010010100010111,-5.9230580146451075,-2.672219913535102,0.9184937,01111000011010110010000111110010010100010111,01111000011010110010000111110010010100010111,15.0
16,01111000011010110010000111110010010100010111,-5.9230580146451075,-2.672219913535102,0.9184937,01111000011010110010000111110010010100010111,01111000011010110010000111110010010100010111,15.0
16,01101111111010000010000111110000001100111110,-12.572839873514141,-3.085399409627769,0.7660868,01101111111010000010000111010010001100111100,01110000011010100010000111110000001100111110,15.0
16,01110000011010100010000111010010001100111100,-12.176111263301678,-8.94487117406635,0.6204588,01101111111010000010000111010010001100111100,01110000011010100010000111110000001100111110,15.0
16,01110000110000101110000011110000001100111110,-11.905267692868165,-53.08541133055957,0.486908,01110000010000101110000011110000001100111110,00000000100000011010000111110000000110101101,15.0
16,00000000100000011010000111110000000110101101,-99.60441579924006,-3.1045205842305563,0.4992279,01110000010000101110000011110000001100111110,00000000100000011010000111110000000110101101,15.0
16,01110000010000110000011000001110010111100111,-12.295463632455736,2.8064496055721264,0.8706605,01110000010000110010001000001110010110110110,01110000001111001100011000001110010111100111,15.0
16,01110000001111001110001000001110010110110110,-12.314203337241011,2.8041131029398656,0.8689459,01110000010000110010001000001110010110110110,01110000001111001100011000001110010111100111,15.0
16,10010000011001000010000111110010010110101010,12.805584145923646,-2.6652104056383195,0.6885501,10010000011001000010000111110010010110101010,10000000011000110010000111110000001100111110,15.0
16,10000000011000110010000111110000001100111110,0.30252940715060106,-3.085399409627769,0.9888453,10010000011001000010000111110010010110101010,10000000011000110010000111110000001100111110,15.0
16,10000001011001000010000111110010000100010111,1.0868313519552544,-2.721048050176634,0.9481923,10000001011001100010010111110000010110101000,01110000011010100010000111110010000100010111,15.0
16,01110000011010100010010111110000010110101000,-12.176063579574489,-3.055930866224969,0.873007,10000001011001100010010111110000010110101000,01110000011010100010000111110010000100010111,15.0
16,01110000010000100010000111110000000100010011,-12.298181604905508,-3.1118638782176617,0.860458,01110000010000100010000111110000000100010011,01110000010000101110000111110000010110101000,15.0
16,11110000010000101110000111110000010110101000,87.70413105586314,-3.055930866224969,0.5060447,01110000010000100010000111110000000100010011,01110000010000101110000111110000010110101000,15.0
16,10001011111011010010000111001111010110011110,9.317424134593992,-9.501721740179477,0.5317044,10001011111011010010010111110000000110101101,10000000100000000000000111001111010110011110,15.0
16,10000000100000000000010111110000000110101101,0.3906966187230694,-3.1045205842305563,0.9901959,10001011111011010010010111110000000110101101,10000000100000000000000111001111010110011110,15.0
16,01110000010000100010000110101110010110101000,-12.298181604905508,-15.946558939590204,0.2862051,01110000010000101111111000001111001100111110,10000001011001100010000110101110010110101000,15.0
16,10000001011001101111111000001111001100111110,1.0955574740308407,2.969289533922563,0.9895968,01110000010000101111111000001111001100111110,10000001011001100010000110101110010110101000,15.0
16,01110000000000110010010111110110000100010111,-12.490394709204367,-1.9397978639120765,0.8676902,01110000000000110010010111110110000100010111,01110000010000101110000111110000010110101000,15.0
16,01110000010000101110000111110000010110101000,-12.295892786000437,-3.055930866224969,0.8633058,01110000000000110010010111110110000100010111,01110000010000101110000111110000010110101000,15.0
16,01110000011011100010000111110001011110101010,-12.163904229141295,-2.836108883883682,0.8698169,01110000011011100010000111110001011110101010,10000000011010110010000111110000001100101010,15.0
16,10000000011010110010000111110000001100101010,0.32694347547136715,-3.0863530841715487,0.9890912,01110000011011100010000111110001011110101010,10000000011010110010000111110000001100101010,15.0
16,01110000001111001100011000001110001100101010,-12.314537123331334,2.77302331281264,0.8696317,01110000001111001100011000001110010111100111,10000000011010110010000111110000001100101010,15.0
16,10000000011010110010000111110000010111100111,0.32694347547136715,-3.0529267914120624,0.9857363,01110000001111001100011000001110010111100111,10000000011010110010000111110000001100101010,15.0
16,10001011101010110010000111110000001100011110,9.116008070947657,-3.0869252888978167,0.8858505,10001011101010110010000111110000001100101010,01110000000000110010000111110000001100011110,15.0
16,01110000000001110010000111110000001100101010,-12.478235358771173,-3.0863530841715487,0.8088793,10001011101010110010000111110000001100101010,01110000000000110010000111110000001100011110,15.0
16,01110000010000100010000111001110001100111110,-12.298181604905508,-9.72602599287653,0.8216114,01110000010000100010000111001111010110010110,10001011111010010010000111110110001100111110,15.0
16,10001011111010010010000111110111010110010110,9.305217100433609,-1.6896013473513989,0.9203768,01110000010000100010000111001111010110010110,10001011111010010010000111110110001100111110,15.0
16,01110000000000101110000111110000010100100010,-12.49120533256658,-3.0623204856682946,0.806012,01110000010000101110000111110000010110101000,10001011101000111010000111110000001100100010,15.0
16,10001011101000111010000111110000001110101000,9.09311988189694,-3.080344934545735,0.8934894,01110000010000101110000111110000010110101000,10001011101000111010000111110000001100100010,15.0
16,10000000011010011010000011110000000110101101,0.3223658376612235,-53.10453250516236,0.5282161,10000000011010110010000111110000001100101010,10000000100000011010000111110000000110101101,15.0
16,10000000100000110010000111110000001100101010,0.40018568043367964,-3.0863530841715487,0.9896054,10000000011010110010000111110000001100101010,10000000100000011010000111110000000110101101,15.0
16,10010000011001000010000111110000010010100111,12.805584145923646,-3.068185584112541,0.6304713,10010000011001000010000111110010010110101010,01110000011011110010000111110000010010100111,15.0
16,01110000011011110010000111110010010110101010,-12.1608524706012,-2.6652104056383195,0.8646173,10010000011001000010000111110010010110101010,01110000011011110010000111110000010010100111,15.0
16,01110000010000110010001000001110010110110110,-12.295129846365413,2.8041131029398656,0.8707305,01110000010000110010001000001110010110110110,10000001011001100010010111110000010110101000,15.0
16,10000001011001100010010111110000010110101000,1.092982552762635,-3.055930866224969,0.9790943,01110000010000110010001000001110010110110110,10000001011001100010010111110000010110101000,15.0
16,01110000010000000010011000001110110111100011,-12.304237438258511,2.903915143946449,0.8674181,01110000010000100010000111110000000100101000,01110000011011110010011000001110110111100011,15.0
16,01110000011011110010000111110000000100101000,-12.1608524706012,-3.110862519946693,0.8730024,01110000010000100010000111110000000100101000,01110000011011110010011000001110110111100011,15.0
16,10000000000000110110000111110000001100111100,0.010323526936417693,-3.085494777082147,0.9875311,10000000000000110110000111110000001100111100,10000001011001100010000111110001111110110001,15.0
16,10000001011001100010000111110001111110110001,1.092934869035446,-2.7381188245102948,0.9551121,10000000000000110110000111110000001100111100,10000001011001100010000111110001111110110001,15.0
16,10001111100001000010000111001111010110101000,12.121990232942153,-9.501244902907587,0.76731,10001111100001000010000111001111010110101000,01110000010000100010011000001110010110101000,15.0
16,01110000010000100010011000001110010110101000,-12.29813392117832,2.8034455307592197,0.8704961,10001111100001000010000111001111010110101000,01110000010000100010011000001110010110101000,15.0
16,10001111100000111010000111110000001100111100,12.120464353672105,-3.085494777082147,0.8712523,10001111100001000010000111001111010110101000,01110000011010111010000111110000001100111100,15.0
16,01110000011011000010000101001111000110101000,-12.170007746221486,-34.55007900001502,0.4511243,10001111100001000010000111001111010110101000,01110000011010111010000111110000001100111100,15.0
16,10010000010000110010001000001110010110110110,12.704876114100486,2.8041131029398656,0.7305926,10010000110000110010000111110011011101100111,01110000010000110010001000001110010110110110,15.0
16,01110000110000110010000111110011011101100111,-11.904504753233141,-2.448678600473073,0.7574906,10010000110000110010000111110011011101100111,01110000010000110010001000001110010110110110,15.0
16,10000001011001100010011000001110010110110111,1.092982552762635,2.8041607866670546,0.9740622,10000001011001100010011000001110010110111010,10000000011010110010000111110010000100010111,15.0
16,10000000011010110010000111110010000100011011,0.32694347547136715,-2.720857315267878,0.8423569,10000001011001100010011000001110010110111010,10000000011010110010000111110010000100010111,15.0
16,10000001011001100010000111101111010110010110,1.092934869035446,-3.252101719880514,0.9089585,10000001011001100010000111110000010110111110,01111111100000000010000111001111010110010110,15.0
16,01111111100000000010000111010000010110111110,-0.3902197814511794,-9.304883314343286,0.9128501,10000001011001100010000111110000010110111110,01111111100000000010000111001111010110010110,15.0
16,10000011011001100010000111110010010110101010,2.655435241564575,-2.6652104056383195,0.6572727,10000001011001100010000110101110010110101000,10000000011000011010000111110010010110101010,15.0
16,10000000011000011010000110101110010110101000,0.2979517693404574,-15.946558939590204,0.7814532,10000001011001100010000110101110010110101000,10000000011000011010000111110010010110101010,15.0
17,10000001011001100010000111110001110110101000,1.092934869035446,-2.762962046375762,0.9630585,10000001011001100010000111110001111110110001,01110000010000100010011000001110010110101000,16.0
17,01110000010000100010011000001110011110110001,-12.29813392117832,2.8282887526246867,0.8699946,10000001011001100010000111110001111110110001,01110000010000100010011000001110010110101000,16.0
17,01111000001000010010110111110011011101100111,-6.148745095430641,-2.448678600473073,0.859591,01110000000000010010110111110011011101100111,10001011101000111010000111110000001110101000,16.0
17,10001011101000111010000111110000001110101000,9.09311988189694,-3.080344934545735,0.8934894,01110000000000010010110111110011011101100111,10001011101000111010000111110000001110101000,16.0
17,10001011100010110010000111110000001000111110,9.018351797664593,-3.097606443788152,0.9098663,10001011100010110010000111110000001000111110,10000000111010100010000111110000001000111010,16.0
17,10000000111010100010000111110000001000111010,0.7145168100635573,-3.097797178696908,0.9886638,10001011100010110010000111110000001000111110,10000000111010100010000111110000001000111010,16.0
17,01110000010000101110000111110000010110101000,-12.295892786000437,-3.055930866224969,0.8633058,01110000010000101110000111110000010110101000,10001011101000111010000111110000001110101000,16.0
17,10001011101000111010000111110000001110101000,9.09311988189694,-3.080344934545735,0.8934894,01110000010000101110000111110000010110101000,10001011101000111010000111110000001110101000,16.0
17,10000000011010000010000111010010001100111100,0.31778819985107987,-8.94487117406635,0.7498114,10000000011010010010000111110001011110101100,01101111111010000010000111010010001100111100,16.0
17,01101111111010010010000111110001011110101100,-12.569788114974045,-2.836013516429304,0.7952354,10000000011010010010000111110001011110101100,01101111111010000010000111010010001100111100,16.0
17,10100000110000100010000111110000000110101101,25.59245242892561,-3.1045205842305563,0.5491992,10100000011010110010000111110000001100100010,01110000010000100010000111110000000110101101,16.0
17,01110000011010110110000111110000001100100010,-12.172296565126558,-3.0867345539890607,0.8730063,10100000011010110010000111110000001100100010,01110000010000100010000111110000000110101101,16.0
17,10000000100000000010011000001110010110101000,0.39107808854058135,2.8034455307592197,0.8999225,10000000100000000010011000001110010110101000,01111000011010110010000111110010010100010111,16.0
17,01111000011010110010000111110010000100010101,-5.9230580146451075,-2.721143417631012,0.9101722,10000000100000000010011000001110010110101000,01111000011010110010000111110010010100010111,16.0
17,11111000011010110010000111110010010100010111,94.07696582721849,-2.672219913535102,0.5049649,01111000011010110010000111110010010100010111,10000000011010110010000111110000010111100111,16.0
17,10000000011010110010000111110000010011100011,0.32694347547136715,-3.0653245604812014,0.9872325,01111000011010110010000111110010010100010111,10000000011010110010000111110000010111100111,16.0
17,10000000100000011010000100001110010110110110,0.395608042623536,-47.19589881799193,0.5474763,10000000100000011010000111110000000110101101,01110000001111001110001000001110010110110110,16.0
17,01110000001111001110001011110000000110101101,-12.314203337241011,46.89549133670124,0.4593157,10000000100000011010000111110000000110101101,01110000001111001110001000001110010110110110,16.0
17,10010000010000010010001000001110010110110010,12.698772597020294,2.8039223680311096,0.7340453,10000000011010110010000111110010000100011011,01110000010000110010001000001110010110110010,16.0
17,01100000011010110010000111110010100100011011,-24.67306248499453,-2.6232010419847995,0.653498,10000000011010110010000111110010000100011011,01110000010000110010001000001110010110110010,16.0
17,10001000010000110010001000001110010110110110,6.454874623984011,2.8041131029398656,0.5280688,10001111100001000010000111001111010110101000,01110000010000110010001000001110010110110110,16.0
17,01110111100001000010000111001111010110101000,-6.628014237407271,-9.501244902907587,0.3512831,10001111100001000010000111001111010110101000,01110000010000110010001000001110010110110110,16.0
17,10001011100000100010010111110000010110101000,8.99093365453092,-3.055930866224969,0.9164336,10001011100000100010000111110000100110101101,10000000011010100010010111110000010110101010,16.0
17,10000000011010100010000111110000100110101101,0.3238917169312714,-3.006864310947492,0.9775208,10001011100000100010000111110000100110101101,10000000011010100010010111110000010110101010,16.0
17,10000000100000000000010111110000000110101101,0.3906966187230694,-3.1045205842305563,0.9901959,10000000100000000000010111110000000110101101,10000000011000110010000111110000001111100011,16.0
17,10000000011000110010000110110000001111100011,0.30252940715060106,-15.577534574874534,0.8132766,10000000100000000000010111110000000110101101,10000000011000110010000111110000001111100011,16.0
17,01110000010000110010000111110001111110110001,-12.295129846365413,-2.7381188245102948,0.8717682,01110000010000110000011000001110010111100111,10000001011001100010000111110001111110110001,16.0
17,10000001011001100000011000001110010111100111,1.092601082945123,2.8064496055721264,0.974558,01110000010000110000011000001110010111100111,10000001011001100010000111110001111110110001,16.0
17,10010001011001000010000111110010000100010111,13.586834332188204,-2.721048050176634,0.2020565,10000001011001000010000111110010000100010111,01110000010000100010000111110000000110101101,16.0
17,01110000010000100010000111110000000110101101,-12.298181604905508,-3.1045205842305563,0.8607999,10000001011001000010000111110010000100010111,01110000010000100010000111110000000110101101,16.0
17,10000001001111001100011000010000011110111010,0.9667160431661728,3.2193429993016736,0.9424228,10000000011010110010000111110001011110101010,10001011001111001100011000010000011110111010,16.0
17,10001010011010110010000111110001011110101010,8.139445338116971,-2.836108883883682,0.4826941,10000000011010110010000111110001011110101010,10001011001111001100011000010000011110111010,16.0
17,01111111100000000010000111010010001001111110,-0.3902197814511794,-8.953931082232259,0.7579369,01111111100000000010000111010000010110111110,10000000011010110010100111110010001001111110,16.0
17,10000000011010110010100111110000010110111110,0.32703884292574514,-3.054881824226811,0.9859932,01111111100000000010000111010000010110111110,10000000011010110010100111110010001001111110,16.0
17,10000000100000000000010111100000000110101101,0.3906966187230694,-6.229521329288801,0.9616156,10000000100000000000010111110000000110101101,01110000011011100010000111110001011110101010,16.0
17,01110000011001100010000111110001011110100010,-12.188318297462061,-2.836490353701194,0.8717222,10000000100000000000010111110000000110101101,01110000011011100010000111110001011110101010,16.0
17,10001011101010110010000111110000000110101101,9.116008070947657,-3.1045205842305563,0.8839063,10001011101010110010000111110000001100101000,10000000100000000000010111110000000110101101,16.0
17,10000000100000000000010111110000001100101000,0.3906966187230694,-3.0864484516259267,0.9895468,10001011101010110010000111110000001100101000,10000000100000000000010111110000000110101101,16.0
17,01110000000000010010110111110011011101100111,-12.49640285883018,-2.448678600473073,0.84958,01110000000000010010110111110011011101100111,10000001011001100010000111101111010110010110,16.0
17,10000001011001100010000111101111010110010110,1.092934869035446,-3.252101719880514,0.9089585,01110000000000010010110111110011011101100111,10000001011001100010000111101111010110010110,16.0
17,10001011001111001100011000010000011110111010,8.779217905811763,3.2193429993016736,0.9182143,10001011001111001100011000010000011110111010,10001011100000100010000111110000100110101101,16.0
17,10001011100000100010000111110000100110101101,8.990885970803731,-3.006864310947492,0.9183364,10001011001111001100011000010000011110111010,10001011100000100010000111110000100110101101,16.0
17,10000000000000110110000111110000001100111110,0.010323526936417693,-3.085399409627769,0.9875212,10000000000000110110000111110000001100111100,01101111111010000010000111110000001100111110,16.0
17,01101111111010000010000111110000001100111101,-12.572839873514141,-3.085447093354958,0.766081,10000000000000110110000111110000001100111100,01101111111010000010000111110000001100111110,16.0
17,10001011101010110010000111110000001100111010,9.116008070947657,-3.085590144536525,0.8859957,10001011101010110010000111110000001100011110,01110000011010111010000111110000001100111010,16.0
17,01110000011010111010000111110000001100011110,-12.171533625491534,-3.0869252888978167,0.8730081,10001011101010110010000111110000001100011110,01110000011010111010000111110000001100111010,16.0
17,10000001011001100010000111110000010110101011,1.092934869035446,-3.055787815043402,0.9791256,10000001011001100010000111101111010110010110,10000001011000011010000111110000010110101011,16.0
17,10000001011000011010000111101111010110010110,1.079201955605015,-3.252101719880514,0.9112907,10000001011001100010000111101111010110010110,10000001011000011010000111110000010110101011,16.0
17,10010000011001000010000111110010010110101010,12.805584145923646,-2.6652104056383195,0.6885501,10010000011001000010000111110010010110101010,01110000011010100010010111110000010110101000,16.0
17,01110000011010100010010111110000010110101000,-12.176063579574489,-3.055930866224969,0.873007,10010000011001000010000111110010010110101010,01110000011010100010010111110000010110101000,16.0
17,01110000011011100010000111110110110111100010,-12.163904229141295,-1.7836336573680995,0.8227008,01110000011011100010000111110110110111100010,10001111100000111010000111110000001100111100,16.0
17,10001111100000111010000111110000001100111110,12.120464353672105,-3.085399409627769,0.8712506,01110000011011100010000111110110110111100010,10001111100000111010000111110000001100111100,16.0
17,10000000011000111010000111110000001100111100,0.30405528642064894,-3.085494777082147,0.9888636,10000000011001100010000111110000010110111110,10001111100000111010000111110000001100111100,16.0
17,10001111100001100010000111110000010110111110,12.128093750022359,-3.054881824226811,0.8712437,10000000011001100010000111110000010110111110,10001111100000111010000111110000001100111100,16.0
17,10001011111011110010000111001111010110011110,9.323527651674183,-9.501721740179477,0.528625,10001011111011010010000111001111010110011110,10000000100000110010000111110000001100101010,16.0
17,10000000100000110010000111110000001100101010,0.40018568043367964,-3.0863530841715487,0.9896054,10001011111011010010000111001111010110011110,10000000100000110010000111110000001100101010,16.0
17,10000000011010110010000111110000001000111110,0.32694347547136715,-3.097606443788152,0.989734,10000000011010110010000111110000001000111110,01110000010000101110000111110000010110101000,16.0
17,01110000010000101110000111110000010111101000,-12.295892786000437,-3.0528791076848734,0.8634294,10000000011010110010000111110000001000111110,01110000010000101110000111110000010110101000,16.0
17,01100001011001100110010111110000010110101000,-23.90626046806824,-3.055930866224969,0.4052918,01110000000000101110000111110000010100100010,10000001011001100010010111110000010110101000,16.0
17,10010000000000101110000111110000010100100010,12.50880062789932,-3.0623204856682946,0.7986141,01110000000000101110000111110000010100100010,10000001011001100010010111110000010110101000,16.0
17,01110000010000110010001000001110010110101000,-12.295129846365413,2.8034455307592197,0.8707427,01110000010000110010001000001110010110110010,10000001011001100010000110001110010110101000,16.0
17,10000001011001100010000110001110010110110010,1.092934869035446,-22.19608359243479,0.7003981,01110000010000110010001000001110010110110010,10000001011001100010000110001110010110101000,16.0
17,01110000010010100010011000001110010110100111,-12.273719852857553,2.8033978470320307,0.8721331,01110000010000100010011000001110010110101010,01110000010000110000011000001110010111100111,16.0
17,01110000010000110000011000001110010111101010,-12.295463632455736,2.8065926567536934,0.8706578,01110000010000100010011000001110010110101010,01110000010000110000011000001110010111100111,16.0
17,10001011111010010010000111110111010110010110,9.305217100433609,-1.6896013473513989,0.9203768,10001011111010010010000111110111010110010110,10000001011001101111111000001111001100111110,16.0
17,10000001011001101111111000001111001100111110,1.0955574740308407,2.969289533922563,0.9895968,10001011111010010010000111110111010110010110,10000001011001101111111000001111001100111110,16.0
17,01010000100000011010000111110000000110101101,-37.10440089807532,-3.1045205842305563,0.5524812,01110000010000000010011000001110110111100011,10000000100000011010000111110000000110101101,16.0
17,10000000010000000010011000001110110111100011,0.1957655419744384,2.903915143946449,0.9400559,01110000010000000010011000001110110111100011,10000000100000011010000111110000000110101101,16.0
17,10001011101010110010000111110000001100101000,9.116008070947657,-3.0864484516259267,0.8859024,10001011101010110010000111110000001100101000,10000000011000110010000111110000001111100011,16.0
17,10000000011000110010000111110000001111100011,0.30252940715060106,-3.0775315946415844,0.988197,10001011101010110010000111110000001100101000,10000000011000110010000111110000001111100011,16.0
17,01110000000000100010000111110000000110101101,-12.493494151471651,-3.1045205842305563,0.8007069,01110000010000100010000111110000000110101101,10000000011010010010000111110001011110101100,16.0
17,10000000011010010010000111110001011110101100,0.32083995839117563,-2.836013516429304,0.912849,01110000010000100010000111110000000110101101,10000000011010010010000111110001011110101100,16.0
17,01110000010000100010000111110000000110101101,-12.298181604905508,-3.1045205842305563,0.8607999,01110000010000100010000111110000000110101101,10000000011010110010000111110000010111100111,16.0
17,10000000011010110010000111110000010111100111,0.32694347547136715,-3.0529267914120624,0.9857363,01110000010000100010000111110000000110101101,10000000011010110010000111110000010111100111,16.0
17,10000000111010100010000111110000001000111010,0.7145168100635573,-3.097797178696908,0.9886638,10000000111010100010000111110000001000111010,10000000011000010010000111110000000110101010,16.0
17,10000000011000010010000111110001000110101010,0.29642589007040954,-2.9093510888459946,0.9459103,10000000111010100010000111110000001000111010,10000000011000010010000111110000000110101010,16.0
17,01110000001110110010000111110000001000111110,-12.319543914686179,-3.097606443788152,0.8569522,01110000001111001100011110110000010110101010,10001011100010110010000111110000001000111110,16.0
17,10001011100011001100011110110000010110101010,9.023358589019438,84.44418536286005,0.5072604,01110000001111001100011110110000010110101010,10001011100010110010000111110000001000111110,16.0
17,01101111111010000010011000001111001101111110,-12.572792189786952,2.9723412924626587,0.779425,01101111111010000010000111110000001100111110,10000001011001101111111000001111001100111110,16.0
17,10000001011001101111100111110000001100111100,1.0955097903036517,-3.085494777082147,0.9723352,01101111111010000010000111110000001100111110,10000001011001101111111000001111001100111110,16.0
17,01110000011011110010000111110010000100010111,-12.1608524706012,-2.721048050176634,0.8664164,01110000011011110010000111110000000100101000,10000001011001000010000111110010000100010111,16.0
17,10000001011001000010000111110000000100101000,1.0868313519552544,-3.110862519946693,0.9663911,01110000011011110010000111110000000100101000,10000001011001000010000111110010000100010111,16.0
17,01110000011010111010000111110000001100111010,-12.171533625491534,-3.085590144536525,0.8730087,01110000011010111010000111110000001100111010,10000000010000100010011000001110010110101000,16.0
17,10000000010000100010011000001110010110101000,0.20186905905462993,2.8034455307592197,0.8882915,01110000011010111010000111110000001100111010,10000000010000100010011000001110010110101000,16.0
17,10000000011000110010000111111110110111100011,0.30252940715060106,-0.22108560111179543,0.8659436,10000000011000110010000111110000001111100011,10000000111010110010000111101110110111100011,16.0
17,10000000111010110010000111100000001111000011,0.717568568603653,-6.204058218969877,0.961843,10000000011000110010000111110000001111100011,10000000111010110010000111101110110111100011,16.0
17,01110000011010100010001111110000001100111110,-12.176111263301678,96.91462443223583,0.5037783,01110000011010100010001111110000001100111110,10000000011010110010000111110001011110101010,16.0
17,10000000011010110010000111110001011110101010,0.32694347547136715,-2.836108883883682,0.913266,01110000011010100010001111110000001100111110,10000000011010110010000111110001011110101010,16.0
17,01100000000000110110000111110000001100111100,-24.98968243352948,-3.085494777082147,0.6864516,01110000010000110010001000001110010110110110,10000000000000110110000111110000001100111100,16.0
17,10010000010000110010001000001110010110110110,12.704876114100486,2.8041131029398656,0.7305926,01110000010000110010001000001110010110110110,10000000000000110110000111110000001100111100,16.0
17,10001011111010010010000111110000000110101100,9.305217100433609,-3.1045682679577453,0.7988907,10001011111010010010000111110111010110010110,10000000100000011010000111110000000110101101,16.0
17,10000000100010011010000111110111010110010110,0.4200221109443021,-1.6896013473513989,0.0315435,10001011111010010010000111110111010110010110,10000000100000011010000111110000000110101101,16.0
17,10000000000000110010000111110000001100101010,0.009560587301393753,-3.0863530841715487,0.9876193,10000000011010110010000111110010000100011011,10000000100000110010000111110000001100101010,16.0
17,10000000111010110010000111110010000100011011,0.717568568603653,-2.720857315267878,0.8901961,10000000011010110010000111110010000100011011,10000000100000110010000111110000001100101010,16.0
17,10000000111010100010000011110000010110101000,0.7145168100635573,-53.055942787156766,0.5264316,10000000111010100010000111110000001000111010,10000001011001100010010111110000010110101000,16.0
17,10000001011001100010010111110000001000111010,1.092982552762635,-3.097797178696908,0.9694012,10000000111010100010000111110000001000111010,10000001011001100010010111110000010110101000,16.0
17,10000001011001101111111000000000001100111110,1.0955574740308407,0.039601335430461404,0.2094696,10000001011001101111111000001111001100111110,10000000011000110010000111110000001100111110,16.0
17,10000000001000110010000111111111001100111110,0.10721686058445812,-0.15571121113568154,0.9646491,10000001011001101111111000001111001100111110,10000000011000110010000111110000001100111110,16.0
17,10000000011010110010000111001110010111100111,0.32694347547136715,-9.693553374660823,0.8564216,10000000011010110010000111110001011110101010,01110000010000110000011000001110010111100111,16.0
17,01110000010000110000011000110001011110101010,-12.295463632455736,9.663894096349267,0.8197075,10000000011010110010000111110001011110101010,01110000010000110000011000001110010111100111,16.0
18,10000000100011110010000111001111010110011110,0.4368067829148288,-9.501721740179477,0.9141286,10000000100000000010011000001110010110101000,10001011111011110010000111001111010110011110,17.0
18,10001011111000000010011000001110010110101000,9.277798957299936,2.8034455307592197,0.8595089,10000000100000000010011000001110010110101000,10001011111011110010000111001111010110011110,17.0
18,10010000011001000010000111110000001100101000,12.805584145923646,-3.0864484516259267,0.6275498,10010000011001000010000111110010010110101010,10000000100000000000010111110000001100101000,17.0
18,10000000100000000000010111110010010110101010,0.3906966187230694,-2.6652104056383195,0.8079633,10010000011001000010000111110010010110101010,10000000100000000000010111110000001100101000,17.0
18,10000000111010110010000100001110010110101000,0.717568568603653,-47.19656639017258,0.5473992,10000000111010110010000111110010000100011011,10000000010000100010011000001110010110101000,17.0
18,10000000010000100010011011110010000100011011,0.20186905905462993,47.27915460566393,0.5454695,10000000111010110010000111110010000100011011,10000000010000100010011000001110010110101000,17.0
18,10000000111010111010000111110000001100111010,0.7190944478737009,-3.085590144536525,0.9894135,10000000111010100010000111110000001000111010,01110000011010111010000111110000001100111010,17.0
18,01110000011010100010000111110000001000111010,-12.176111263301678,-3.097797178696908,0.8729559,10000000111010100010000111110000001000111010,01110000011010111010000111110000001100111010,17.0
18,01101111111010010010000111110001011100111010,-12.569788114974045,-2.8414494613288497,0.7946939,01101111111010010010000111110001011110101100,10001011101010110010000111110000001100111010,17.0
18,10001011101010110010000111110000001110101100,9.116008070947657,-3.0801541996369792,0.8865832,01101111111010010010000111110001011110101100,10001011101010110010000111110000001100111010,17.0
18,10001111100001100010000111110000001100111110,12.128093750022359,-3.085399409627769,0.8717458,10001111100001100010000111110000010110111110,01110000011010100010001111110000001100111110,17.0
18,01110000011010100010001111110000010110111110,-12.176111263301678,96.94514201763678,0.5036193,10001111100001100010000111110000010110111110,01110000011010100010001111110000001100111110,17.0
18,10000001011001100000011000010000011110111010,1.092601082945123,3.2193429993016736,0.9249676,10000001011001100000011000001110010111100111,10000001001111001100011000010000011110111010,17.0
18,10000001001111001100011000101110010111100111,0.9667160431661728,9.056451095688601,0.843544,10000001011001100000011000001110010111100111,10000001001111001100011000010000011110111010,17.0
18,01110000000000010010110111110011011101100111,-12.49640285883018,-2.448678600473073,0.84958,01110000000000010010110111110011011101100111,10000000011010110010100111110000010110111110,17.0
18,10000000011010110010100111110000010110111110,0.32703884292574514,-3.054881824226811,0.9859932,01110000000000010010110111110011011101100111,10000000011010110010100111110000010110111110,17.0
18,10001011100011001100011110110000001111100011,9.023358589019438,84.42248926698906,0.5073249,10001011100011001100011110110000010110101010,10000000011000110010000110110000001111100011,17.0
18,10000000011000110010000110110000010110101010,0.30252940715060106,-15.55583847900354,0.8097769,10001011100011001100011110110000010110101010,10000000011000110010000110110000001111100011,17.0
18,01110000010010100010011000001110010110100111,-12.273719852857553,2.8033978470320307,0.8721331,01110000010000110010001000001110010110101000,01110000010010100010011000001110010110100111,17.0
18,01110000010000110010001000001110010110101000,-12.295129846365413,2.8034455307592197,0.8707427,01110000010000110010001000001110010110101000,01110000010010100010011000001110010110100111,17.0
18,10010000010010110010001000001110010110110011,12.729290182421252,2.8039700517582986,0.7165893,10010000010000110010001000001110010110110110,10000000010000000010011000001110110111100011,17.0
18,10000000010000000010011000001110110111100111,0.1957655419744384,2.904105878855205,0.9401383,10010000010000110010001000001110010110110110,10000000010000000010011000001110110111100011,17.0
18,10000000011000110010000111110000001111100011,0.30252940715060106,-3.0775315946415844,0.988197,10000000011000110010000111110000001111100011,10000000011000111010000111110000001100111100,17.0
18,10000000011000111010000111110000001101111100,0.30405528642064894,-3.082443018542051,0.9886279,10000000011000110010000111110000001111100011,10000000011000111010000111110000001100111100,17.0
18,10000001011000011010001111101100001000111010,1.079201955605015,96.12097647690211,0.4961109,10000001011000011010000111101111010110010110,10000001011001100010010111110000001000111010,17.0
18,10000001011001101010010111110011010110010110,1.0945084320326828,-2.4708515336159564,0.8145984,10000001011000011010000111101111010110010110,10000001011001100010010111110000001000111010,17.0
18,01110000010010100010011000001110010110100111,-12.273719852857553,2.8033978470320307,0.8721331,01110000010010100010011000001110010110100111,10000001011001100010000110001110010110110010,17.0
18,10000001011001100010000110001110010110110010,1.092934869035446,-22.19608359243479,0.7003981,01110000010010100010011000001110010110100111,10000001011001100010000110001110010110110010,17.0
18,11110000010000100010000111110000000110101101,87.70184223695807,-3.1045205842305563,0.5060417,01110000010010100010011000001110010110100111,01110000010000100010000111110000000110101101,17.0
18,01110000010010100010011000000110010110100111,-12.273719852857553,1.2408974745029155,0.8374618,01110000010010100010011000001110010110100111,01110000010000100010000111110000000110101101,17.0
18,01110000001110110010000111110000001100111100,-12.319543914686179,-3.085494777082147,0.857582,01110000001110110010000111110000001000111110,10000000011000111010000111110000001100111100,17.0
18,10000000011000111010000111110000001000111110,0.30405528642064894,-3.097606443788152,0.989621,01110000001110110010000111110000001000111110,10000000011000111010000111110000001100111100,17.0
18,01111000011010110010000111110010000100011000,-5.9230580146451075,-2.721000366449445,0.9101977,01111000011010110010000111110010000100010101,01110000010000101110000111110000010110101000,17.0
18,01110000010000101110000111110000010110100101,-12.295892786000437,-3.056073917406536,0.8633,01111000011010110010000111110010000100010101,01110000010000101110000111110000010110101000,17.0
18,01110000011011110010000111010000010111100111,-12.1608524706012,-9.302928281528537,0.7300932,01110000011011110010000111110010000100010111,10000000011010110010000111110000010111100111,17.0
18,10000000011010110010000111110010000100010111,0.32694347547136715,-2.721048050176634,0.8424903,01110000011011110010000111110010000100010111,10000000011010110010000111110000010111100111,17.0
18,10010000000000101110000111110000010100100010,12.50880062789932,-3.0623204856682946,0.7986141,10010000000000101110000111110000010100100010,10001000010000110010001000001110010110110110,17.0
18,10001000010000110010001000001110010110110110,6.454874623984011,2.8041131029398656,0.5280688,10010000000000101110000111110000010100100010,10001000010000110010001000001110010110110110,17.0
18,10000000011010110010000111110000011111101000,0.32694347547136715,-3.0284650393641073,0.9819172,10000000011010110010000111110000010111100111,01110000011010100010010111110000010110101000,17.0
18,01110000011010100010010111110000010111100111,-12.176063579574489,-3.0529267914120624,0.8730046,10000000011010110010000111110000010111100111,01110000011010100010010111110000010110101000,17.0
18,11000001010000000000010111110000000110101101,50.97664617935328,-3.1045205842305563,0.498448,10000001011001100010000110001110010110110010,10000000100000000000010111110000000110101101,17.0
18,10000000101001100010000110001110010110110010,0.5069972293370313,-22.19608359243479,0.7047041,10000001011001100010000110001110010110110010,10000000100000000000010111110000000110101101,17.0
18,10000001011001101110011000010000011110111010,1.0952713716677067,3.2193429993016736,0.9245477,10000001011001101111111000001111001100111110,10000001001111001100011000010000011110111010,17.0
18,10000001001111001111111000001111001100111110,0.9673836153468187,2.969289533922563,0.9900457,10000001011001101111111000001111001100111110,10000001001111001100011000010000011110111010,17.0
18,10000000010000000010011000001110110111100011,0.1957655419744384,2.903915143946449,0.9400559,10000000010000000010011000001110110111100011,10000000011000010010000111110001000110101010,17.0
18,10000000011000010010000111110001000110101010,0.29642589007040954,-2.9093510888459946,0.9459103,10000000010000000010011000001110110111100011,10000000011000010010000111110001000110101010,17.0
18,10000101011001100000011000001110010111100111,4.217601828003367,2.8064496055721264,0.1386963,10000001011001100000011000001110010111100111,10000000011010110010000111110000010111100111,17.0
18,10000000011010110010000111110000010111100111,0.32694347547136715,-3.0529267914120624,0.9857363,10000001011001100000011000001110010111100111,10000000011010110010000111110000010111100111,17.0
18,10001011001111001100011000001110010111100111,8.779217905811763,2.8064496055721264,0.8885731,10001011001111001100011000010000011110111010,10000001011001100000011000001110010111100111,17.0
18,10000001011001100000011000010000011110111010,1.092601082945123,3.2193429993016736,0.9249676,10001011001111001100011000010000011110111010,10000001011001100000011000001110010111100111,17.0
18,10010000011001000010000111110010110110101010,12.805584145923646,-2.567554132355241,0.7007779,10010000011001000010000111110010010110101010,01111000001000010010110111110011011101100111,17.0
18,01111000000000010010110111110011011101100111,-6.246401368713705,-2.448678600473073,0.8014668,10010000011001000010000111110010010110101010,01111000001000010010110111110011011101100111,17.0
18,10001111100000111010000111110000001100111110,12.120464353672105,-3.085399409627769,0.8712506,10001111100000111010000111110000001100111110,10000000111010100010000011110000010110101000,17.0
18,10000000111010100010000011110000010110101000,0.7145168100635573,-53.055942787156766,0.5264316,10001111100000111010000111110000001100111110,10000000111010100010000011110000010110101000,17.0
18,01100001011001100110010111110000010110101000,-23.90626046806824,-3.055930866224969,0.4052918,01100001011001100110010111110000010110101000,10000000011000010010000111110001000110101010,17.0
18,10000100011000010010000111110001000110101010,3.421426635128654,-2.9093510888459946,0.0658416,01100001011001100110010111110000010110101000,10000000011000010010000111110001000110101010,17.0
18,01110000011010111010000111110000101100111010,-12.171533625491534,-2.9879338712534604,0.8726275,01110000011010111010000111110000001100111010,10000000011000010010000111110001000110101010,17.0
18,10000000011000010010000111110001000110101010,0.29642589007040954,-2.9093510888459946,0.9459103,01110000011010111010000111110000001100111010,10000000011000010010000111110001000110101010,17.0
18,01111111100000000010000111010010001001111110,-0.3902197814511794,-8.953931082232259,0.7579369,01111111100000000010000111010010001001111110,10000000011000110010000111111110110111100011,17.0
18,10000000111000110010000111111110110111100011,0.6931545002828869,-0.22108560111179543,0.5576493,01111111100000000010000111010010001001111110,10000000011000110010000111111110110111100011,17.0
18,10000001011001000010000111110001001100111110,1.0868313519552544,-2.89008686306164,0.9877523,10000001011001000010000111110000000100101000,10000001011001101111111000001111001100111110,17.0
18,10000001011001101111111000001110000100101000,1.0955574740308407,2.748513877037496,0.958892,10000001011001000010000111110000000100101000,10000001011001101111111000001111001100111110,17.0
18,10000000011000111010000111110000001100111100,0.30405528642064894,-3.085494777082147,0.9888636,10000000011010110010000111001110010111100111,10000000011000111010000111110000001100111100,17.0
18,10000000011010110010000111001110010101000111,0.32694347547136715,-9.701182771011062,0.852963,10000000011010110010000111001110010111100111,10000000011000111010000111110000001100111100,17.0
18,01110000010000110110000111110000001100111110,-12.294366906730389,-3.085399409627769,0.8623286,01110000010000101110000111110000010111101000,10000000000000110110000111110000001100111110,17.0
18,10000000000000101110010111110000010111101000,0.008845331393558808,-3.0528791076848734,0.9831056,01110000010000101110000111110000010111101000,10000000000000110110000111110000001100111110,17.0
18,01110000011011110010000111010010000100010111,-12.1608524706012,-8.971049540293109,0.6224323,01110000011011110010000111110010000100010111,01110000011011100010000111110110110111100010,17.0
18,01110000011011100010000111110110110111100010,-12.163904229141295,-1.7836336573680995,0.8227008,01110000011011110010000111110010000100010111,01110000011011100010000111110110110111100010,17.0
18,01010000100000011010000111110000000110101101,-37.10440089807532,-3.1045205842305563,0.5524812,01010000100000011010000111110000000110101101,10000000011000110010000111110000001111100011,17.0
18,10000000011000110010000111110000001111100011,0.30252940715060106,-3.0775315946415844,0.988197,01010000100000011010000111110000000110101101,10000000011000110010000111110000001111100011,17.0
18,10000000100000000000010111110000001100101000,0.3906966187230694,-3.0864484516259267,0.9895468,10000000100000000000010111110000001100101000,10001011100000100010010111110000010110101000,17.0
18,10001011100000100010010111110000010110101000,8.99093365453092,-3.055930866224969,0.9164336,10000000100000000000010111110000001100101000,10001011100000100010010111110000010110101000,17.0
18,10000001001111010010000111110000001000111110,0.9678127688915197,-3.097606443788152,0.9791423,10000001001111001100011000010000011110111010,10001011100010110010000111110000001000111110,17.0
18,10001011100010101100011000010000011110111010,9.017255071939246,3.2193429993016736,0.900828,10000001001111001100011000010000011110111010,10001011100010110010000111110000001000111110,17.0
18,10000000111010100010000111110000001000111010,0.7145168100635573,-3.097797178696908,0.9886638,10000000010000000010011000001110110111100011,10000000111010100010000111110000001000111010,17.0
18,10000000010000000010011000001110110111100011,0.1957655419744384,2.903915143946449,0.9400559,10000000010000000010011000001110110111100011,10000000111010100010000111110000001000111010,17.0
18,10001011100010110010000011110000001110101000,9.018351797664593,-53.08035685547754,0.5212631,10001011100010110010000111110000001000111110,10001011101000111010000111110000001110101000,17.0
18,10001011101000111010000111110000001000111110,9.09311988189694,-3.097606443788152,0.8917846,10001011100010110010000111110000001000111110,10001011101000111010000111110000001110101000,17.0
18,10001000100000011010000111110000001100011110,6.645609532740011,-3.0869252888978167,0.2770296,10000000100000011010000111110000000110101101,01110000011010111010000111110000001100011110,17.0
18,01110000011010111010000111110000000110101101,-12.171533625491534,-3.1045205842305563,0.8729853,10000000100000011010000111110000000110101101,01110000011010111010000111110000001100011110,17.0
18,10001011100010110010000111110000001100101010,9.018351797664593,-3.0863530841715487,0.9105814,10001011100010110010000111110000001000111110,10000000000000110010000111110000001100101010,17.0
18,00000000000000110010000111010000001000111110,-99.9904632545622,-9.347607933904627,0.5039802,10001011100010110010000111110000001000111110,10000000000000110010000111110000001100101010,17.0
18,10000000100000000000010111110000001100101010,0.3906966187230694,-3.0863530841715487,0.9895417,10000000100000000000010111110000001100101000,10000000010000100010011000001110010110101000,17.0
18,10000000010000100010011000001110010110101000,0.20186905905462993,2.8034455307592197,0.8882915,10000000100000000000010111110000001100101000,10000000010000100010011000001110010110101000,17.0
18,10000000011010110010100111110000010110111110,0.32703884292574514,-3.054881824226811,0.9859932,10001011100000100010010111110000010110101000,10000000011010110010100111110000010110111110,17.0
18,10001011100000100010010111110000010110101000,8.99093365453092,-3.055930866224969,0.9164336,10001011100000100010010111110000010110101000,10000000011010110010100111110000010110111110,17.0
18,10000000111010100010000111111110110111100011,0.7145168100635573,-0.22108560111179543,0.5373821,10000000111010100010000111110000001000111010,10000000011000110010000111111110110111100011,17.0
18,10000000011000110010000111110000001000111010,0.30252940715060106,-3.097797178696908,0.9896231,10000000111010100010000111110000001000111010,10000000011000110010000111111110110111100011,17.0
18,01111000010000101110000111110000010111101000,-6.045891295883962,-3.0528791076848734,0.7547931,01111000011010110010000111110010000100010101,01110000010000101110000111110000010111101000,17.0
18,01110000011010110000000111110010000100010101,-12.173440974579094,-2.721143417631012,0.8680284,01111000011010110010000111110010000100010101,01110000010000101110000111110000010111101000,17.0
18,10000001011010000110011000001111001101111110,1.0998490094778504,2.9723412924626587,0.9893524,10000001011001000010000111110000000100101000,01101111111010000010011000001111001101111110,17.0
18,01101111111001000010000111110000000100101000,-12.585046907674524,-3.110862519946693,0.7566553,10000001011001000010000111110000000100101000,01101111111010000010011000001111001101111110,17.0
18,11011011110010010010000111110111010110010110,71.70757572831528,-1.6896013473513989,0.5064932,11111000011010110010000111110010010100010111,10001011111010010010000111110111010110010110,17.0
18,10001000011010110010000111110010010100010111,6.576944965587842,-2.672219913535102,0.472375,11111000011010110010000111110010010100010111,10001011111010010010000111110111010110010110,17.0
18,01110000010000100010000111110000000110101101,-12.298181604905508,-3.1045205842305563,0.8607999,01110000010000100010000111110000000110101101,10000000000000110110000111110000001100111110,17.0
18,10000000000000110110000111110000011000111110,0.010323526936417693,-3.0487783071466197,0.9824037,01110000010000100010000111110000000110101101,10000000000000110110000111110000001100111110,17.0
18,10000001011010110010000111110000010111100111,1.1081936617359247,-3.0529267914120624,0.9786039,10000001011001100010000110001110010110110010,10000000011010110010000111110000010111100111,17.0
18,10000000011001100010000110001110010110110010,0.31168468277088834,-22.19608359243479,0.7054038,10000001011001100010000110001110010110110010,10000000011010110010000111110000010111100111,17.0
18,10000000111010110010000111110010000100011011,0.717568568603653,-2.720857315267878,0.8901961,10001111100001100010000111110000010110111110,10000000111010110010000111110010000100011011,17.0
18,11001111100001100010000111110000010110111110,62.12810567095414,-3.054881824226811,0.506502,10001111100001100010000111110000010110111110,10000000111010110010000111110010000100011011,17.0
19,10000001011001000010000111110000010110101010,1.0868313519552544,-3.055835498770591,0.9795388,10000001011001000010000111110001001100111110,10000000011000110010000110110000010110101010,18.0
19,10000000011000110010000110110001001100111110,0.30252940715060106,-15.39008984329459,0.7640934,10000001011001000010000111110001001100111110,10000000011000110010000110110000010110101010,18.0
19,10000001011001100000011000010000011110111010,1.092601082945123,3.2193429993016736,0.9249676,10000001011001101111111000001110000100101000,10000001011001100000011000010000011110111010,18.0
19,10000001011001101111111000001110000100101000,1.0955574740308407,2.748513877037496,0.958892,10000001011001101111111000001110000100101000,10000001011001100000011000010000011110111010,18.0
19,01111111100000000010000111010010001000111010,-0.3902197814511794,-8.95717357568111,0.7601197,01111111100000000010000111010010001001111110,10000001011001100000011000010000011110111010,18.0
19,10000001011001100000011000010000011111111110,1.092601082945123,3.2225854927505253,0.9234609,01111111100000000010000111010010001001111110,10000001011001100000011000010000011110111010,18.0
19,10000001011010000110011000001111001101111110,1.0998490094778504,2.9723412924626587,0.9893524,10000001011010000110011000001111001101111110,01110000011011110010000111010000010111100111,18.0
19,01110000011011110010000111010000010111100111,-12.1608524706012,-9.302928281528537,0.7300932,10000001011010000110011000001111001101111110,01110000011011110010000111010000010111100111,18.0
19,01110000010010100010011000001110010110100111,-12.273719852857553,2.8033978470320307,0.8721331,01110000010010100010011000001110010110100111,10001011101000111010000111110000001000111110,18.0
19,10001011111000111010000111110000001000111110,9.288432428463082,-3.097606443788152,0.8093852,01110000010010100010011000001110010110100111,10001011101000111010000111110000001000111110,18.0
19,10000000010000110000011000001110010110100111,0.20453934777721372,2.8033978470320307,0.8883788,10000000010000000010011000001110110111100011,01110000010010100010011000001110010110100111,18.0
19,01110000010010000010011000001110110111100011,-12.279823369937745,2.903915143946449,0.8700562,10000000010000000010011000001110110111100011,01110000010010100010011000001110010110100111,18.0
19,10000010011000111010000111110000001101111100,1.866555658949764,-3.082443018542051,0.7936834,10000000011000111010000111110000001101111100,10000000011000110010000111110000001111100011,18.0
19,10000000011000110010000111110000001111100011,0.30252940715060106,-3.0775315946415844,0.988197,10000000011000111010000111110000001101111100,10000000011000110010000111110000001111100011,18.0
19,10000000100000000000010111110000001100101110,0.3906966187230694,-3.0861623492627928,0.9895315,10000000100000000000010111110000001100101010,10000000011000111010000111110000001000111110,18.0
19,10000000011000111010000111110000001000111010,0.30405528642064894,-3.097797178696908,0.9896307,10000000100000000000010111110000001100101010,10000000011000111010000111110000001000111110,18.0
19,10001011101000111010000111110000001000111110,9.09311988189694,-3.097606443788152,0.8917846,10001011101010110010000111110000001110101100,10001011101000111010000111110000001000111110,18.0
19,10001011101010100010000111110000001110101100,9.112956312407562,-3.0801541996369792,0.8875483,10001011101010110010000111110000001110101100,10001011101000111010000111110000001000111110,18.0
19,10000000000000110110000111110000011001100111,0.010323526936417693,-3.046823274331871,0.9820573,10000000000000110110000111110000011000111110,10000000010000000010011000001110110111100111,18.0
19,10000000010000000010011000001110110110111110,0.1957655419744384,2.902150846040456,0.9392903,10000000000000110110000111110000011000111110,10000000010000000010011000001110110111100111,18.0
19,10000000011010110010011000001110010110100111,0.32699115919855615,2.8033978470320307,0.8952102,10000000011010110010100111110000010110111110,01110000010010100010011000001110010110100111,18.0
19,01110000010010100010100111110000010110111110,-12.273672169130364,-3.054881824226811,0.8666397,10000000011010110010100111110000010110111110,01110000010010100010011000001110010110100111,18.0
19,10000000011000110010000111110000001111100011,0.30252940715060106,-3.0775315946415844,0.988197,10000000011000110010000111110000001111100011,10000000011010110010100111110000010110111110,18.0
19,10000000011010110010100111110000010110111110,0.32703884292574514,-3.054881824226811,0.9859932,10000000011000110010000111110000001111100011,10000000011010110010100111110000010110111110,18.0
19,01110000010000110110000111110000001100101101,-12.294366906730389,-3.0862100329899818,0.8622937,01110000010000110110000111110000001100111110,01110000010000100010000111110000000110101101,18.0
19,01110000010000100010000111110000000110111110,-12.298181604905508,-3.1037099608683434,0.8608373,01110000010000110110000111110000001100111110,01110000010000100010000111110000000110101101,18.0
19,10010000000000101110000111110000010100100010,12.50880062789932,-3.0623204856682946,0.7986141,10010000000000101110000111110000010100100010,10000000011000010010000111110001000110101010,18.0
19,10000000011000010010010111110001000110101010,0.29647357379759853,-2.9093510888459946,0.9459123,10010000000000101110000111110000010100100010,10000000011000010010000111110001000110101010,18.0
19,10010000011001000010000111110000001100111010,12.805584145923646,-3.085590144536525,0.6276877,10010000011001000010000111110000001100101000,10000000111010111010000111110000001100111010,18.0
19,10000000111010111010000111110000001100101000,0.7190944478737009,-3.0864484516259267,0.989364,10010000011001000010000111110000001100101000,10000000111010111010000111110000001100111010,18.0
19,01111111100000000010000111010010001001110110,-0.3902197814511794,-8.954312552049771,0.7581943,01111111100000000010000111010010001001111110,10000000011000110010000111110000001111100011,18.0
19,10000000011000110010000111110000001111100011,0.30252940715060106,-3.0775315946415844,0.988197,01111111100000000010000111010010001001111110,10000000011000110010000111110000001111100011,18.0
19,10000000011010110010000111110000010111100111,0.32694347547136715,-3.0529267914120624,0.9857363,10000000011010110010100111110000010110111110,10000000011010110010000111110000010111100111,18.0
19,10000000011010110010100111110000010110111110,0.32703884292574514,-3.054881824226811,0.9859932,10000000011010110010100111110000010110111110,10000000011010110010000111110000010111100111,18.0
19,10000001100000111010000111110000001100111110,1.182961745968285,-3.085399409627769,0.9635475,10000001011001100000011000010000011110111010,10001111100000111010000111110000001100111110,18.0
19,10001111011001100000011000010000011110111010,12.030103690648957,3.2193429993016736,0.8652267,10000001011001100000011000010000011110111010,10001111100000111010000111110000001100111110,18.0
19,01110000011010111010001000010000011110111010,-12.171533625491534,3.2193429993016736,0.8721185,01110000011010111010000111110000000110101101,10000001011001100000011000010000011110111010,18.0
19,10000001011001100000010111110000000110101101,1.092601082945123,-3.1045205842305563,0.9676069,01110000011010111010000111110000000110101101,10000001011001100000011000010000011110111010,18.0
19,10000000100000011010000111110000000110101101,0.395608042623536,-3.1045205842305563,0.990207,10000000100000011010000111110000000110101101,01110000011010111010000111110000000110101101,18.0
19,01110000011010111010000111110000000110101101,-12.171533625491534,-3.1045205842305563,0.8729853,10000000100000011010000111110000000110101101,01110000011010111010000111110000000110101101,18.0
19,11000000010000110010000111110000001111100011,50.20488505479932,-3.0775315946415844,0.5400347,10000000010000000010011000001110110111100011,10000000011000110010000111110000001111100011,18.0
19,10000000011000000010011000001110110111100011,0.29342181525750277,2.903915143946449,0.9435477,10000000010000000010011000001110110111100011,10000000011000110010000111110000001111100011,18.0
19,10000001011010000110011000001111001101111110,1.0998490094778504,2.9723412924626587,0.9893524,10000001011010000110011000001111001101111110,10000000011010110010000111110000011111101000,18.0
19,10000000001010110010000111110000011111101000,0.13163092890523842,-3.0284650393641073,0.9790458,10000001011010000110011000001111001101111110,10000000011010110010000111110000011111101000,18.0
19,10010000010010100010011000001110010110100111,12.726286107608345,2.8033978470320307,0.7184136,10010000011001000010000111110010110110101010,01110000010010100010011000001110010110100111,18.0
19,01110000011001000010000111110010110110101010,-12.194421814542252,-2.567554132355241,0.8664491,10010000011001000010000111110010110110101010,01110000010010100010011000001110010110100111,18.0
19,10000000011010111010000111110000000110101101,0.32846935474141503,-3.1045205842305563,0.9900124,10001011100000100010010111110000010110101000,01110000011010111010000111110000000110101101,18.0
19,01111011100000100010010111110000000110101000,-3.509069325702029,-3.1047590028665013,0.0219474,10001011100000100010010111110000010110101000,01110000011010111010000111110000000110101101,18.0
19,10000000011000111010000111110000011000111110,0.30405528642064894,-3.0487783071466197,0.984831,10000000011000111010000111110000001000111110,10000000011010110010100111110000010110111110,18.0
19,10000000011010110010100111110000010111111110,0.32703884292574514,-3.0518300656867154,0.9855911,10000000011000111010000111110000001000111110,10000000011010110010100111110000010110111110,18.0
19,10001011100010110010000111110000001100101010,9.018351797664593,-3.0863530841715487,0.9105814,10001011100010110010000111110000001100101010,10000001011001101110011000010000011110111010,18.0
19,10000001011001101110011000010000011110111010,1.0952713716677067,3.2193429993016736,0.9245477,10001011100010110010000111110000001100101010,10000001011001101110011000010000011110111010,18.0
19,10000000011010110010000111110000011111111010,0.32694347547136715,-3.0276067322747053,0.9817623,10000000011010110010000111110000011111101000,10000001011001100000011000010000011110111010,18.0
19,10000001011001100000011000010000011110101000,1.092601082945123,3.2184846922122716,0.9253638,10000000011010110010000111110000011111101000,10000001011001100000011000010000011110111010,18.0
19,10000000011010110010000111110000010111100111,0.32694347547136715,-3.0529267914120624,0.9857363,10000000010000000010011000001110110111100011,10000000011010110010000111110000010111100111,18.0
19,10000000010000000010011000101110110111100011,0.1957655419744384,9.153916634062924,0.8656158,10000000010000000010011000001110110111100011,10000000011010110010000111110000010111100111,18.0
19,10010000011001000010000111110000001111101000,12.805584145923646,-3.0772931760056395,0.6290174,10010000011001000010000111110000001100101000,01111000010000101110000111110000010111101000,18.0
19,01111000010000101110000111110000010100101000,-6.045891295883962,-3.0620343833051606,0.7516215,10010000011001000010000111110000001100101000,01111000010000101110000111110000010111101000,18.0
19,01110000010000100010000000001110110111100011,-12.298181604905508,-97.09610869791715,0.5025442,01110000010000100010000111110000000110101101,10000000010000000010011000001110110111100011,18.0
19,10000000010000000010111111110000010110101101,0.1958609094288164,96.94433139427457,0.5029117,01110000010000100010000111110000000110101101,10000000010000000010011000001110110111100011,18.0
19,10000000111010111011000111110000001100111010,0.7192851827824569,-3.085590144536525,0.989411,10000000111010111010000111110000001100111010,01110000000000010010110111110011011101100111,18.0
19,01110000000000010010110111110011011101100111,-12.49640285883018,-2.448678600473073,0.84958,10000000111010111010000111110000001100111010,01110000000000010010110111110011011101100111,18.0
19,10000000011110110010000111110000001100111100,0.37577161211291354,-3.085494777082147,0.9893894,10000000011000110010000111110000001111100011,01110000001110110010000111110000001100111100,18.0
19,01110000001000110010000111110000001111100011,-12.392786119648491,-3.0775315946415844,0.8396365,10000000011000110010000111110000001111100011,01110000001110110010000111110000001100111100,18.0
19,10000000111010100010000111110000001000111010,0.7145168100635573,-3.097797178696908,0.9886638,10000000111010100010000111110000001000111010,10000001011001101110011000010000011110111010,18.0
19,10000001011001101110011000010000011110111010,1.0952713716677067,3.2193429993016736,0.9245477,10000000111010100010000111110000001000111010,10000001011001101110011000010000011110111010,18.0
19,10011011100000100010010111110000011101111110,21.49093663476387,-3.033519514446141,0.6939785,10001011100000100010010111110000010110101000,10000001011010000110011000001111001101111110,18.0
19,10000001011010000110011000001111000110101000,1.0998490094778504,2.9499299406838304,0.9901897,10001011100000100010010111110000010110101000,10000001011010000110011000001111001101111110,18.0
19,01110000011010100010010111110000010111100011,-12.176063579574489,-3.0531175263208183,0.8730047,01110000011010100010010111110000010111100111,10000000010000000010011000001110110111100011,18.0
19,10000000110000000010010000001110110111100111,0.5863906351067101,-97.09591796300839,0.5038376,01110000011010100010010111110000010111100111,10000000010000000010011000001110110111100011,18.0
19,01110000011010110010000111110000001111100011,-12.173059504761582,-3.0775315946415844,0.8730093,01110000011011110010000111010000010111100111,10000000011000110010000111110000001111100011,18.0
19,10000000011001110010000111010000010111100111,0.3147364413109841,-9.302928281528537,0.9119963,01110000011011110010000111010000010111100111,10000000011000110010000111110000001111100011,18.0
19,10000000100000000000010111110000001100101010,0.3906966187230694,-3.0863530841715487,0.9895417,10000000100000000000010111110000001100101010,10000000000000101110010111110000010111101000,18.0
19,10000000000000101110010111110000010111101000,0.008845331393558808,-3.0528791076848734,0.9831056,10000000100000000000010111110000001100101010,10000000000000101110010111110000010111101000,18.0
19,10000000011000110010000110110000010110111000,0.30252940715060106,-15.555170906822894,0.8096598,10000000011000110010000110110000010110101010,01111000011010110010000111110010000100011000,18.0
19,01111000011010110010000111110010000100001010,-5.9230580146451075,-2.721667938630091,0.9100787,10000000011000110010000110110000010110101010,01111000011010110010000111110010000100011000,18.0
19,10010000010010110010001000001110010110110011,12.729290182421252,2.8039700517582986,0.7165893,10010000010010110010001000001110010110110011,01110000011010100010010111110000010111100111,18.0
19,01110000011010100010010111110000010111100111,-12.176063579574489,-3.0529267914120624,0.8730046,10010000010010110010001000001110010110110011,01110000011010100010010111110000010111100111,18.0
19,10010000011000010010000111110001000110101010,12.796428870303359,-2.9093510888459946,0.6607453,10000000011000010010000111110001000110101010,10000000011010110010000111110000010111100111,18.0
19,10000000011010110010000111111000010111100111,0.32694347547136715,-1.4904264188829472,0.0043283,10000000011000010010000111110001000110101010,10000000011010110010000111110000010111100111,18.0
19,10000000111010100010000111110000001000111010,0.7145168100635573,-3.097797178696908,0.9886638,10000000111010100010000111110000001000111010,01110000011011110010000111010010000100010111,18.0
19,01110000011011110010000111010010000100010111,-12.1608524706012,-8.971049540293109,0.6224323,10000000111010100010000111110000001000111010,01110000011011110010000111010010000100010111,18.0
19,10000000011000010010000111110001000110101010,0.29642589007040954,-2.9093510888459946,0.9459103,10000001011010110010000111110000010111100111,10000000011000010010000111110001000110101010,18.0
19,10000001011010110110000111110000010111100111,1.1089566013709486,-3.0529267914120624,0.9785485,10000001011010110010000111110000010111100111,10000000011000010010000111110001000110101010,18.0
19,01101100010000101110000111110000010111101000,-15.420893531058681,-3.0528791076848734,0.8213817,01101111111001000010000111110000000100101000,01111000010000101110000111110000010111101000,18.0
19,11011011111001000010000111110000000100101000,71.78997320889789,-3.110862519946693,0.5091834,01101111111001000010000111110000000100101000,01111000010000101110000111110000010111101000,18.0
19,01101111111010010010000111110000010111100011,-12.569788114974045,-3.0531175263208183,0.7715162,01101111111010010010000111110001011100111010,10000001011010110010000111110000010111100111,18.0
19,10000001011010110010000111110001011100111010,1.1081936617359247,-2.8414494613288497,0.9825972,01101111111010010010000111110001011100111010,10000001011010110010000111110000010111100111,18.0
19,10001011100000100010010111110110010110110010,8.99093365453092,-1.88357874955625,0.8776836,10001011100000100010010111110000010110101000,10000000101001100010000110001110010110110010,18.0
19,10000000101001100010000110001000010110101000,0.5069972293370313,-23.368435709103508,0.3055066,10001011100000100010010111110000010110101000,10000000101001100010000110001110010110110010,18.0
19,10000000011000010010000111110000010110101000,0.29642589007040954,-3.055930866224969,0.9857217,10000000011000010010000111110001000110101010,10000000111010100010000011110000010110101000,18.0
19,10000000111010100010000111110001000110101010,0.7145168100635573,-2.9093510888459946,0.9704149,10000000011000010010000111110001000110101010,10000000111010100010000011110000010110101000,18.0
19,10000000011000110010100111110000010110111110,0.30262477460497905,-3.054881824226811,0.9856628,10000000011000010010000111110001000110101010,10000000011010110010100111110000010110111110,18.0
19,10000000011010110000000111110001000111101010,0.3265620056538552,-2.906299330305899,0.945982,10000000011000010010000111110001000110101010,10000000011010110010100111110000010110111110,18.0
19,01110000010010110010000111110000010111101111,-12.270715778044647,-3.0525453215945504,0.8671014,01110000010000100010000111110000000110101101,10000000011010110010000111110000010111100111,18.0
19,10000000011000100010000111100000000110101101,0.2994776486105053,-6.229521329288801,0.9612613,01110000010000100010000111110000000110101101,10000000011010110010000111110000010111100111,18.0
19,10000000011010111010000111110000001100111100,0.32846935474141503,-3.085494777082147,0.9890434,10000000011010110010000111110000010111100111,10000000011000111010000111110000001100111100,18.0
19,10000000011000110110000111110000010111100111,0.303292346785625,-3.0529267914120624,0.9854067,10000000011010110010000111110000010111100111,10000000011000111010000111110000001100111100,18.0
19,01101111111001000010000111111110010101100111,-12.585046907674524,-0.32465465656629533,0.8721621,01101111111001000010000111110000000100101000,10001011001111001100011000001110010111100111,18.0
19,10001011001111001100011000000000000100101000,8.779217905811763,0.014138225111537395,0.6189849,01101111111001000010000111110000000100101000,10001011001111001100011000001110010111100111,18.0
20,10000000011010110010000111110000011000111110,0.32694347547136715,-3.0487783071466197,0.9851695,10000000011010110010000111110000011111111010,10001011111000111010000111110000001000111110,19.0
20,10001011111000111010000111110000011111111010,9.288432428463082,-3.0276067322747053,0.8215496,10000000011010110010000111110000011111111010,10001011111000111010000111110000001000111110,19.0
20,01110000010010100010000111110000001000111010,-12.273767536584742,-3.097797178696908,0.8651172,01110000010010100010100111110000010110111110,10000000111010100010000111110000001000111010,19.0
20,10000000111010100010100111110000010110111110,0.7146121775179353,-3.054881824226811,0.9902828,01110000010010100010100111110000010110111110,10000000111010100010000111110000001000111010,19.0
20,10001001011001100000011000010000011110111010,7.342602573061598,3.2193429993016736,0.0819273,10000001011001100000011000010000011110111010,01111111100000000010000111010010001001110110,19.0
20,01111111100000000010000111010010001001110110,-0.3902197814511794,-8.954312552049771,0.7581943,10000001011001100000011000010000011110111010,01111111100000000010000111010010001001110110,19.0
20,10000000100000010010000111110000001110100011,0.3940821633534881,-3.08058335318168,0.9892284,10000000100000011010000111110000000110101101,10000000011000110010000111110000001111100011,19.0
20,10000000011000111010000111110000000110101101,0.30405528642064894,-3.1045205842305563,0.9899256,10000000100000011010000111110000000110101101,10000000011000110010000111110000001111100011,19.0
20,10000001011001000010000111110010110110101010,1.0868313519552544,-2.567554132355241,0.8743236,10000001011001100000011000010000011110101000,01110000011001000010000111110010110110101010,19.0
20,01110000011011100000011000010000011110101000,-12.164238015231618,3.2184846922122716,0.8724538,10000001011001100000011000010000011110101000,01110000011001000010000111110010110110101010,19.0
20,10000000011010110010000111110000011111111100,0.32694347547136715,-3.0275113648203273,0.9817451,10000000011010110010000111110000011111111010,10000010011000111010000111110000001101111100,19.0
20,10000110011000111010000111110000001101111010,4.9915564040080085,-3.082538385996429,0.814302,10000000011010110010000111110000011111111010,10000010011000111010000111110000001101111100,19.0
20,10010000011000010010000111110001000110101010,12.796428870303359,-2.9093510888459946,0.6607453,10010000011000010010000111110001000110101010,10000000011000111010000111110000011000111110,19.0
20,10000000011000111010000111110000011000111110,0.30405528642064894,-3.0487783071466197,0.984831,10010000011000010010000111110001000110101010,10000000011000111010000111110000011000111110,19.0
20,01110000011010100110010111110000101000111010,-12.175300639939465,-3.0001409054138435,0.8728173,01110000011010100010010111110000010111100011,10000000111010100010000111110000001000111010,19.0
20,10000000111010100010000111110000010111100011,0.7145168100635573,-3.0531175263208183,0.990276,01110000011010100010010111110000010111100011,10000000111010100010000111110000001000111010,19.0
20,10000001011001100000011000010000011110101000,1.092601082945123,3.2184846922122716,0.9253638,10000001011001100000011000010000011110101000,10000000011000110010000111110000001111100011,19.0
20,10000000011000110010000111110000001111100011,0.30252940715060106,-3.0775315946415844,0.988197,10000001011001100000011000010000011110101000,10000000011000110010000111110000001111100011,19.0
20,10000000000000110110000111110000011001100111,0.010323526936417693,-3.046823274331871,0.9820573,10000000000000110110000111110000011001100111,10000001011001101110011000010000011110111010,19.0
20,10000001011001100110011000010000011110111000,1.0937454923976588,3.2192476318472956,0.924832,10000000000000110110000111110000011001100111,10000001011001101110011000010000011110111010,19.0
20,10001111011001100000011000010000010110111010,12.030103690648957,3.1949289309809075,0.8642407,10001111011001100000011000010000011110111010,10000000011010110010000111110000010111100111,19.0
20,10000000011010110010000111110000010111110111,0.32694347547136715,-3.0521638517770384,0.9856346,10001111011001100000011000010000011110111010,10000000011010110010000111110000010111100111,19.0
20,10000001011000111011000111110000001100111010,1.0854962075939625,-3.085590144536525,0.9731783,10000001011001101111111000001110000100101000,10000000111010111011000111110000001100111010,19.0
20,10000000111011101111111000001110000100101000,0.7293464492193351,2.748513877037496,0.9072068,10000001011001101111111000001110000100101000,10000000111010111011000111110000001100111010,19.0
20,10000000011000010010000111110000010110101000,0.29642589007040954,-3.055930866224969,0.9857217,10000000011000010010000111110000010110101000,10000000100000011010000111110000000110101101,19.0
20,10000000100000011010000111110000000110101101,0.395608042623536,-3.1045205842305563,0.990207,10000000011000010010000111110000010110101000,10000000100000011010000111110000000110101101,19.0
20,10000000001011100000010111110000000110101101,0.14045241843520273,-3.1045205842305563,0.9893537,10000000001010110010000111110000011111101000,10000001011001100000010111110000000110101101,19.0
20,10000001011000110010000111110000011111101000,1.0837795934151586,-3.0284650393641073,0.9843187,10000000001010110010000111110000011111101000,10000001011001100000010111110000000110101101,19.0
20,10000000000000101110010111110000010111000011,0.008845331393558808,-3.0546434055908662,0.9833979,10000000000000101110010111110000010111101000,01110000001000110010000111110000001111100011,19.0
20,01110000001000110010000111110000001111101000,-12.392786119648491,-3.0772931760056395,0.8396541,10000000000000101110010111110000010111101000,01110000001000110010000111110000001111100011,19.0
20,10000000011000111010000111110000001000111010,0.30405528642064894,-3.097797178696908,0.9896307,10000000011000111010000111110000001000111010,10000000111010100010000111110000001000111010,19.0
20,10000000111010100010000111110000001000111010,0.7145168100635573,-3.097797178696908,0.9886638,10000000011000111010000111110000001000111010,10000000111010100010000111110000001000111010,19.0
20,01100000011010110010011000001110110110100111,-24.673014801267342,2.9010541203151092,0.6599707,01101111111001000010000111111110010101100111,10000000011010110010011000001110010110100111,19.0
20,10001111011001000010000111111110010101100111,12.024333959659089,-0.32465465656629533,0.6814297,01101111111001000010000111111110010101100111,10000000011010110010011000001110010110100111,19.0
20,10000000111010111011000111110000000110101010,0.7192851827824569,-3.1046636354121233,0.9879864,10000000111010111011000111110000001100111010,10000000011000010010000111110001000110101010,19.0
20,10000000011000010010000111110001001100111010,0.29642589007040954,-2.890277597970396,0.937837,10000000111010111011000111110000001100111010,10000000011000010010000111110001000110101010,19.0
20,10000000000000110110000111110000001111100011,0.010323526936417693,-3.0775315946415844,0.9866421,10000000000000110110000111110000011001100111,10000000011000110010000111110000001111100011,19.0
20,10000000011000110010000111110000011001100111,0.30252940715060106,-3.046823274331871,0.9845206,10000000000000110110000111110000011001100111,10000000011000110010000111110000001111100011,19.0
20,10001011100000000010000011010010001000111010,8.98478245372354,-58.95718549661291,0.5239489,10001011111000111010000111110000001000111110,01111111100000000010000111010010001000111010,19.0
20,01111110111000111010000111110000001000101110,-0.8678199929761803,-3.098369383423176,0.9841559,10001011111000111010000111110000001000111110,01111111100000000010000111010010001000111010,19.0
20,10001011100000100010000111110000011000111110,8.990885970803731,-3.0487783071466197,0.9167434,10001011100000100010010111110110010110110010,10000000011000111010000111110000011000111110,19.0
20,10000000011000111010010111110110010110110010,0.30410297014783794,-1.88357874955625,0.1122704,10001011100000100010010111110110010110110010,10000000011000111010000111110000011000111110,19.0
20,10000000100000000000010111110000001100101110,0.3906966187230694,-3.0861623492627928,0.9895315,10000000100000000000010111110000001100101110,10000000001010110010000111110000011111101000,19.0
20,10000000001010110010000111110000011111101000,0.13163092890523842,-3.0284650393641073,0.9790458,10000000100000000000010111110000001100101110,10000000001010110010000111110000011111101000,19.0
20,10000001011010000110011000001111001101111110,1.0998490094778504,2.9723412924626587,0.9893524,10000001011001100000011000010000011110111010,10000001011010000110011000001111001101111110,19.0
20,10100001011001100000011000010000011110111010,26.09260704341102,3.2193429993016736,0.3815243,10000001011001100000011000010000011110111010,10000001011010000110011000001111001101111110,19.0
20,10000000010000000010011000001110110111111110,0.1957655419744384,2.905202604580552,0.9406111,10000000010000000010011000001110110110111110,10000000011010110010100111110000010110111110,19.0
20,10000000011010110010100111110000010110111110,0.32703884292574514,-3.054881824226811,0.9859932,10000000010000000010011000001110110110111110,10000000011010110010100111110000010110111110,19.0
20,10000001011001101100011000010000011110111010,1.0948899018501947,3.2193429993016736,0.9246078,10000001011001101110011000010000011110111010,10000010011000111010000111110000001101111100,19.0
20,10000010011000111010000111110000001101111100,1.866555658949764,-3.082443018542051,0.7936834,10000001011001101110011000010000011110111010,10000010011000111010000111110000001101111100,19.0
20,10000000010000110000011000001110010110000111,0.20453934777721372,2.8018719677619828,0.8874634,10000000010000110000011000001110010110100111,10000000000000110110000111110000011001100111,19.0
20,10000001000000110110000111110000011001100111,0.7915737132009752,-3.046823274331871,0.9901958,10000000010000110000011000001110010110100111,10000000000000110110000111110000011001100111,19.0
20,10001011001111001100011000000000000100101000,8.779217905811763,0.014138225111537395,0.6189849,10001011001111001100011000000000000100101000,10001011101010100010000111110000001110101100,19.0
20,10001011101010100010000111110000001110101100,9.112956312407562,-3.0801541996369792,0.8875483,10001011001111001100011000000000000100101000,10001011101010100010000111110000001110101100,19.0
20,10000000111010111011000111110000000110101101,0.7192851827824569,-3.1045205842305563,0.9879996,10000000111010111011000111110000001100111010,10000000011010111010000111110000000110101101,19.0
20,10000000011010111010000111110000001100111010,0.32846935474141503,-3.085590144536525,0.98905,10000000111010111011000111110000001100111010,10000000011010111010000111110000000110101101,19.0
20,10000000011010110010000111110010000100001010,0.32694347547136715,-2.721667938630091,0.8429235,10000000011000100010000111100000000110101101,01111000011010110010000111110010000100001010,19.0
20,01111100011000100010000111100000000110101101,-2.825523096447725,-6.229521329288801,0.70112,10000000011000100010000111100000000110101101,01111000011010110010000111110010000100001010,19.0
20,10000000111010100010000111110000001000111010,0.7145168100635573,-3.097797178696908,0.9886638,10000000111010100010000111110000001000111010,10000000000000101110010111110000010111101000,19.0
20,10000000000001101110010111110000010111101000,0.021052365553941854,-3.0528791076848734,0.9831156,10000000111010100010000111110000001000111010,10000000000000101110010111110000010111101000,19.0
20,10000001011010110010000111110000011001100111,1.1081936617359247,-3.046823274331871,0.9797924,10000001011010110010000111110001011100111010,10000000000000110110000111110000011001100111,19.0
20,10000000000000110110000111110001011100111010,0.010323526936417693,-2.8414494613288497,0.9060148,10000001011010110010000111110001011100111010,10000000000000110110000111110000011001100111,19.0
20,10001000011000010010000111110000010110101000,6.546427380186884,-3.055930866224969,0.3613788,10001111011001100000011000010000011110111010,10000000011000010010000111110000010110101000,19.0
20,10001111011001100000011000010000011110111010,12.030103690648957,3.2193429993016736,0.8652267,10001111011001100000011000010000011110111010,10000000011000010010000111110000010110101000,19.0
20,01101111111010110010000111110000011110111010,-12.563684597893854,-3.030658490814801,0.7771218,01101111111010010010000111110000010111100011,10000000011010110010000111110000011111111010,19.0
20,10000000011010010010000111110000011111100011,0.32083995839117563,-3.0287034580000523,0.9818426,01101111111010010010000111110000010111100011,10000000011010110010000111110000011111111010,19.0
20,01110000010010110010000111110000010111100111,-12.270715778044647,-3.0529267914120624,0.8670892,01110000010010100010011000001110010110100111,10000000011010110010000111110000010111100111,19.0
20,10000000011010100010011000001110010110100111,0.3239394006584604,2.8033978470320307,0.8950052,01110000010010100010011000001110010110100111,10000000011010110010000111110000010111100111,19.0
20,01111110100000000010000111010000010100100010,-1.171469967715737,-9.31232197578477,0.9210294,01111111100000000010000111010010001001110110,10010000000000101110000111110000010100100010,19.0
20,10010000000000101110000111110010001001110110,12.50880062789932,-2.7043110619332964,0.8303291,01111111100000000010000111010010001001110110,10010000000000101110000111110000010100100010,19.0
20,10001011101000110110000111110000110111100111,9.092356942261915,-2.955270518128998,0.9043713,10001011101000111010000111110000001000111110,10000000011000110110000111110000010111100111,19.0
20,11000000011000111010000111110000001000111110,50.30406720735246,-3.097606443788152,0.5384756,10001011101000111010000111110000001000111110,10000000011000110110000111110000010111100111,19.0
20,01110000010010111010000111110000001100110100,-12.269189898774599,-3.085876246899659,0.8661975,01110000010010100010100111110000010110111110,10000000011010111010000111110000001100111100,19.0
20,10000000011010100010100111110000010110111110,0.3239870843856494,-3.054881824226811,0.9859512,01110000010010100010100111110000010110111110,10000000011010111010000111110000001100111100,19.0
20,01110000010000100010000111110000000110111110,-12.298181604905508,-3.1037099608683434,0.8608373,01110000010000100010000111110000000110111110,10000000111010100010000111110001000110101010,19.0
20,10000000111010100010000111110001000110101010,0.7145168100635573,-2.9093510888459946,0.9704149,01110000010000100010000111110000000110111110,10000000111010100010000111110001000110101010,19.0
20,10000001010001101111111000001010000100101000,0.9979012007477763,1.9672636907729384,0.3533757,10000001011001101111111000001110000100101000,10000001011001100000011000010000011111111110,19.0
20,10100001011001100000011000010000011111111110,26.09260704341102,3.2225854927505253,0.3814252,10000001011001101111111000001110000100101000,10000001011001100000011000010000011111111110,19.0
20,10010000000000101110000111110000010100100010,12.50880062789932,-3.0623204856682946,0.7986141,10000000011000100010000111100000000110101101,10010000000000101110000111110000010100100010,19.0
20,10000000011000100010000111100000000110101101,0.2994776486105053,-6.229521329288801,0.9612613,10000000011000100010000111100000000110101101,10010000000000101110000111110000010100100010,19.0
20,10000000111010111011010111110000011101111110,0.7193328665096459,-3.033519514446141,0.9898576,10000000111010111011000111110000001100111010,10011011100000100010010111110000011101111110,19.0
20,10011011100000110010000111110000001100111010,21.493940709576776,-3.085590144536525,0.6964065,10000000111010111011000111110000001100111010,10011011100000100010010111110000011101111110,19.0
20,10000000010010110010011000001110010110100111,0.22933488591549178,2.8033978470320307,0.8895245,10000000010000000010111111110000010110101101,10010000010010100010011000001110010110100111,19.0
20,10010000010000000011111111110000010110101101,12.696054624570522,96.94433139427457,0.5032332,10000000010000000010111111110000010110101101,10010000010010100010011000001110010110100111,19.0
20,10000001011010010110000111010010001000111010,1.1028530842907571,-8.95717357568111,0.7978793,10000001011010000110011000001111000110101000,01111111100000000010000111010010001000111010,19.0
20,01111111100000000010011000001111000110101000,-0.3901720977239904,2.9499299406838304,0.9644444,10000001011010000110011000001111000110101000,01111111100000000010000111010010001000111010,19.0
20,10000001011001100000010111110000000110101101,1.092601082945123,-3.1045205842305563,0.9676069,10000001011001101110011000010000011110111010,10000001011001100000010111110000000110101101,19.0
20,10000001011001101110011000010000011110111010,1.0952713716677067,3.2193429993016736,0.9245477,10000001011001101110011000010000011110111010,10000001011001100000010111110000000110101101,19.0
20,10000000001010110000000111110000011111101000,0.13124945908772645,-3.0284650393641073,0.9790424,10000000001010110010000111110000011111101000,01101100010000101110000111110000010111101000,19.0
20,01101100010000101110000111110000010111101000,-15.420893531058681,-3.0528791076848734,0.8213817,10000000001010110010000111110000011111101000,01101100010000101110000111110000010111101000,19.0
20,10000000100000011010000111110000000110101101,0.395608042623536,-3.1045205842305563,0.990207,10000000100000011010000111110000000110101101,01110000011010111010000111110000000110101101,19.0
20,01110000011010111010000111110000000110101101,-12.171533625491534,-3.1045205842305563,0.8729853,10000000100000011010000111110000000110101101,01110000011010111010000111110000000110101101,19.0
20,01110000000000010010100111111000010110111110,-12.496450542557369,-1.492381451697696,0.8723505,01110000000000010010110111110011011101100111,10000000011010110010100111110000010110111110,19.0
20,10000000011010110010110111010011011101100111,0.32708652665293414,-8.698680090589548,0.5563912,01110000000000010010110111110011011101100111,10000000011010110010100111110000010110111110,19.0
20,10000000011000011010000111110000000110101101,0.2979517693404574,-3.1045205842305563,0.9899032,10000000011010110010000111110000010111100111,10000000100000011010000111110000000110101101,19.0
20,10000000100010110010000111110000010111100111,0.4245997487544457,-3.0529267914120624,0.9871887,10000000011010110010000111110000010111100111,10000000100000011010000111110000000110101101,19.0
20,10000000111000010010000111110000010110110011,0.6870509832026954,-3.05540634522589,0.9902389,10000000011000010010000111110000010110101000,10010000010010110010001000001110010110110011,19.0
20,10010000010010110010001000001110010110101000,12.729290182421252,2.8034455307592197,0.7166568,10000000011000010010000111110000010110101000,10010000010010110010001000001110010110110011,19.0
20,10010000000000101110000111110000010100100010,12.50880062789932,-3.0623204856682946,0.7986141,10010000000000101110000111110000010100100010,10000000111010100010000111110000001000111010,19.0
20,10000000111010100010000111100000001000111010,0.7145168100635573,-6.222797923755152,0.962608,10010000000000101110000111110000010100100010,10000000111010100010000111110000001000111010,19.0
21,10000000010000110000000111010010001000111010,0.20449166405002472,-8.95717357568111,0.7559579,10000000010000110000011000001110010110000111,10000001011010010110000111010010001000111010,20.0
21,10000001011010010110011000001110010110000111,1.1029007680179461,2.8018719677619828,0.9744324,10000000010000110000011000001110010110000111,10000001011010010110000111010010001000111010,20.0
21,01110000001000110010000111110000001111101000,-12.392786119648491,-3.0772931760056395,0.8396541,01110000001000110010000111110000001111101000,10000000011010100010100111110000010110111110,20.0
21,10000000011010100110100111110000010110111110,0.3247500240206733,-3.054881824226811,0.9859617,01110000001000110010000111110000001111101000,10000000011010100010100111110000010110111110,20.0
21,01110000011011100000011000010000000110101010,-12.164238015231618,3.1453378547043513,0.8729519,01110000011011100000011000010000011110101000,10000000111010100010000111110001000110101010,20.0
21,10000000111010100010000111110001011110101000,0.7145168100635573,-2.83620425133806,0.9460776,01110000011011100000011000010000011110101000,10000000111010100010000111110001000110101010,20.0
21,10000000011000111010000111110000001000101110,0.30405528642064894,-3.098369383423176,0.9896592,10000000011000111010000111110000000110101101,01111110111000111010000111110000001000101110,20.0
21,01111110111000111010000111110000000110101101,-0.8678199929761803,-3.1045205842305563,0.9832066,10000000011000111010000111110000000110101101,01111110111000111010000111110000001000101110,20.0
21,10000001011001000010000111110010110110101000,1.0868313519552544,-2.567649499809619,0.8743794,10000001011001000010000111110010110110101010,10000000000001101110010111110000010111101000,20.0
21,10000000001001101110010111110001010111101010,0.11870863883700622,-2.8574711936643524,0.9159137,10000001011001000010000111110010110110101010,10000000000001101110010111110000010111101000,20.0
21,01110000010010100010000111110001000110101010,-12.273767536584742,-2.9093510888459946,0.8704745,01110000010010100010000111110000001000111010,10010000011000010010000111110001000110101010,20.0
21,10010000011000010010000111110000001000111010,12.796428870303359,-3.097797178696908,0.6318154,01110000010010100010000111110000001000111010,10010000011000010010000111110001000110101010,20.0
21,10000000100000111010000111010000001000111110,0.4017115597037275,-9.347607933904627,0.9187807,10000000100010110010000111110000010111100111,11000000011000111010000111110000001000111110,20.0
21,11000000011010110010000111110000010111100111,50.32695539640318,-3.0529267914120624,0.5379763,10000000100010110010000111110000010111100111,11000000011000111010000111110000001000111110,20.0
21,10010000000000101110000111110010001001110110,12.50880062789932,-2.7043110619332964,0.8303291,10010000000000101110000111110010001001110110,10000000011010110010000111110010000100001010,20.0
21,10000001011010110010000111111010000100001010,1.1081936617359247,-1.159167566100976,0.0036367,10010000000000101110000111110010001001110110,10000000011010110010000111110010000100001010,20.0
21,10000000011010010010110111010011011101100111,0.3209830095727426,-8.698680090589548,0.5561969,10000000011010110010110111010011011101100111,01111110100000000010000111010000010100100010,20.0
21,01111110100000000010000111010000010100100010,-1.171469967715737,-9.31232197578477,0.9210294,10000000011010110010110111010011011101100111,01111110100000000010000111010000010100100010,20.0
21,10000000011010010010000111110000011110101000,0.32083995839117563,-3.031516797904203,0.9823425,10000000011010010010000111110000011111100011,10000001011001100110011000010000011110111000,20.0
21,10000001011001100110011000010000011111100011,1.0937454923976588,3.2212980321164224,0.9238803,10000000011010010010000111110000011111100011,10000001011001100110011000010000011110111000,20.0
21,10000000111010100010000111110000001000111010,0.7145168100635573,-3.097797178696908,0.9886638,10000000111010100010000111110000001000111010,10000110011000111010000111110000001101111010,20.0
21,10000110011000111010000111110000001101111010,4.9915564040080085,-3.082538385996429,0.814302,10000000111010100010000111110000001000111010,10000110011000111010000111110000001101111010,20.0
21,10000000000000110110000111110000001111100011,0.010323526936417693,-3.0775315946415844,0.9866421,10000000000000110110000111110000001111100011,10000001011000111011000111110000001100111010,20.0
21,10000001011000111011000111110000001100111010,1.0854962075939625,-3.085590144536525,0.9731783,10000000000000110110000111110000001111100011,10000001011000111011000111110000001100111010,20.0
21,01110000011001100000011000010000010110111010,-12.188652083552384,3.1949289309809075,0.8715066,01110000010000100010000111110000000110111110,10001111011001100000011000010000010110111010,20.0
21,10001111010000100010000111110000000110111110,11.920574169295833,-3.1037099608683434,0.8313783,01110000010000100010000111110000000110111110,10001111011001100000011000010000010110111010,20.0
21,10000001011001110010000111110000010110101000,1.0959866275755417,-3.055930866224969,0.9788824,10000001011001100110011000010000011110111000,10000000011000010010000111110000010110101000,20.0
21,10000000011000000110011000010000011110111000,0.2941847548925267,3.2192476318472956,0.981611,10000001011001100110011000010000011110111000,10000000011000010010000111110000010110101000,20.0
21,10000000100000011010000111110000010110101011,0.395608042623536,-3.055787815043402,0.9870751,10000000100000011010000111110000000110101101,10000000100000010010000111110000001110100011,20.0
21,10000000100000010010000111110000001110100101,0.3940821633534881,-3.080487985727302,0.9892223,10000000100000011010000111110000000110101101,10000000100000010010000111110000001110100011,20.0
21,10000000011000111010000111110000000110101101,0.30405528642064894,-3.1045205842305563,0.9899256,10000000011000111010000111110000000110101101,10001111011001000010000111111110010101100111,20.0
21,10001111011001000010000111111110010101100111,12.024333959659089,-0.32465465656629533,0.6814297,10000000011000111010000111110000000110101101,10001111011001000010000111111110010101100111,20.0
21,10000000011010100010011000001110010110111110,0.3239394006584604,2.8044945727573776,0.8956391,10000000011010100010011000001110010110100111,10000000011010110010100111110000010110111110,20.0
21,10000000011010110010100111110000010110100111,0.32703884292574514,-3.055978549952158,0.9861334,10000000011010100010011000001110010110100111,10000000011010110010100111110000010110111110,20.0
21,10000001010001101111111000110000001000111010,0.9979012007477763,9.402205801536041,0.9205357,10000001010001101111111000001010000100101000,10000000011000111010000111110000001000111010,20.0
21,10000000011000111010000111001010000100101000,0.30405528642064894,-10.532739289460011,0.2536079,10000001010001101111111000001010000100101000,10000000011000111010000111110000001000111010,20.0
21,01110000111010100010000111111000010111100011,-11.785486170169392,-1.4906171537917032,0.5750845,01110000001000110010000111110000001111101000,10000000111010100010000111110000010111100011,20.0
21,10000000001000110010000111110000001111101000,0.10721686058445812,-3.0772931760056395,0.986832,01110000001000110010000111110000001111101000,10000000111010100010000111110000010111100011,20.0
21,10000001011001100000000111110000000110101101,1.092553399217934,-3.1045205842305563,0.9676116,10000001011001100000010111110000000110101101,10000000100000011010000111110000000110101101,20.0
21,10000000100000011010010111110000000110101111,0.395655726350725,-3.1044252167761783,0.9902055,10000001011001100000010111110000000110101101,10000000100000011010000111110000000110101101,20.0
21,10010000000000101110000111110000010100100010,12.50880062789932,-3.0623204856682946,0.7986141,10010000000000101110000111110000010100100010,10001011100000100010000111110000011000111110,20.0
21,10001011100000100010000111110000011000111110,8.990885970803731,-3.0487783071466197,0.9167434,10010000000000101110000111110000010100100010,10001011100000100010000111110000011000111110,20.0
21,10000001011000111011000111110000001100111010,1.0854962075939625,-3.085590144536525,0.9731783,10000001011000111011000111110000001100111010,10000000011000010010000111110000010110101000,20.0
21,10000000011000010010000111110000010110101000,0.29642589007040954,-3.055930866224969,0.9857217,10000001011000111011000111110000001100111010,10000000011000010010000111110000010110101000,20.0
21,10000001011010010110000111010010001000111000,1.1028530842907571,-8.957268943135489,0.7979364,10000001011010010110000111010010001000111010,10000000011000010010000111110000010110101000,20.0
21,10000000011010010010000111110000010110101000,0.32083995839117563,-3.055930866224969,0.9860436,10000001011010010110000111010010001000111010,10000000011000010010000111110000010110101000,20.0
21,10000001011001111110010111110000000110101101,1.0983231302078025,-3.1045205842305563,0.9670427,10000001011001101110011000010000011110111010,10000001011001100000010111110000000110101101,20.0
21,10000001011001100000011000010000011110111010,1.092601082945123,3.2193429993016736,0.9249676,10000001011001101110011000010000011110111010,10000001011001100000010111110000000110101101,20.0
21,01111100011000100010000111100000000110101101,-2.825523096447725,-6.229521329288801,0.70112,01111100011000100010000111100000000110101101,10000000011010111010000111110000001100111010,20.0
21,10000000011010111010000111100000001100111010,0.32846935474141503,-6.210590889594769,0.9596731,01111100011000100010000111100000000110101101,10000000011010111010000111110000001100111010,20.0
21,10000001000000110110000111110000011001100111,0.7915737132009752,-3.046823274331871,0.9901958,10000001000000110110000111110000011001100111,10000000111010100010100111110000010110111110,20.0
21,10000000111010100010100111110000010110111110,0.7146121775179353,-3.054881824226811,0.9902828,10000001000000110110000111110000011001100111,10000000111010100010100111110000010110111110,20.0
21,01101110111010110010000111110000011110111010,-13.344934784158411,-3.030658490814801,0.2808607,01101111111010110010000111110000011110111010,01111111100000000010000111010010001001110110,20.0
21,01011111100000000010000111010010001001110110,-25.390225741917078,-8.954312552049771,0.347856,01101111111010110010000111110000011110111010,01111111100000000010000111010010001001110110,20.0
21,10000000111010100010100111110010010110111110,0.7146121775179353,-2.6642567310945395,0.8548117,10000000111010100010000111100000001000111010,10000000111010100010100111110000010110111110,20.0
21,10000000111010100010000111100000001000111010,0.7145168100635573,-6.222797923755152,0.962608,10000000111010100010000111100000001000111010,10000000111010100010100111110000010110111110,20.0
21,10000000111010111011000111110000000110101100,0.7192851827824569,-3.1045682679577453,0.9879952,10000000111010111011000111110000000110101010,01110000010010111010000111110000001100110100,20.0
21,01110000010010111010000111110000001100110010,-12.269189898774599,-3.0859716143540368,0.8661942,10000000111010111011000111110000000110101010,01110000010010111010000111110000001100110100,20.0
21,01110000010010110010000111110000010111100111,-12.270715778044647,-3.0529267914120624,0.8670892,01110000010010110010000111110000010111100111,01110000011010100110010111110000101000111010,20.0
21,01110000011010100110010111110000101000111010,-12.175300639939465,-3.0001409054138435,0.8728173,01110000010010110010000111110000010111100111,01110000011010100110010111110000101000111010,20.0
21,10000001011010100010000111110000001110101100,1.105141903195829,-3.0801541996369792,0.972803,10000001011000111011000111110000001100111010,10001011101010100010000111110000001110101100,20.0
21,10001011101000111011000111110000001100111010,9.093310616805695,-3.085590144536525,0.8929221,10000001011000111011000111110000001100111010,10001011101010100010000111110000001110101100,20.0
21,01101111111010110010000111110000001111101000,-12.563684597893854,-3.0772931760056395,0.7716177,01101111111010110010000111110000011110111010,01110000001000110010000111110000001111101000,20.0
21,01110000001000110010000111110000011110111010,-12.392786119648491,-3.030658490814801,0.8429916,01101111111010110010000111110000011110111010,01110000001000110010000111110000001111101000,20.0
21,10000000011001100110011000010000011110111000,0.3124953061331013,3.2192476318472956,0.9812929,10000001011001100110011000010000011110111000,10000000001010110010000111110000011111101000,20.0
21,10000000001010110010000111110000011111101000,0.13163092890523842,-3.0284650393641073,0.9790458,10000001011001100110011000010000011110111000,10000000001010110010000111110000011111101000,20.0
21,10000000100000011010000111110000000110101111,0.395608042623536,-3.1044252167761783,0.9902054,10000000100000011010000111110000000110101101,10000000011010010010000111110000011111100011,20.0
21,10000000011010010010000111110000011111100001,0.32083995839117563,-3.0287988254544302,0.9818598,10000000100000011010000111110000000110101101,10000000011010010010000111110000011111100011,20.0
21,10000000001010010010000111110000011111100011,0.1255274118250469,-3.0287034580000523,0.9790415,10000000011010010010000111110000011111100011,10010000000000101110000111110000010100100010,20.0
21,10010000000000101110000111110000010100100010,12.50880062789932,-3.0623204856682946,0.7986141,10000000011010010010000111110000011111100011,10010000000000101110000111110000010100100010,20.0
21,01111110111000111010000111110000001000101110,-0.8678199929761803,-3.098369383423176,0.9841559,01111110111000111010000111110000001000101110,10001011101000110110000111110000110111100111,20.0
21,10001011101000110110000111110000110111100111,9.092356942261915,-2.955270518128998,0.9043713,01111110111000111010000111110000001000101110,10001011101000110110000111110000110111100111,20.0
21,10000000100000011010000111110000000110101010,0.395608042623536,-3.1046636354121233,0.9902095,10000000100000011010000111110000000110101101,10000000000000110110000111110001011100111010,20.0
21,10000000000000110110000111110001011100111101,0.010323526936417693,-2.8413064101472827,0.9059359,10000000100000011010000111110000000110101101,10000000000000110110000111110001011100111010,20.0
21,10010000000010111011010111110000011101110110,12.535741933761102,-3.033900984263653,0.7897815,10010000000000101110000111110000010100100010,10000000111010111011010111110000011101111110,20.0
21,10000000111000101110000111110000010100100010,0.692391560647863,-3.0623204856682946,0.9902828,10010000000000101110000111110000010100100010,10000000111010111011010111110000011101111110,20.0
21,10000001011010110010000111110000011001100111,1.1081936617359247,-3.046823274331871,0.9797924,10000001011010110010000111110000011001100111,10000000100000011010000111110000000110101101,20.0
21,10000000100000011010000111110000000110101101,0.395608042623536,-3.1045205842305563,0.990207,10000001011010110010000111110000011001100111,10000000100000011010000111110000000110101101,20.0
21,10001111011001100000011000010000010110111110,12.030103690648957,3.1951196658896635,0.8642486,10001111011001100000011000010000010110111010,10000000010000000010011000001110110111111110,20.0
21,10000000010000000010011000001110110111111010,0.1957655419744384,2.905011869671796,0.940529,10001111011001100000011000010000010110111010,10000000010000000010011000001110110111111110,20.0
21,10000000000000110110000111110000000110101010,0.010323526936417693,-3.1046636354121233,0.9891626,10000000000000110110000111110001011100111010,10000000111010111011000111110000000110101010,20.0
21,10000000111010111011000111110001011100111010,0.7192851827824569,-2.8414494613288497,0.9485925,10000000000000110110000111110001011100111010,10000000111010111011000111110000000110101010,20.0
21,10000000011010111010000111110000001101110110,0.32846935474141503,-3.082729120905185,0.9888441,10000000011010111010000111110000001100111010,01111111100000000010000111010010001001110110,20.0
21,01111111100000000010000111010010001000111010,-0.3902197814511794,-8.95717357568111,0.7601197,10000000011010111010000111110000001100111010,01111111100000000010000111010010001001110110,20.0
21,10000000011000011010000111110000000110101101,0.2979517693404574,-3.1045205842305563,0.9899032,10000000011000011010000111110000000110101101,10000000111010100010000111110000001000111010,20.0
21,10000000111010100010000111110010001000111010,0.7145168100635573,-2.707172085564636,0.8816978,10000000011000011010000111110000000110101101,10000000111010100010000111110000001000111010,20.0
21,01110000001000110010000111110010001111101000,-12.392786119648491,-2.686668082873368,0.8614168,01110000001000110010000111110000001111101000,10000000000001101110010111110000010111101000,20.0
21,10000000000001101110010111110000010111101000,0.021052365553941854,-3.0528791076848734,0.9831156,01110000001000110010000111110000001111101000,10000000000001101110010111110000010111101000,20.0
21,10000000011010111010000111110000000100111010,0.32846935474141503,-3.110004212857291,0.9901613,10000000011010111010000111110000001100111010,01111110111000111010000111110000001000101110,20.0
21,01111110111000111010000111110000001000101110,-0.8678199929761803,-3.098369383423176,0.9841559,10000000011010111010000111110000001100111010,01111110111000111010000111110000001000101110,20.0
21,10000000111000010010000111110000010110110011,0.6870509832026954,-3.05540634522589,0.9902389,10000000111000010010000111110000010110110011,10001111011001100000011000010000010110111010,20.0
21,10001111011001100000011000010000010110111010,12.030103690648957,3.1949289309809075,0.8642407,10000000111000010010000111110000010110110011,10001111011001100000011000010000010110111010,20.0
21,11000000100000011010000111111000000110101101,50.39561996355533,-1.5420202117014412,0.5379832,10000000100000011010000111110000000110101101,10000000010010110010011000001110010110100111,20.0
21,10000000010010110010011000001110010110100111,0.22933488591549178,2.8033978470320307,0.8895245,10000000100000011010000111110000000110101101,10000000010010110010011000001110010110100111,20.0
21,10011111100000001010011000001111000110101000,24.611359742011956,2.9499299406838304,0.6479007,10000001011010110010000111110000011001100111,01111111100000000010011000001111000110101000,20.0
21,01100001011010110010000111110000011001100111,-23.891812298729974,-3.046823274331871,0.3997853,10000001011010110010000111110000011001100111,01111111100000000010011000001111000110101000,20.0
21,10000000111010100010000111110000011110111000,0.7145168100635573,-3.030753858269179,0.989688,10000000111010100010000111110000001000111010,10000001011001100110011000010000011110111000,20.0
21,10000001011001100110011000010000001000111010,1.0937454923976588,3.152204311419567,0.9523372,10000000111010100010000111110000001000111010,10000001011001100110011000010000011110111000,20.0
21,10010000010010110010001000001110010110100100,12.729290182421252,2.8032547958504637,0.7166813,10010000010010110010001000001110010110101000,01110000010010111010000111110000001100110100,20.0
21,01110000010010111010000111110010001100111000,-12.269189898774599,-2.695060418858631,0.872981,10010000010010110010001000001110010110101000,01110000010010111010000111110000001100110100,20.0
22,10000000011010010010000111110000010110101000,0.32083995839117563,-3.055930866224969,0.9860436,10000000011010010010000111110000010110101000,01111110111000111010000111110000001000101110,21.0
22,01111110111000111010000111110000001000001110,-0.8678199929761803,-3.0998952626932237,0.9839267,10000000011010010010000111110000010110101000,01111110111000111010000111110000001000101110,21.0
22,10000000011001100000011000010000010110111110,0.31135089668056537,3.1951196658896635,0.98524,10000000011000011010000111110000000110101101,10001111011001100000011000010000010110111110,21.0
22,10001111011000011010000111110000001110101101,12.01670456330885,-3.0801065159097902,0.85618,10000000011000011010000111110000000110101101,10001111011001100000011000010000010110111110,21.0
22,10000000000000110110000111110000011110101000,0.010323526936417693,-3.031516797904203,0.9790897,10000000000000110110000111110000000110101010,10000000011010010010000111110000011110101000,21.0
22,10000000011010010010000111110000000110101010,0.32083995839117563,-3.1046636354121233,0.9899907,10000000000000110110000111110000000110101010,10000000011010010010000111110000011110101000,21.0
22,10000001011001000010000111100010110110101111,1.0868313519552544,-5.69231645877754,0.7622253,10000001011001000010000111110010110110101000,10001011101000110110000111110000110111100111,21.0
22,10001011101000110110000111110000110111101000,9.092356942261915,-2.955222834401809,0.9043748,10000001011001000010000111110010110110101000,10001011101000110110000111110000110111100111,21.0
22,10000000111000010010000111110000010110110011,0.6870509832026954,-3.05540634522589,0.9902389,10000000111000010010000111110000010110110011,10010000000000101110000111110010001001110110,21.0
22,10010000000000101110000111110010001001110110,12.50880062789932,-2.7043110619332964,0.8303291,10000000111000010010000111110000010110110011,10010000000000101110000111110010001001110110,21.0
22,10000001011000110110000111110000001011100011,1.0845425330501826,-3.0897386288019675,0.9722429,10000001011010010110011000001110010110000111,10000000000000110110000111110000001111100011,21.0
22,10000000000010010110011000001110010110000111,0.028681761904181258,2.8018719677619828,0.8830162,10000001011010010110011000001110010110000111,10000000000000110110000111110000001111100011,21.0
22,10000000110001101111111000110000001000111010,0.6072761076154904,9.402205801536041,0.9217837,10000000111010111011000111110001011100111010,10000001010001101111111000110000001000111010,21.0
22,10000001011010111011000111110001011100111010,1.1099102759147286,-2.8414494613288497,0.9827049,10000000111010111011000111110001011100111010,10000001010001101111111000110000001000111010,21.0
22,10001000011010111000000111100000001100111010,6.578089375040378,-6.210590889594769,0.8107839,10000000011010111010000111100000001100111010,10000001011000111011000111110000001100111010,21.0
22,10000001011000111011000111110000001100111010,1.0854962075939625,-3.085590144536525,0.9731783,10000000011010111010000111100000001100111010,10000001011000111011000111110000001100111010,21.0
22,01111110111000111010000111110000010110101011,-0.8678199929761803,-3.055787815043402,0.9888573,01111110111000111010000111110000000110101101,10000000100000011010000111110000010110101011,21.0
22,10000000100000011010000111110000000110101101,0.395608042623536,-3.1045205842305563,0.990207,01111110111000111010000111110000000110101101,10000000100000011010000111110000010110101011,21.0
22,10000010011001100110011000010000011110111000,1.8749956786622164,3.2192476318472956,0.6907722,10000000011001100110011000010000011110111000,10000000011001100110011000010000011110111000,21.0
22,10000000011001100110011000010000011110111000,0.3124953061331013,3.2192476318472956,0.9812929,10000000011001100110011000010000011110111000,10000000011001100110011000010000011110111000,21.0
22,01110000011101100000011000010000010110101101,-12.139823946910852,3.1943090425274505,0.8730049,01110000011001100000011000010000010110111010,10000000100000011010000111110000000110101101,21.0
22,10000000100000011010000111110000000110111010,0.395608042623536,-3.1039006957770994,0.990196,01110000011001100000011000010000010110111010,10000000100000011010000111110000000110101101,21.0
22,01110000001000110010000111110000001110100101,-12.392786119648491,-3.080487985727302,0.8394176,01110000001000110010000111110000001111101000,10000000100000010010000111110000001110100101,21.0
22,10000000100000010010000111110000001111101000,0.3940821633534881,-3.0772931760056395,0.9890079,01110000001000110010000111110000001111101000,10000000100000010010000111110000001110100101,21.0
22,10000001011001100110000111110000000110101100,1.0936978086704698,-3.1045682679577453,0.9674862,10000001011001100110011000010000011111100011,10000000111010111011000111110000000110101100,21.0
22,10000000111010111011011000010000011111100011,0.7193328665096459,3.2212980321164224,0.9647366,10000001011001100110011000010000011111100011,10000000111010111011000111110000000110101100,21.0
22,10000000011010100110100111110000010110111110,0.3247500240206733,-3.054881824226811,0.9859617,10000000011010100110100111110000010110111110,10000001011001100110011000010000011111100011,21.0
22,10000001011001100110011000010000011111100011,1.0937454923976588,3.2212980321164224,0.9238803,10000000011010100110100111110000010110111110,10000001011001100110011000010000011111100011,21.0
22,00000001011001000010000111111110010101100111,-98.91319248990834,-0.32465465656629533,0.4957191,10000001011001000010000111110010110110101000,10001111011001000010000111111110010101100111,21.0
22,10001111011001000010000111110010110110101000,12.024333959659089,-2.567649499809619,0.8232443,10000001011001000010000111110010110110101000,10001111011001000010000111111110010101100111,21.0
22,10000000111010100010000111110000011110111000,0.7145168100635573,-3.030753858269179,0.989688,10000000111010111011000111110000000110101100,10000000111010100010000111110000011110111000,21.0
22,10000000111010111011000111110000000110101100,0.7192851827824569,-3.1045682679577453,0.9879952,10000000111010111011000111110000000110101100,10000000111010100010000111110000011110111000,21.0
22,10000000100000011010000111110000000111100111,0.395608042623536,-3.1017549280535945,0.9901519,10000000100000011010000111110000000110101111,10000001011010110010000111110000011001100111,21.0
22,10000001011000110010000111110000011000101111,1.0837795934151586,-3.0494935630544546,0.98092,10000000100000011010000111110000000110101111,10000001011010110010000111110000011001100111,21.0
22,10000000011010111010000111100000001101111010,0.32846935474141503,-6.2075391310546735,0.959338,10000000011010111010000111100000001100111010,10000001011001111110010111110000000110101101,21.0
22,10000001011001111110010111110000000110101101,1.0983231302078025,-3.1045205842305563,0.9670427,10000000011010111010000111100000001100111010,10000001011001111110010111110000000110101101,21.0
22,01110000000000110110000111110000001111100011,-12.489679453296532,-3.0775315946415844,0.8051007,01110000001000110010000111110000011110111010,10000000000000110110000111110000001111100011,21.0
22,10000000001000110010000111110000011110111010,0.10721686058445812,-3.030658490814801,0.9793015,01110000001000110010000111110000011110111010,10000000000000110110000111110000001111100011,21.0
22,10000000010000000010011000001110110111111010,0.1957655419744384,2.905011869671796,0.940529,10000000010000000010011000001110110111111010,10010000000000101110000111110010001001110110,21.0
22,10010000000000101110000111110010001001110110,12.50880062789932,-2.7043110619332964,0.8303291,10000000010000000010011000001110110111111010,10010000000000101110000111110010001001110110,21.0
22,01110000110010110010000111110000010111100001,-11.880090684912375,-3.0532128937751963,0.8116972,01110000010010110010000111110000010111100111,10000000011010010010000111110000011111100001,21.0
22,10000000011010010010000111110000011111100111,0.32083995839117563,-3.0285127230912963,0.9818082,01110000010010110010000111110000010111100111,10000000011010010010000111110000011111100001,21.0
22,10000000011010010010000111110000010110101000,0.32083995839117563,-3.055930866224969,0.9860436,10000000011010010010000111110000010110101000,10000001011010100010000111110000001110101100,21.0
22,10000001011010100010000111110000001110101100,1.105141903195829,-3.0801541996369792,0.972803,10000000011010010010000111110000010110101000,10000001011010100010000111110000001110101100,21.0
22,01110000011010111010000111100000001100111010,-12.171533625491534,-6.210590889594769,0.2921537,01110000011001100000011000010000010110111010,10000000011010111010000111100000001100111010,21.0
22,10000000011001100000011000010000010110111010,0.31135089668056537,3.1949289309809075,0.9852666,01110000011001100000011000010000010110111010,10000000011010111010000111100000001100111010,21.0
22,10000001011001000010000111110010110110101000,1.0868313519552544,-2.567649499809619,0.8743794,10000001011001000010000111110010110110101000,01110000011011100000011000010000000110101010,21.0
22,01110000011011100000011000010100000110101010,-12.164238015231618,3.926588040968909,0.8355093,10000001011001000010000111110010110110101000,01110000011011100000011000010000000110101010,21.0
22,01101111111010110010000111110000001111101000,-12.563684597893854,-3.0772931760056395,0.7716177,01101111111010110010000111110000001111101000,10000001011000111011000111110000001100111010,21.0
22,10000001011000111011000111110000001100111010,1.0854962075939625,-3.085590144536525,0.9731783,01101111111010110010000111110000001111101000,10000001011000111011000111110000001100111010,21.0
22,10000001011001111110010111110000000110101100,1.0983231302078025,-3.1045682679577453,0.9670293,10000001011001111110010111110000000110101101,10000000000001101110010111110000010111101000,21.0
22,10000000000001101110010111110000010111101000,0.021052365553941854,-3.0528791076848734,0.9831156,10000001011001111110010111110000000110101101,10000000000001101110010111110000010111101000,21.0
22,10010000000000101110000111110000010100101101,12.50880062789932,-3.0617959646692157,0.7986693,10010000000000101110000111110000010100100010,10000000011000111010000111110000000110101101,21.0
22,10000000011000111010000111110000000110100010,0.30405528642064894,-3.1050451052296353,0.9899449,10010000000000101110000111110000010100100010,10000000011000111010000111110000000110101101,21.0
22,10000001011001110010000111110000001110111100,1.0959866275755417,-3.0793912600019553,0.9737746,10000001011001110010000111110000010110101000,10000001011010100010000111110000001110101100,21.0
22,10000001011010100010000111110001010110101000,1.105141903195829,-2.860618319658826,0.9852278,10000001011001110010000111110000010110101000,10000001011010100010000111110000001110101100,21.0
22,10000000010010110010011011110000000110101100,0.22933488591549178,46.89544365297405,0.5438648,10000000010010110010011000001110010110100111,10000000111010111011000111110000000110101100,21.0
22,10000000111010111011000100001110010110100111,0.7192851827824569,-47.19661407389977,0.5473979,10000000010010110010011000001110010110100111,10000000111010111011000111110000000110101100,21.0
22,10000000011000000110011000010000011110111000,0.2941847548925267,3.2192476318472956,0.981611,10000000011000000110011000010000011110111000,10000000100000010010000111110000001110100101,21.0
22,10000000100000010010000111110000001110100101,0.3940821633534881,-3.080487985727302,0.9892223,10000000011000000110011000010000011110111000,10000000100000010010000111110000001110100101,21.0
22,01111110111000111010000111110000010110101011,-0.8678199929761803,-3.055787815043402,0.9888573,01111110111000111010000111110000001000101110,10000000100000011010000111110000010110101011,21.0
22,10000000100000011010000111110000001000101110,0.395608042623536,-3.098369383423176,0.9900644,01111110111000111010000111110000001000101110,10000000100000011010000111110000010110101011,21.0
22,01110000011001100110000111110000010100100010,-12.187555357827037,-3.0623204856682946,0.8729213,01110000011001100000011000010000010110111010,10010000000000101110000111110000010100100010,21.0
22,10010000000000101000011000010000010110111010,12.507703902173972,3.1949289309809075,0.7842852,01110000011001100000011000010000010110111010,10010000000000101110000111110000010100100010,21.0
22,10000000010010110010010111110000000110101101,0.22933488591549178,-3.1045205842305563,0.9896456,10000000010010110010011000001110010110100111,10000001011001111110010111110000000110101101,21.0
22,10000001011001111110011000001110010110100111,1.0983231302078025,2.8033978470320307,0.9743697,10000000010010110010011000001110010110100111,10000001011001111110010111110000000110101101,21.0
22,10000001011000111011000111111000001100111010,1.0854962075939625,-1.5230897720074097,0.0899385,10000001011000111011000111110000001100111010,10000000100000111010000111010000001000111110,21.0
22,10001000100000111010000111010100101000111110,6.651713049820202,-8.468701474357005,0.1391526,10000001011000111011000111110000001100111010,10000000100000111010000111010000001000111110,21.0
22,10000000011000010010000111110000010110101000,0.29642589007040954,-3.055930866224969,0.9857217,10000000011000010010000111110000010110101000,10000000011010010010000111110000010110101000,21.0
22,10000000011000010010000111110000010110101000,0.29642589007040954,-3.055930866224969,0.9857217,10000000011000010010000111110000010110101000,10000000011010010010000111110000010110101000,21.0
22,10000000111010111011000111110000001111101000,0.7192851827824569,-3.0772931760056395,0.9898198,10000000111010111011000111110001011100111010,10000000001000110010000111110000001111101000,21.0
22,10000000001010110010000111110001011100111010,0.13163092890523842,-2.8414494613288497,0.9076768,10000000111010111011000111110001011100111010,10000000001000110010000111110000001111101000,21.0
22,10000001010001101111111000110010001000111010,0.9979012007477763,9.792830894668313,0.7781379,10000001010001101111111000110000001000111010,10000000111010100010000111110000001000111010,21.0
22,10000000111010100010000111110000001000111010,0.7145168100635573,-3.097797178696908,0.9886638,10000001010001101111111000110000001000111010,10000000111010100010000111110000001000111010,21.0
22,10000001011001110010000111110000010110100111,1.0959866275755417,-3.055978549952158,0.978873,10000001011001110010000111110000010110101000,10000001011010110010000111110000011001100111,21.0
22,10000001011010110010000111110000011001101000,1.1081936617359247,-3.046775590604682,0.9798015,10000001011001110010000111110000010110101000,10000001011010110010000111110000011001100111,21.0
22,10000000011010110010100111110000010110100111,0.32703884292574514,-3.055978549952158,0.9861334,10000000011010110010100111110000010110100111,10000000011010110010100111110000010110100111,21.0
22,10000000011010110010100111110000010110100111,0.32703884292574514,-3.055978549952158,0.9861334,10000000011010110010100111110000010110100111,10000000011010110010100111110000010110100111,21.0
22,10001111011001100000011000010000010110111110,12.030103690648957,3.1951196658896635,0.8642486,10001111011001100000011000010000010110111110,10000000011000111010000111110000001000101110,21.0
22,10000000010000111010000111110000001000101110,0.20639901313758457,-3.098369383423176,0.9891991,10001111011001100000011000010000010110111110,10000000011000111010000111110000001000101110,21.0
22,01110000010010100010001111110001001111101000,-12.273767536584742,97.11804321242408,0.5024034,01110000010010100010000111110001000110101010,10000000001000110010000111110000001111101000,21.0
22,10000000001000110010000011110000000110101010,0.10721686058445812,-53.10467555634393,0.5281889,01110000010010100010000111110001000110101010,10000000001000110010000111110000001111101000,21.0
22,10001111011001000110000111111110010101101010,12.025096899294113,-0.32451160538472834,0.6819331,10001111011001000010000111111110010101100111,10000000111010111011000111110001011100111010,21.0
22,10000000111010111011000111110001011100110111,0.7192851827824569,-2.8415925125104167,0.9486475,10001111011001000010000111111110010101100111,10000000111010111011000111110001011100111010,21.0
22,10000000011010010010110111010011011101100111,0.3209830095727426,-8.698680090589548,0.5561969,10000000011010010010110111010011011101100111,10000000011010100110100111110000010110111110,21.0
22,10000000011010100110100111110000010110111110,0.3247500240206733,-3.054881824226811,0.9859617,10000000011010010010110111010011011101100111,10000000011010100110100111110000010110111110,21.0
22,11000000011010110010000111110000010111100111,50.32695539640318,-3.0529267914120624,0.5379763,11000000011010110010000111110000010111100111,01111110100000000010000111010000010100100010,21.0
22,01111110100000000010000111010000010100100110,-1.171469967715737,-9.312131240876013,0.9210196,11000000011010110010000111110000010111100111,01111110100000000010000111010000010100100010,21.0
22,01110000011010100110010111001110110111111010,-12.175300639939465,-9.594991110561153,0.7977503,01110000011010100110010111110000101000111010,10000000010000000010011000001110110111111010,21.0
22,10000000010000000010011100110000101000111010,0.1957655419744384,59.4998739957509,0.5225238,01110000011010100110010111110000101000111010,10000000010000000010011000001110110111111010,21.0
22,10000000111010100010010111110000010100100010,0.7145644937907463,-3.0623204856682946,0.9902476,10000000111010100010000111110000011110111000,10010000000000101110000111110000010100100010,21.0
22,10010000000000101110000111110000011110111000,12.50880062789932,-3.030753858269179,0.8018897,10000000111010100010000111110000011110111000,10010000000000101110000111110000010100100010,21.0
22,01110000011010101110010111110001010111101010,-12.173774760669417,-2.8574711936643524,0.8710741,01110000011010100110010111110000101000111010,10000000001001101110010111110001010111101010,21.0
22,10000000001001101110010111110000101000111010,0.11870863883700622,-3.0001409054138435,0.972222,01110000011010100110010111110000101000111010,10000000001001101110010111110001010111101010,21.0
22,01110000011010100110010111110000101000111010,-12.175300639939465,-3.0001409054138435,0.8728173,01110000011010100110010111110000101000111010,10000000100000011010000111110000000110101111,21.0
22,10000000100000011010000111110000000110101111,0.395608042623536,-3.1044252167761783,0.9902054,01110000011010100110010111110000101000111010,10000000100000011010000111110000000110101111,21.0
22,01111110100000000010000111010000010100100010,-1.171469967715737,-9.31232197578477,0.9210294,01111110100000000010000111010000010100100010,10000001011010110010000111110000011001100111,21.0
22,10000011011010110010000111110000011001100111,2.670694034265054,-3.046823274331871,0.3805961,01111110100000000010000111010000010100100010,10000001011010110010000111110000011001100111,21.0
22,10000001011001100110011000010000001000111010,1.0937454923976588,3.152204311419567,0.9523372,10000001011001100110011000010000001000111010,11000000100000011010000111111000000110101101,21.0
22,11000000100000011010000111111000000110101101,50.39561996355533,-1.5420202117014412,0.5379832,10000001011001100110011000010000001000111010,11000000100000011010000111111000000110101101,21.0
23,10000000011010110010000111110000010110101000,0.32694347547136715,-3.055930866224969,0.9861261,10000000011010010010000111110000010110101000,01111110111000111010000111110000010110101011,22.0
23,01111110111000111010000111110000010110101011,-0.8678199929761803,-3.055787815043402,0.9888573,10000000011010010010000111110000010110101000,01111110111000111010000111110000010110101011,22.0
23,10000000111010111011000111110000000110101100,0.7192851827824569,-3.1045682679577453,0.9879952,10000000111010111011000111110000000110101100,10000000111010111011000111110000000110101100,22.0
23,10000000111010111011000111110000000110101100,0.7192851827824569,-3.1045682679577453,0.9879952,10000000111010111011000111110000000110101100,10000000111010111011000111110000000110101100,22.0
23,10000000011010100110100111110001001111101000,0.3247500240206733,-2.8819806294395107,0.9355047,10000000011010100110100111110000010110111110,01110000010010100010001111110001001111101000,22.0
23,01110000010010100110001111110000010110111110,-12.273004596949718,96.94514201763678,0.503552,10000000011010100110100111110000010110111110,01110000010010100010001111110001001111101000,22.0
23,10000000011001100000011000010000010110111010,0.31135089668056537,3.1949289309809075,0.9852666,10000000011001100000011000010000010110111010,01110000011001100110000111110000010100100010,22.0
23,01110000011001100110000111110000010100100010,-12.187555357827037,-3.0623204856682946,0.8729213,10000000011001100000011000010000010110111010,01110000011001100110000111110000010100100010,22.0
23,10000000011010110010100111110000010110100111,0.32703884292574514,-3.055978549952158,0.9861334,10000000011010110010100111110000010110100111,10000001011001110010000111110000001110111100,22.0
23,10000001011001110010000111010000001110111100,1.0959866275755417,-9.32939275011843,0.92138,10000000011010110010100111110000010110100111,10000001011001110010000111110000001110111100,22.0
23,10000110111000111010000111110001010110101011,5.382181497140294,-2.860475268477259,0.9323195,10000000011001100000011000010000010110111110,01111110111000111010000111110000010110101011,22.0
23,01111000011001100000011000010000010110111110,-5.938650593435909,3.1951196658896635,0.7768173,10000000011001100000011000010000010110111110,01111110111000111010000111110000010110101011,22.0
23,10000000111010111011000111110000011111100111,0.7192851827824569,-3.0285127230912963,0.9896344,10000000111010111011000111110001011100110111,10000000011010010010000111110000011111100111,22.0
23,10000000011010010010000111110001011100110111,0.32083995839117563,-2.8415925125104167,0.9157637,10000000111010111011000111110001011100110111,10000000011010010010000111110000011111100111,22.0
23,10010000000000101110000111110000010100101101,12.50880062789932,-3.0617959646692157,0.7986693,10010000000000101110000111110000010100101101,10000000000001101110010111110000010111101000,22.0
23,10000000000001101110010111110000010111101000,0.021052365553941854,-3.0528791076848734,0.9831156,10010000000000101110000111110000010100101101,10000000000001101110010111110000010111101000,22.0
23,10000001011010111011000101110001011100111010,1.1099102759147286,-27.84145542179475,0.6079225,10000001011010111011000111110001011100111010,10010000000000101110000111110010001001110110,22.0
23,10010000000000101110000111110010001001110110,12.50880062789932,-2.7043110619332964,0.8303291,10000001011010111011000111110001011100111010,10010000000000101110000111110010001001110110,22.0
23,10000000001010110010000111110001011100111010,0.13163092890523842,-2.8414494613288497,0.9076768,10000000001010110010000111110001011100111010,01110000011010100110010111001110110111111010,22.0
23,01110000011011100110010111001110100111111010,-12.163093605779082,-9.6438192472027,0.8025765,10000000001010110010000111110001011100111010,01110000011010100110010111001110110111111010,22.0
23,10001111011001000110000111111110010101101010,12.025096899294113,-0.32451160538472834,0.6819331,10001111011001000110000111111110010101101010,11000000100000011010000111111000000110101101,22.0
23,11000000100000011010000111111000000110101101,50.39561996355533,-1.5420202117014412,0.5379832,10001111011001000110000111111110010101101010,11000000100000011010000111111000000110101101,22.0
23,10010001010000101110000111110000011110111000,13.48536336073002,-3.030753858269179,0.2153754,10010000000000101110000111110000011110111000,10000001011000111011000111110000001100111010,22.0
23,10000001011000111011000111110000001100111010,1.0854962075939625,-3.085590144536525,0.9731783,10010000000000101110000111110000011110111000,10000001011000111011000111110000001100111010,22.0
23,10000000011010100110010111001110110111111010,0.3247023402934843,-9.594991110561153,0.8935535,10000000011010110010100111110000010110100111,01110000011010100110010111001110110111111010,22.0
23,01110000011010110010100111110000010110100111,-12.172964137307204,-3.055978549952158,0.8729921,10000000011010110010100111110000010110100111,01110000011010100110010111001110110111111010,22.0
23,10000000011010010010000111110000000110101010,0.32083995839117563,-3.1046636354121233,0.9899907,10000000011010010010000111110000000110101010,10000001011000110010000111110000011000101111,22.0
23,10000001011000110010000111110000011000101111,1.0837795934151586,-3.0494935630544546,0.98092,10000000011010010010000111110000000110101010,10000001011000110010000111110000011000101111,22.0
23,10010000000000101110000111110010001001110110,12.50880062789932,-2.7043110619332964,0.8303291,10010000000000101110000111110010001001110110,10000001011000110110000111110000001011100011,22.0
23,10000001011000110110000111110000001011100011,1.0845425330501826,-3.0897386288019675,0.9722429,10010000000000101110000111110010001001110110,10000001011000110110000111110000001011100011,22.0
23,10000000111010100010100111110000010000101110,0.7146121775179353,-3.0739553151024097,0.9899856,10000000111010100010100111110000010110111110,10000000010000111010000111110000001000101110,22.0
23,10000000010000111010000111110000001110111110,0.20639901313758457,-3.0792958925475773,0.9876026,10000000111010100010100111110000010110111110,10000000010000111010000111110000001000101110,22.0
23,10000000111010100010000111010000110100100010,0.7145168100635573,-9.214665702501705,0.8964555,10000000111010100010000111110000001000111010,01111110100000000010000111010000010100100010,22.0
23,01111110100000000010000111110000001000111010,-1.171469967715737,-3.097797178696908,0.9611035,10000000111010100010000111110000001000111010,01111110100000000010000111010000010100100010,22.0
23,10000111011000011010000111110000001110101101,5.7667030731923745,-3.0801065159097902,0.9015357,10000000100000011010000111110000000110111010,10001111011000011010000111110000001110101101,22.0
23,10001000100000011010000111110000000110111010,6.645609532740011,-3.1039006957770994,0.2714895,10000000100000011010000111110000000110111010,10001111011000011010000111110000001110101101,22.0
23,10000000110001101111111000110000001010101000,0.6072761076154904,9.407451011526831,0.9217105,10000000110001101111111000110000001000111010,10001111011001000010000111110010110110101000,22.0
23,10001111011001000010000111110010110100111010,12.024333959659089,-2.5728947098004085,0.8236551,10000000110001101111111000110000001000111010,10001111011001000010000111110010110110101000,22.0
23,01110000111010100110010111110000101000111010,-11.784675546807179,-3.0001409054138435,0.7612027,01110000011010100110010111110000101000111010,10000000100000011010000111110000000110111010,22.0
23,10000000100000011010000111110000000110111010,0.395608042623536,-3.1039006957770994,0.990196,01110000011010100110010111110000101000111010,10000000100000011010000111110000000110111010,22.0
23,10000000111010100010100111110000010110111110,0.7146121775179353,-3.054881824226811,0.9902828,10000000111010100010100111110000010110111110,10010000000000101110000111110010001001110110,22.0
23,10010000000000101110000111110010001001110110,12.50880062789932,-2.7043110619332964,0.8303291,10000000111010100010100111110000010110111110,10010000000000101110000111110010001001110110,22.0
23,10000001010001101111111000110010001000111010,0.9979012007477763,9.792830894668313,0.7781379,10000001010001101111111000110010001000111010,10000001011010110010000111110000011001101000,22.0
23,10000001011010110010000111110000011001101000,1.1081936617359247,-3.046775590604682,0.9798015,10000001010001101111111000110010001000111010,10000001011010110010000111110000011001101000,22.0
23,10000000100000011010000111110000000110111110,0.395608042623536,-3.1037099608683434,0.9901924,10000000100000011010000111110000000110101111,10000000111010100010100111110000010110111110,22.0
23,10000000111010100010100111110000010110011111,0.7146121775179353,-3.05636001976967,0.990284,10000000100000011010000111110000000110101111,10000000111010100010100111110000010110111110,22.0
23,10000000001000110010000111110000011110101010,0.10721686058445812,-3.031421430449825,0.9794585,10000000001000110010000111110000011110111010,10000000001000110010000011110000000110101010,22.0
23,10000000001000110010000011110000000110111010,0.10721686058445812,-53.103912616708904,0.5281604,10000000001000110010000111110000011110111010,10000000001000110010000011110000000110101010,22.0
23,01110000000000101000011000010000010110111010,-12.492302058291926,3.1949289309809075,0.7912935,01111110111000111010000111110000010110101011,10010000000000101000011000010000010110111010,22.0
23,10011110111000111010000111110000010110101011,24.13218596748972,-3.055787815043402,0.4911403,01111110111000111010000111110000010110101011,10010000000000101000011000010000010110111010,22.0
23,10000000111010100110100111110000010110111110,0.7153751171529592,-3.054881824226811,0.9902832,10000000111010100010000111110000011110111000,10000000011010100110100111110000010110111110,22.0
23,10000000011010100010100111110000011110111000,0.3239870843856494,-3.030753858269179,0.9822674,10000000111010100010000111110000011110111000,10000000011010100110100111110000010110111110,22.0
23,10000000010000111010000111110000001000101110,0.20639901313758457,-3.098369383423176,0.9891991,10000000010000111010000111110000001000101110,10000000100000011010000111110000000111100111,22.0
23,00000000100000011010000101110001000111100111,-99.60441579924006,-27.906448341953364,0.5032643,10000000010000111010000111110000001000101110,10000000100000011010000111110000000111100111,22.0
23,10000000011001100110011000010000011110111000,0.3124953061331013,3.2192476318472956,0.9812929,10000000011001100110011000010000011110111000,10000000111010100010000111110000001000111010,22.0
23,10000000111010100010000111110000001000111011,0.7145168100635573,-3.097749494969719,0.9886675,10000000011001100110011000010000011110111000,10000000111010100010000111110000001000111010,22.0
23,10000001011110000010000111110000010110101011,1.1478665227571838,-3.055787815043402,0.974853,10000001011010100010000111110000001110101100,01111110111000111010000111110000010110101011,22.0
23,01111110111000111010000111110000001110101100,-0.8678199929761803,-3.0801541996369792,0.9865677,10000001011010100010000111110000001110101100,01111110111000111010000111110000010110101011,22.0
23,10000000111000111011000111110000001100111010,0.6948711144616908,-3.085590144536525,0.9897009,10000000100000011010000111110000000111100111,10000001011000111011000111110000001100111010,22.0
23,10000001000000011010000111110000000111100111,0.7862331357558077,-3.1017549280535945,0.9865943,10000000100000011010000111110000000111100111,10000001011000111011000111110000001100111010,22.0
23,10001111000000101110000111110000011110111000,11.727550441634762,-3.030753858269179,0.7342505,10001111011001000010000111110010110110101000,10010000000000101110000111110000011110111000,22.0
23,10010000011001000010000111110010110110101000,12.805584145923646,-2.567649499809619,0.7007663,10001111011001000010000111110010110110101000,10010000000000101110000111110000011110111000,22.0
23,10000000011001100110011000010000011110111000,0.3124953061331013,3.2192476318472956,0.9812929,10000000011001100110011000010000011110111000,10001111011000011010000111110000001110101101,22.0
23,10001111011000011010000111110000001110101101,12.01670456330885,-3.0801065159097902,0.85618,10000000011001100110011000010000011110111000,10001111011000011010000111110000001110101101,22.0
23,01101111111010110010000111110000001111101000,-12.563684597893854,-3.0772931760056395,0.7716177,01101111111010110010000111110000001111101000,10000000100000010010000111110000001111101000,22.0
23,10010000100000010010000111110000001111101000,12.894085143586437,-3.0772931760056395,0.5687068,01101111111010110010000111110000001111101000,10000000100000010010000111110000001111101000,22.0
23,01111110111000111010000111110000001000001110,-0.8678199929761803,-3.0998952626932237,0.9839267,01111110111000111010000111110000001000001110,10000000100000010010000111110000001111101000,22.0
23,10000000100000010010000111110000001111101000,0.3940821633534881,-3.0772931760056395,0.9890079,01111110111000111010000111110000001000001110,10000000100000010010000111110000001111101000,22.0
23,10000000100000011010000111110000000110101111,0.395608042623536,-3.1044252167761783,0.9902054,10000000100000011010000111110000000110101111,10000000100000010010000111110000001111101000,22.0
23,10000000100000010010000111110000001111101000,0.3940821633534881,-3.0772931760056395,0.9890079,10000000100000011010000111110000000110101111,10000000100000010010000111110000001111101000,22.0
23,11000001011001100000001000010000010100111110,51.09256532014973,3.189016148809472,0.4893778,10000001011010100010000111110000001110101100,10000000011001100000011000010000010110111110,22.0
23,10000000011010100010000111110000001110100110,0.3238917169312714,-3.080440302000113,0.9886293,10000001011010100010000111110000001110101100,10000000011001100000011000010000010110111110,22.0
23,01111110111000111010000111110000010100101101,-0.8678199929761803,-3.0617959646692157,0.9883925,01111110111000111010000111110000001000001110,10010000000000101110000111110000010100101101,22.0
23,10010000000000101110000111110000001000001110,12.50880062789932,-3.0998952626932237,0.7945878,01111110111000111010000111110000001000001110,10010000000000101110000111110000010100101101,22.0
23,10000100111010100010100111110100010110101101,3.8396129225761655,-2.2744422613244666,0.0780333,10000000111010100010100111110000010110111110,11000000100000011010000111111000000110101101,22.0
23,11000000100000011010000111111000000110111110,50.39561996355533,-1.5412095883392283,0.5379839,10000000111010100010100111110000010110111110,11000000100000011010000111111000000110101101,22.0
23,10000000100000010010000111010000011110111000,0.3940821633534881,-9.280755348385654,0.9082208,10000000100000010010000111110000001111101000,10000000011001100110011000010000011110111000,22.0
23,10000000011001100110011000110000001111101000,0.3124953061331013,9.42270980422731,0.921694,10000000100000010010000111110000001111101000,10000000011001100110011000010000011110111000,22.0
23,10000000011000000110011000010000010110111000,0.2941847548925267,3.1948335635265295,0.9855036,10000000010010110010010111110000000110101101,10000000011000000110011000010000011110111000,22.0
23,10000000010010110010010111110000000110101101,0.22933488591549178,-3.1045205842305563,0.9896456,10000000010010110010010111110000000110101101,10000000011000000110011000010000011110111000,22.0
23,10000000000001101110010111110000010111101000,0.021052365553941854,-3.0528791076848734,0.9831156,10000001011001111110010111110000000110101101,10000000000001101110010111110000010111101000,22.0
23,10000001011001011110010111110000000110101101,1.092219613127611,-3.1045205842305563,0.9676442,10000001011001111110010111110000000110101101,10000000000001101110010111110000010111101000,22.0
23,01111110111000111010000111001110110111111010,-0.8678199929761803,-9.594991110561153,0.8824978,01111110111000111010000111110000001000001110,01110000011010100110010111001110110111111010,22.0
23,01110000011010100110010111110000001000001110,-12.175300639939465,-3.0998952626932237,0.8729592,01111110111000111010000111110000001000001110,01110000011010100110010111001110110111111010,22.0
23,10001011100000011010000111110000000110101101,8.989360091533683,-3.1045205842305563,0.914353,10001011101000110110000111110000110111101000,10000000100000011010000111110000000110101101,22.0
23,10000000101000110110000111110000110111101000,0.49860489335176794,-2.955222834401809,0.9707411,10001011101000110110000111110000110111101000,10000000100000011010000111110000000110101101,22.0
23,10000000000001101110000111110000000110101010,0.021004681826752858,-3.1046636354121233,0.9891661,10000000000001101110010111110000010111101000,10000000011010010010000111110000000110101010,22.0
23,10000000011010010010010111110000010111101000,0.3208876421183646,-3.0528791076848734,0.9856443,10000000000001101110010111110000010111101000,10000000011010010010000111110000000110101010,22.0
23,10000000011001100110000111110010010100100010,0.3124476224059123,-2.671695392536023,0.8050495,10000000011001100000011000010000010110111110,01110000011001100110000111110000010100100010,22.0
23,01110000011001100000011000010000010110111110,-12.188652083552384,3.1951196658896635,0.8715034,10000000011001100000011000010000010110111110,01110000011001100110000111110000010100100010,22.0
23,10000000010010110010000111110000011000101111,0.22928720218830279,-3.0494935630544546,0.9839512,10000000010010110010010111110000000110101101,10000001011000110010000111110000011000101111,22.0
23,10000001011000110010010111110000000110101101,1.0838272771423476,-3.1045205842305563,0.9684539,10000000010010110010010111110000000110101101,10000001011000110010000111110000011000101111,22.0
23,10000000011010010010000111110000011111100111,0.32083995839117563,-3.0285127230912963,0.9818082,10001111011001000110000111111110010101101010,10000000011010010010000111110000011111100111,22.0
23,10001011011001000110000111101110010101101010,8.900096154235882,-3.4495123504429728,0.9078615,10001111011001000110000111111110010101101010,10000000011010010010000111110000011111100111,22.0
23,10000000010001110010000111110000010110100111,0.21708016802791974,-3.055978549952158,0.9847983,10000000010000111010000111110000001000101110,10000001011001110010000111110000010110100111,22.0
23,10000001011000111010000111110000001000101110,1.0853054726852065,-3.098369383423176,0.969965,10000000010000111010000111110000001000101110,10000001011001110010000111110000010110100111,22.0
23,10000000100000011010000111110000000110111010,0.395608042623536,-3.1039006957770994,0.990196,10000000100000011010000111110000000110111010,10000001011001111110010111110000000110101101,22.0
23,10000001011001111110010111110000000110101101,1.0983231302078025,-3.1045205842305563,0.9670427,10000000100000011010000111110000000110111010,10000001011001111110010111110000000110101101,22.0
23,10000000000010010110011010001110010110000111,0.028681761904181258,27.80187792822788,0.5931874,10000000001001101110010111110000101000111010,10000000000010010110011000001110010110000111,22.0
23,10000000001001101110010111110010101000111010,0.11870863883700622,-2.6095158122815576,0.7416689,10000000001001101110010111110000101000111010,10000000000010010110011000001110010110000111,22.0
24,01111110111000111010000111110000110111101000,-0.8678199929761803,-2.955222834401809,0.9869299,01111110111000111010000111110000001110101100,10000000101000110110000111110000110111101000,23.0
24,10000000101000110110000111110000001110101100,0.49860489335176794,-3.0801541996369792,0.9899577,01111110111000111010000111110000001110101100,10000000101000110110000111110000110111101000,23.0
24,01000000010000111010000111110000001000101110,-49.79361290779421,-3.098369383423176,0.5300217,01101111111010110010000111110000001111101000,10000000010000111010000111110000001000101110,23.0
24,10111111111010110010000111110000001111101000,49.93633030327089,-3.0772931760056395,0.5363473,01101111111010110010000111110000001111101000,10000000010000111010000111110000001000101110,23.0
24,10001011011001000110000111101110010101101010,8.900096154235882,-3.4495123504429728,0.9078615,10001011011001000110000111101110010101101010,01111110111000111010000111110000001110101100,23.0
24,01111110111000111000000111110000001110101100,-0.8682014627936923,-3.0801541996369792,0.9865552,10001011011001000110000111101110010101101010,01111110111000111010000111110000001110101100,23.0
24,01111110111000111000000111110000010100101101,-0.8682014627936923,-3.0617959646692157,0.9883836,01111110111000111010000111110000010100101101,10000000111010100110100111110000010110111110,23.0
24,10000000111010100110100111110000010110111110,0.7153751171529592,-3.054881824226811,0.9902832,01111110111000111010000111110000010100101101,10000000111010100110100111110000010110111110,23.0
24,01111110111000111010000111110000001000011110,-0.8678199929761803,-3.0991323230581997,0.9840418,01111110111000111010000111110000001000001110,10000000010000111010000111110000001110111110,23.0
24,10000000010000111010000111110000001110101110,0.20639901313758457,-3.0800588321826012,0.9876801,01111110111000111010000111110000001000001110,10000000010000111010000111110000001110111110,23.0
24,10000000111000110110000111110001110111101000,0.6939174399179109,-2.759910287835666,0.908392,10000000111010100010100111110000010110111110,10000000101000110110000111110000110111101000,23.0
24,10000000101010100010100111110000010110111110,0.5192996309517923,-3.054881824226811,0.9887312,10000000111010100010100111110000010110111110,10000000101000110110000111110000110111101000,23.0
24,10000000101000110110000111110000110111101000,0.49860489335176794,-2.955222834401809,0.9707411,10000000111010100110100111110000010110111110,10000000101000110110000111110000110111101000,23.0
24,10000000111010100110100111110000010110111110,0.7153751171529592,-3.054881824226811,0.9902832,10000000111010100110100111110000010110111110,10000000101000110110000111110000110111101000,23.0
24,11000000111010111011000111110000011111100110,50.71929710371424,-3.0285604068184853,0.5180848,10000000010000111010000111110000001000101110,10000000111010111011000111110000011111100111,23.0
24,10000000010000111010100111110000001000101110,0.20649438059196257,-3.098369383423176,0.9891995,10000000010000111010000111110000001000101110,10000000111010111011000111110000011111100111,23.0
24,10000001011000110010010111110000001000111010,1.0838272771423476,-3.097797178696908,0.9702512,10000001011000110010010111110000000110101101,01111110100000000010000111110000001000111010,23.0
24,01111110100000000010000111110000000110101101,-1.171469967715737,-3.1045205842305563,0.9589734,10000001011000110010010111110000000110101101,01111110100000000010000111110000001000111010,23.0
24,01111110111001101110000111110000010100101101,-0.8579017777208691,-3.0617959646692157,0.988617,01111110111000111010000111110000010100101101,10010000000000101110000111110000010100101101,23.0
24,10010000000000111010010111110000010100101101,12.51113713053158,-3.0617959646692157,0.7976616,01111110111000111010000111110000010100101101,10010000000000101110000111110000010100101101,23.0
24,10000000001000110010000111110000011110101111,0.10721686058445812,-3.03118301181388,0.9794096,10000000001000110010000111110000011110101010,10000000111010100010100111110000010110011111,23.0
24,10000000111010100010100111110000010110011010,0.7146121775179353,-3.056598438405615,0.9902838,10000000001000110010000111110000011110101010,10000000111010100010100111110000010110011111,23.0
24,10000000011010100010010111110000010111101000,0.3239394006584604,-3.0528791076848734,0.9856874,10000000011010100010000111110000001110100110,10000000011010010010010111110000010111101000,23.0
24,10000000011010010010000111110000001100100110,0.32083995839117563,-3.0865438190803047,0.9890604,10000000011010100010000111110000001110100110,10000000011010010010010111110000010111101000,23.0
24,10001011011001000110000111111110010101101010,8.900096154235882,-0.32451160538472834,0.7181875,10001011011001000110000111101110010101101010,10001111011001000110000111111110010101101010,23.0
24,10001111011001000110000111101110010101101010,12.025096899294113,-3.4495123504429728,0.871466,10001011011001000110000111101110010101101010,10001111011001000110000111111110010101101010,23.0
24,10010000000000101110000111110000001000001110,12.50880062789932,-3.0998952626932237,0.7945878,10010000000000101110000111110000001000001110,10000001011110000010000111110000010110101011,23.0
24,10000001011110000010000111110000010110101011,1.1478665227571838,-3.055787815043402,0.974853,10010000000000101110000111110000001000001110,10000001011110000010000111110000010110101011,23.0
24,10000000010010110010000111110000011000101111,0.22928720218830279,-3.0494935630544546,0.9839512,10000000010010110010000111110000011000101111,10000000010010110010000111110000011000101111,23.0
24,10000000010010110010000111110000011000101111,0.22928720218830279,-3.0494935630544546,0.9839512,10000000010010110010000111110000011000101111,10000000010010110010000111110000011000101111,23.0
24,10001111011001000110000111110000000110101101,12.025096899294113,-3.1045205842305563,0.8591976,10001111011001000110000111111110010101101010,10001011100000011010000111110000000110101101,23.0
24,10001011100000011010000111111110010101101010,8.989360091533683,-0.32451160538472834,0.779491,10001111011001000110000111111110010101101010,10001011100000011010000111110000000110101101,23.0
24,10000000111010111011000111110000000110101100,0.7192851827824569,-3.1045682679577453,0.9879952,10000000111010111011000111110000000110101100,01111110111000111010000111110000010110101011,23.0
24,01111110111000111010000111110000010110101011,-0.8678199929761803,-3.055787815043402,0.9888573,10000000111010111011000111110000000110101100,01111110111000111010000111110000010110101011,23.0
24,10000000010000111010000111110000010100100010,0.20639901313758457,-3.0623204856682946,0.9855864,10000000010000111010000111110000001000101110,01110000011001100110000111110000010100100010,23.0
24,01110000011001100110000111110000001000101110,-12.187555357827037,-3.098369383423176,0.8727198,10000000010000111010000111110000001000101110,01110000011001100110000111110000010100100010,23.0
24,10001111011001000010000111110010110100111010,12.024333959659089,-2.5728947098004085,0.8236551,10001111011001000010000111110010110100111010,10000000011001100110000111110010010100100010,23.0
24,10000000011001100110000111110010010100100010,0.3124476224059123,-2.671695392536023,0.8050495,10001111011001000010000111110010110100111010,10000000011001100110000111110010010100100010,23.0
24,10000000111010100010100111110000010110011111,0.7146121775179353,-3.05636001976967,0.990284,10000000111010100010100111110000010110011111,10000000011001100110000111110010010100100010,23.0
24,10000000011001100110000111110010010100100010,0.3124476224059123,-2.671695392536023,0.8050495,10000000111010100010100111110000010110011111,10000000011001100110000111110010010100100010,23.0
24,10000000111010100010100111110000011110111000,0.7146121775179353,-3.030753858269179,0.989689,10000000111010100010100111110000010110111110,10000000011010100010100111110000011110111000,23.0
24,10000000011010100010100111110000010110111110,0.3239870843856494,-3.054881824226811,0.9859512,10000000111010100010100111110000010110111110,10000000011010100010100111110000011110111000,23.0
24,10000001011000110010000111110000011000101111,1.0837795934151586,-3.0494935630544546,0.98092,10000001011000110010000111110000011000101111,10001111011000011010000111110000001110101101,23.0
24,10001111011000011010000111110000001110101101,12.01670456330885,-3.0801065159097902,0.85618,10000001011000110010000111110000011000101111,10001111011000011010000111110000001110101101,23.0
24,10000000100000010010000111110000001100101110,0.3940821633534881,-3.0861623492627928,0.9895545,10000000100000010010000111110000001111101000,10000001011000111010000111110000001000101110,23.0
24,10000001011000111010000111110000001011101000,1.0853054726852065,-3.0895002101660225,0.9722356,10000000100000010010000111110000001111101000,10000001011000111010000111110000001000101110,23.0
24,10000000100000011010000111110000000110111101,0.395608042623536,-3.1037576445955324,0.9901933,10000000100000011010000111110000000110111010,10000001011000110010010111110000000110101101,23.0
24,10000001011000010010010111110000000110101010,1.077723760062156,-3.1046636354121233,0.9689917,10000000100000011010000111110000000110111010,10000001011000110010010111110000000110101101,23.0
24,10000000011001100000011001110000011111100111,0.31135089668056537,21.971493237374602,0.7272557,10000000011001100000011000010000010110111010,10000000111010111011000111110000011111100111,23.0
24,10000000111010111010000110010000010110111010,0.7190944478737009,-21.80507702948499,0.7157225,10000000011001100000011000010000010110111010,10000000111010111011000111110000011111100111,23.0
24,10000000111010111011000111110000011111100111,0.7192851827824569,-3.0285127230912963,0.9896344,10000000111010111011000111110000011111100111,10000000110001101111111000110000001010101000,23.0
24,10000000110001101111111000110000001010101000,0.6072761076154904,9.407451011526831,0.9217105,10000000111010111011000111110000011111100111,10000000110001101111111000110000001010101000,23.0
24,10000000010010110010000111110000011000101111,0.22928720218830279,-3.0494935630544546,0.9839512,10000000010010110010000111110000011000101111,01110000011010100110010111110000001000001110,23.0
24,01110000011010100110010111110000001000001110,-12.175300639939465,-3.0998952626932237,0.8729592,10000000010010110010000111110000011000101111,01110000011010100110010111110000001000001110,23.0
24,10000000100000010010000111110000000110101100,0.3940821633534881,-3.1045682679577453,0.9902045,10000000100000011010000111110000000110101111,01111110111000111010000111110000001110101100,23.0
24,01111110111000111010000111110000001110101111,-0.8678199929761803,-3.0800111484554122,0.9865842,10000000100000011010000111110000000110101111,01111110111000111010000111110000001110101100,23.0
24,10000000011010100010000111110000001110100110,0.3238917169312714,-3.080440302000113,0.9886293,10000000011010100010000111110000001110100110,10000000010000111010000111110000001110111110,23.0
24,00000000010000111010000111110000001110111110,-99.79362482872601,-3.0792958925475773,0.5007895,10000000011010100010000111110000001110100110,10000000010000111010000111110000001110111110,23.0
24,10000000010010110010010111110000000110101101,0.22933488591549178,-3.1045205842305563,0.9896456,10000000010010110010010111110000000110101101,10000000010001110010000111110000010110100111,23.0
24,10000000010001110010000111110000010110100111,0.21708016802791974,-3.055978549952158,0.9847983,10000000010010110010010111110000000110101101,10000000010001110010000111110000010110100111,23.0
24,10000000111010100010000111010000110100100111,0.7145168100635573,-9.21442728386576,0.8963866,10000000111010100010000111010000110100100010,10000001000000011010000111110000000111100111,23.0
24,10000001000000011010000111110000000111100010,0.7862331357558077,-3.1019933466895395,0.9865665,10000000111010100010000111010000110100100010,10000001000000011010000111110000000111100111,23.0
24,10000000100000010010000111010000011110111000,0.3940821633534881,-9.280755348385654,0.9082208,10000001011000111010000111110000001000101110,10000000100000010010000111010000011110111000,23.0
24,10000001011000111010000111110000001000101110,1.0853054726852065,-3.098369383423176,0.969965,10000001011000111010000111110000001000101110,10000000100000010010000111010000011110111000,23.0
24,10010000011010010010000111110001011100110111,12.820842938624125,-2.8415925125104167,0.654795,10010000000000101110000111110010001001110110,10000000011010010010000111110001011100110111,23.0
24,10000000000000101110000111110010001001110110,0.008797647666369812,-2.7043110619332964,0.8160375,10010000000000101110000111110010001001110110,10000000011010010010000111110001011100110111,23.0
24,10000000111010100110000111010000011110111000,0.7152797496985812,-9.280755348385654,0.9120012,10000000111010100110100111110000010110111110,10000000100000010010000111010000011110111000,23.0
24,10000000100000010010100111110000010110111110,0.3941775308078661,-3.054881824226811,0.9869527,10000000111010100110100111110000010110111110,10000000100000010010000111010000011110111000,23.0
24,10000000000001101110000111010000110100100010,0.021004681826752858,-9.214665702501705,0.8878475,10000000000001101110010111110000010111101000,10000000111010100010000111010000110100100010,23.0
24,10000000111010100010010111111000010111101000,0.7145644937907463,-1.4903787351557582,0.0093978,10000000000001101110010111110000010111101000,10000000111010100010000111010000110100100010,23.0
24,10000001011010110010000111110000011001101000,1.1081936617359247,-3.046775590604682,0.9798015,10000001011010110010000111110000011001101000,10000000100000011010000111110000000110111010,23.0
24,10000000100000011010000111110000000110111010,0.395608042623536,-3.1039006957770994,0.990196,10000001011010110010000111110000011001101000,10000000100000011010000111110000000110111010,23.0
24,10000000011010010010000111110001011100110111,0.32083995839117563,-2.8415925125104167,0.9157637,10000000011010010010000111110001011100110111,10000000100000011010000111110000000110111010,23.0
24,10000000100000011010000111110000000110111010,0.395608042623536,-3.1039006957770994,0.990196,10000000011010010010000111110001011100110111,10000000100000011010000111110000000110111010,23.0
24,10000000000001101110000111110000000110101010,0.021004681826752858,-3.1046636354121233,0.9891661,10000000000001101110000111110000000110101010,10000000000001101110010111110000010111101000,23.0
24,10000000000001101110010111110000010111100000,0.021052365553941854,-3.0532605775023853,0.9831793,10000000000001101110000111110000000110101010,10000000000001101110010111110000010111101000,23.0
24,01111110100000000010000111110000001000101001,-1.171469967715737,-3.098607802059121,0.9608505,01111110100000000010000111110000001000111010,10000111011000011010000111110000001110101101,23.0
24,10000111011000011010000111110000001110101110,5.7667030731923745,-3.0800588321826012,0.901546,01111110100000000010000111110000001000111010,10000111011000011010000111110000001110101101,23.0
24,10000000011010100110100111110001001111101000,0.3247500240206733,-2.8819806294395107,0.9355047,10000000011010100110100111110001001111101000,10000000011001100110011000110000001111101000,23.0
24,10000000011001100110011000110000001111100000,0.3124953061331013,9.422328334409798,0.9217015,10000000011010100110100111110001001111101000,10000000011001100110011000110000001111101000,23.0
24,10000000011010100110100111110001001111101000,0.3247500240206733,-2.8819806294395107,0.9355047,10000000011001100110011000010000011110111000,10000000011010100110100111110001001111101000,23.0
24,10000000011001100110011000010000011100111000,0.3124953061331013,3.213144114767104,0.9823926,10000000011001100110011000010000011110111000,10000000011010100110100111110001001111101000,23.0
24,10000111011000011000001000010000010100111110,5.7663216033748625,3.189016148809472,0.8757812,10000111011000011010000111110000001110101101,11000001011001100000001000010000010100111110,23.0
24,11000001011001100010000111110000001110101101,51.09294678996724,-3.0801065159097902,0.4898357,10000111011000011010000111110000001110101101,11000001011001100000001000010000010100111110,23.0
24,10000000111010100010100111010000010110111110,0.7146121775179353,-9.304883314343286,0.9158762,10000000111010100010100111110000010110111110,01110000111010100110010111110000101000111010,23.0
24,01110010111010100110010111110000101000111010,-10.222175174278064,-3.0001409054138435,0.1875642,10000000111010100010100111110000010110111110,01110000111010100110010111110000101000111010,23.0
24,10000000011001100000011000010000010110111110,0.31135089668056537,3.1951196658896635,0.98524,10000000011000000110011000010000010110111000,01111000011001100000011000010000010110111110,23.0
24,01111000011000000110011000010000010110111000,-5.955816735223948,3.1948335635265295,0.7656759,10000000011000000110011000010000010110111000,01111000011001100000011000010000010110111110,23.0
24,10000100011001100110011000110000001111101000,3.4374960511913457,9.42270980422731,0.6454311,10000000011001100110011000110000001111101000,10000001011001110010000111010000001110111100,23.0
24,10000001011001110010000111010000001110111100,1.0959866275755417,-9.32939275011843,0.92138,10000000011001100110011000110000001111101000,10000001011001110010000111010000001110111100,23.0
24,10001011011001000110000111110001010110101011,8.900096154235882,-2.860475268477259,0.9179455,10001011011001000110000111101110010101101010,10000110111000111010000111110001010110101011,23.0
24,10000110111000111010000111101110010101101010,5.382181497140294,-3.4495123504429728,0.950476,10001011011001000110000111101110010101101010,10000110111000111010000111110001010110101011,23.0
24,10000001011001011110010111110000000110111010,1.092219613127611,-3.1039006957770994,0.967816,10000001011001011110010111110000000110101101,01110000011011100110010111001110100111111010,23.0
24,01110000011011100110010111011110100111101101,-12.163093605779082,-6.519438390597912,0.2243422,10000001011001011110010111110000000110101101,01110000011011100110010111001110100111111010,23.0
24,10001111000000101110000111110000011110111000,11.727550441634762,-3.030753858269179,0.7342505,10001111000000101110000111110000011110111000,10000000011001100110000111110010010100100010,23.0
24,10000100011001100110000111110010010100100010,3.4374483674641567,-2.671695392536023,0.137171,10001111000000101110000111110000011110111000,10000000011001100110000111110010010100100010,23.0
24,10000000011010010010000111110001011100110111,0.32083995839117563,-2.8415925125104167,0.9157637,10000000111010100010000111110000001000111011,10000000011010010010000111110001011100110111,23.0
24,10000000111010100010000111110000001000111011,0.7145168100635573,-3.097749494969719,0.9886675,10000000111010100010000111110000001000111011,10000000011010010010000111110001011100110111,23.0
24,10000000000001101110010111110000010111101000,0.021052365553941854,-3.0528791076848734,0.9831156,10000000000001101110010111110000010111101000,10000000111010100010100111110000010110011111,23.0
24,10000000111010100010100111110000010110011111,0.7146121775179353,-3.05636001976967,0.990284,10000000000001101110010111110000010111101000,10000000111010100010100111110000010110011111,23.0
25,10001011011001000110000111111110010101101010,8.900096154235882,-0.32451160538472834,0.7181875,10001011011001000110000111111110010101101010,10000001011000111010000111110000001000101110,24.0
25,10000001011000111010000111110000001000101110,1.0853054726852065,-3.098369383423176,0.969965,10001011011001000110000111111110010101101010,10000001011000111010000111110000001000101110,24.0
25,10000000111010100110100111111000010110111110,0.7153751171529592,-1.492381451697696,0.0097596,10000000111010100110100111110000010110111110,10000001011110000010000111110000010110101011,24.0
25,10000001011110000010000111111000010110101011,1.1478665227571838,-1.493287442514287,0.0974881,10000000111010100110100111110000010110111110,10000001011110000010000111110000010110101011,24.0
25,10000000010000111010000111110000001110101110,0.20639901313758457,-3.0800588321826012,0.9876801,10000000010000111010000111110000001110101110,10000000010000111010100111110000001000101110,24.0
25,10000000010000111010100111110100001000101110,0.20649438059196257,-2.3171191971586182,0.4704461,10000000010000111010000111110000001110101110,10000000010000111010100111110000001000101110,24.0
25,11110000011110100110010111110000001000001110,87.87355133856568,-3.0998952626932237,0.5065412,10000000011010010010000111110001011100110111,01110000011010100110010111110000001000001110,24.0
25,00000000011010010010001111110001011100110111,-99.67918388347242,97.15843132935316,0.4995732,10000000011010010010000111110001011100110111,01110000011010100110010111110000001000001110,24.0
25,10000001010010110010000111110000010110111110,1.0105373884528603,-3.054881824226811,0.9841442,10000001011010110010000111110000011001101000,10000000011001100000011000010000010110111110,24.0
25,10000000011001100000011000010000011001101000,0.31135089668056537,3.203225899511793,0.9840452,10000001011010110010000111110000011001101000,10000000011001100000011000010000010110111110,24.0
25,10000000111010100010100111010000010110101101,0.7146121775179353,-9.305693937705499,0.91599,10000000111010100010100111010000010110111110,10010000000000111010010111110000010100101101,24.0
25,10010000000000111010010110110000010100111110,12.51113713053158,-15.560988321539952,0.3425533,10000000111010100010100111010000010110111110,10010000000000111010010111110000010100101101,24.0
25,10010001011000110010000111110000011000111111,13.583782573648108,-3.0487306234194307,0.1812424,10000000011010100010000111110000001110100110,10000001011000110010000111110000011000101111,24.0
25,10000000011010100010000111110000001110100110,0.3238917169312714,-3.080440302000113,0.9886293,10000000011010100010000111110000001110100110,10000001011000110010000111110000011000101111,24.0
25,10000000011010111010000111110000001011101000,0.32846935474141503,-3.0895002101660225,0.9893057,10000000111010111010000110010000010110111010,10000001011000111010000111110000001011101000,24.0
25,10000001111010111010000110010000110110111010,1.5003446341382585,-21.707420756201927,0.7059614,10000000111010111010000110010000010110111010,10000001011000111010000111110000001011101000,24.0
25,10000000101000110110000111110000110110011111,0.49860489335176794,-2.9587037464866057,0.9716723,10000000101000110110000111110000110111101000,10000000111010100010100111110000010110011111,24.0
25,10000000111010100010100111110000010111101000,0.7146121775179353,-3.0528791076848734,0.9902748,10000000101000110110000111110000110111101000,10000000111010100010100111110000010110011111,24.0
25,10000000110001101111111000110000001010101000,0.6072761076154904,9.407451011526831,0.9217105,10000001011010110010000111110000011001101000,10000000110001101111111000110000001010101000,24.0
25,10000001011010110010000111110001011001101000,1.1081936617359247,-2.851463044038539,0.9841287,10000001011010110010000111110000011001101000,10000000110001101111111000110000001010101000,24.0
25,10000100011001100110011000110000001111101000,3.4374960511913457,9.42270980422731,0.6454311,10000000101000110110000111110000110111101000,10000100011001100110011000110000001111101000,24.0
25,10000000101000110110000111110000110111101000,0.49860489335176794,-2.955222834401809,0.9707411,10000000101000110110000111110000110111101000,10000100011001100110011000110000001111101000,24.0
25,10000001011000110010000111110000000110101010,1.0837795934151586,-3.1046636354121233,0.9684193,10000001011000110010000111110000011000101111,10000000000001101110000111110000000110101010,24.0
25,10000000000001101110000111110000011000101111,0.021004681826752858,-3.0494935630544546,0.9825382,10000001011000110010000111110000011000101111,10000000000001101110000111110000000110101010,24.0
25,10000000111000110110000111110001111111101000,0.6939174399179109,-2.7354962195149,0.8950553,10000000111000110110000111110001110111101000,10000000011010100110100111110001001111101000,24.0
25,10000000011010100110100111110001000111101000,0.3247500240206733,-2.906394697760277,0.9459383,10000000111000110110000111110001110111101000,10000000011010100110100111110001001111101000,24.0
25,10000001011001110010000111110001001110101110,1.0959866275755417,-2.8847462856164725,0.9875741,10000001011001110010000111010000001110111100,10000000010000111010000111110000001110101110,24.0
25,10000000010000111010000111010000001110111100,0.20639901313758457,-9.32939275011843,0.9157899,10000001011001110010000111010000001110111100,10000000010000111010000111110000001110101110,24.0
25,10000000111010100010000111110000000110111010,0.7145168100635573,-3.1039006957770994,0.9881554,10000000111010100010100111010000010110111110,10000000100000011010000111110000000110111010,24.0
25,10000000100000011010100111010000010110111110,0.395703410077914,-9.304883314343286,0.9128902,10000000111010100010100111010000010110111110,10000000100000011010000111110000000110111010,24.0
25,10000000010010110010000111110000011000101111,0.22928720218830279,-3.0494935630544546,0.9839512,10000000010010110010000111110000011000101111,10000000111010100010100111110000010110011111,24.0
25,10000000111010100010100111110000010110011111,0.7146121775179353,-3.05636001976967,0.990284,10000000010010110010000111110000011000101111,10000000111010100010100111110000010110011111,24.0
25,10000000111000110110000111110001110111101000,0.6939174399179109,-2.759910287835666,0.908392,10000000111000110110000111110001110111101000,10000000010000111010000111110000010100100010,24.0
25,10000000010000111010000111110001010100100010,0.20639901313758457,-2.8670079391021517,0.9232816,10000000111000110110000111110001110111101000,10000000010000111010000111110000010100100010,24.0
25,10000000111010111010000111110000001110101100,0.7190944478737009,-3.0801541996369792,0.9896953,10000000111010111011000111110000011111100111,01111110111000111000000111110000001110101100,24.0
25,01111110111000011000000111110000011111100111,-0.8743049798738838,-3.0285127230912963,0.9900998,10000000111010111011000111110000011111100111,01111110111000111000000111110000001110101100,24.0
25,10000111011000011010000111110000001000111010,5.7667030731923745,-3.097797178696908,0.8976522,10000111011000011010000111110000001110101110,10000001011000110010010111110000001000111010,24.0
25,10000001011000110010010111110000001110101110,1.0838272771423476,-3.0800588321826012,0.9746278,10000111011000011010000111110000001110101110,10000001011000110010010111110000001000111010,24.0
25,10001011011000111010000111101110010101101010,8.89780733533081,-3.4495123504429728,0.9083158,10001011011001000110000111111110010101101010,10000110111000111010000111101110010101101010,24.0
25,10000110111001000110000111111110010101101010,5.384470316045366,-0.32451160538472834,0.4029233,10001011011001000110000111111110010101101010,10000110111000111010000111101110010101101010,24.0
25,10000001011001011110010111110000000100001110,1.092219613127611,-3.1121022968536067,0.9654915,10000001011001011110010111110000000110111010,10000000100000010010000111110000001100101110,24.0
25,10000000100000010010000111110000001110111010,0.3940821633534881,-3.0794866274563333,0.9891572,10000001011001011110010111110000000110111010,10000000100000010010000111110000001100101110,24.0
25,10000000011010100110100111110001001111101000,0.3247500240206733,-2.8819806294395107,0.9355047,10000000011001100110000111110010010100100010,10000000011010100110100111110001001111101000,24.0
25,10000000011001100110000111110010010100110010,0.3124476224059123,-2.670932452900999,0.804465,10000000011001100110000111110010010100100010,10000000011010100110100111110001001111101000,24.0
25,01111110111001101010000111110000001100101110,-0.858664717355893,-3.0861623492627928,0.9861572,01111110111001101110000111110000010100101101,10000000100000010010000111110000001100101110,24.0
25,10000000000000010110000111110000010100101101,0.00422000985622617,-3.0617959646692157,0.9845195,01111110111001101110000111110000010100101101,10000000100000010010000111110000001100101110,24.0
25,01110000011010100110010111110000001000001110,-12.175300639939465,-3.0998952626932237,0.8729592,01111110100000000010000111110000000110101101,01110000011010100110010111110000001000001110,24.0
25,01111110100000000010000111110000000110101101,-1.171469967715737,-3.1045205842305563,0.9589734,01111110100000000010000111110000000110101101,01110000011010100110010111110000001000001110,24.0
25,10000000011010100110100111110001001111101000,0.3247500240206733,-2.8819806294395107,0.9355047,10000000011010100110100111110001001111101000,10000000111000110110000111110001110111101000,24.0
25,10000000111000110110000111110001110111101000,0.6939174399179109,-2.759910287835666,0.908392,10000000011010100110100111110001001111101000,10000000111000110110000111110001110111101000,24.0
25,01111110111000111110000111101110000101101010,-0.8670570533411563,-3.498340487084505,0.7931746,01111110111000111000000111110000001110101100,10001111011001000110000111101110010101101010,24.0
25,10001111011001000000000111110000001110101100,12.023952489841577,-3.0801541996369792,0.8577101,01111110111000111000000111110000001110101100,10001111011001000110000111101110010101101010,24.0
25,01111110111000111000000111110000001110101100,-0.8682014627936923,-3.0801541996369792,0.9865552,01111110111000111000000111110000001110101100,10000000010010110010010111110000000110101101,24.0
25,10000000010010110010010111110000000110101101,0.22933488591549178,-3.1045205842305563,0.9896456,01111110111000111000000111110000001110101100,10000000010010110010010111110000000110101101,24.0
25,10000000011000111010000111110000001011101000,0.30405528642064894,-3.0895002101660225,0.9891456,10000000011001100110011000110000001111100000,10000001011000111010000111110000001011101000,24.0
25,10000001011001100110011000110000001111101000,1.0937454923976588,9.42270980422731,0.9177041,10000000011001100110011000110000001111100000,10000001011000111010000111110000001011101000,24.0
25,10000000011010010010000111110001011100110111,0.32083995839117563,-2.8415925125104167,0.9157637,10000000011010010010000111110001011100110111,10000000011001100110000111110010010100100010,24.0
25,10000000011001100110000111110010010100100010,0.3124476224059123,-2.671695392536023,0.8050495,10000000011010010010000111110001011100110111,10000000011001100110000111110010010100100010,24.0
25,10000000011001100100000111110010010100100010,0.3120661525884003,-2.671695392536023,0.8050154,10000001000000011010000111110000000111100010,10000000011001100110000111110010010100100010,24.0
25,10000001000000011010100111110000000111100010,0.7863285032101857,-3.1019933466895395,0.9865636,10000001000000011010000111110000000111100010,10000000011001100110000111110010010100100010,24.0
25,10000001011001011110000111110001011100110111,1.092171929400422,-2.8415925125104167,0.9815877,10000001011001011110010111110000000110111010,10000000011010010010000111110001011100110111,24.0
25,10000000011010010010010111110000000110111010,0.3208876421183646,-3.1039006957770994,0.9899646,10000001011001011110010111110000000110111010,10000000011010010010000111110001011100110111,24.0
25,10000000111010100110000111010000011110111000,0.7152797496985812,-9.280755348385654,0.9120012,10000000111010100110000111010000011110111000,10000000011010010010000111110000001100100110,24.0
25,10000000011010010010000111110000001100100110,0.32083995839117563,-3.0865438190803047,0.9890604,10000000111010100110000111010000011110111000,10000000011010010010000111110000001100100110,24.0
25,11000000111010111011000111110000010110011010,50.71929710371424,-3.056598438405615,0.517967,11000000111010111011000111110000011111100110,10000000111010100010100111110000010110011010,24.0
25,10000000111010100010100111010000011111100110,0.7146121775179353,-9.27856189693496,0.911591,11000000111010111011000111110000011111100110,10000000111010100010100111110000010110011010,24.0
25,10000001011000110010000111110000011000101111,1.0837795934151586,-3.0494935630544546,0.98092,10000001011000110010000111110000011000101111,01111110111000111000000111110000001110101100,24.0
25,01111110111000111000000111110000001110101100,-0.8682014627936923,-3.0801541996369792,0.9865552,10000001011000110010000111110000011000101111,01111110111000111000000111110000001110101100,24.0
25,10000001011001110010000111010000010111100000,1.0959866275755417,-9.30326206761886,0.919821,10000001011001110010000111010000001110111100,10000000000001101110010111110000010111100000,24.0
25,10000000000001101110010111110000001110111100,0.021052365553941854,-3.0793912600019553,0.9868671,10000001011001110010000111010000001110111100,10000000000001101110010111110000010111100000,24.0
25,10001011011001000110000111111110010100101011,8.900096154235882,-0.3275156801976351,0.718268,10001011011001000110000111111110010101101010,10000001011110000010000111110000010110101011,24.0
25,10000001011110000010000111110000010111101010,1.1478665227571838,-3.0527837402304954,0.9755314,10001011011001000110000111111110010101101010,10000001011110000010000111110000010110101011,24.0
25,10000000011010010010000111110001011100110010,0.32083995839117563,-2.8418309311463616,0.9158871,10000000011010010010000111110001011100110111,10000000000001101110000111010000110100100010,24.0
25,10000000000001101110010111010000110100100111,0.021052365553941854,-9.21442728386576,0.887768,10000000011010010010000111110001011100110111,10000000000001101110000111010000110100100010,24.0
25,10000110111000111010000111101110010101101111,5.382181497140294,-3.449273931807028,0.9505033,10000110111000111010000111101110010101101010,10000001011000110010000111110000011000101111,24.0
25,10000001011000110010000111110000011000101010,1.0837795934151586,-3.0497319816903996,0.9808771,10000110111000111010000111101110010101101010,10000001011000110010000111110000011000101111,24.0
25,10000000101011100010100111110000010110111110,0.5315066651121754,-3.054881824226811,0.9888885,10000000101010100010100111110000010110111110,10000000011001100000011000010000010110111110,24.0
25,10000000011001100000011000010000010110111110,0.31135089668056537,3.1951196658896635,0.98524,10000000101010100010100111110000010110111110,10000000011001100000011000010000010110111110,24.0
25,10000000010010110010000111110000011111100111,0.22928720218830279,-3.0285127230912963,0.9802368,10000000010010110010000111110000011000101111,10000000011001100000011001110000011111100111,24.0
25,10000000011001100000011001110000011000101111,0.31135089668056537,21.950512397411444,0.727005,10000000010010110010000111110000011000101111,10000000011001100000011001110000011111100111,24.0
25,00000000101000110110000111110000110111101000,-99.50141894851183,-2.955222834401809,0.4983619,01111110111000111000000111110000001110101100,10000000101000110110000111110000110111101000,24.0
25,11111110111000111000000111110000001110101100,99.13182237906989,-3.0801541996369792,0.4961459,01111110111000111000000111110000001110101100,10000000101000110110000111110000110111101000,24.0
25,10000001000000011010000111110000011000101111,0.7862331357558077,-3.0494935630544546,0.990171,10000001000000011010000111110000000111100010,10000001011000110010000111110000011000101111,24.0
25,10000001011000110010000111110000000111100010,1.0837795934151586,-3.1019933466895395,0.9691428,10000001000000011010000111110000000111100010,10000001011000110010000111110000011000101111,24.0
25,10000000010010110010000111110000001000101001,0.22928720218830279,-3.098607802059121,0.9893161,10000000010010110010000111110000011000101111,01111110100000000010000111110000001000101001,24.0
25,01111110100000000010000111110000011000101111,-1.171469967715737,-3.0494935630544546,0.9742377,10000000010010110010000111110000011000101111,01111110100000000010000111110000001000101001,24.0
25,10000000010011110010000111110000011000101111,0.24149423634868583,-3.0494935630544546,0.9840981,10000000010000111010000111110000001110101110,10000000010010110010000111110000011000101111,24.0
25,10000000010000111010000111110000001110101110,0.20639901313758457,-3.0800588321826012,0.9876801,10000000010000111010000111110000001110101110,10000000010010110010000111110000011000101111,24.0
25,10001111011001000110000111101110010100111010,12.025096899294113,-3.4518011693480446,0.8715086,10001111011001000110000111101110010101101010,10001111011001000010000111110010110100111010,24.0
25,10001111011001000010000111110010110101101010,12.024333959659089,-2.5706058908953366,0.823476,10001111011001000110000111101110010101101010,10001111011001000010000111110010110100111010,24.0
25,01111110111000111010000111110000010100101101,-0.8678199929761803,-3.0617959646692157,0.9883925,01111110111000111010000111110000001000011110,01111110111001101110000111110000010100101101,24.0
25,01111110111001101110000111110000001000011110,-0.8579017777208691,-3.0991323230581997,0.9844498,01111110111000111010000111110000001000011110,01111110111001101110000111110000010100101101,24.0
25,10000000010010110010000111010000011000101111,0.22928720218830279,-9.29949505317093,0.910891,10000000010010110010000111110000011000101111,10000000001000110010000111110000011110101111,24.0
25,10000000001000110010000111110000010110101111,0.10721686058445812,-3.055597080134646,0.9838528,10000000010010110010000111110000011000101111,10000000001000110010000111110000011110101111,24.0
25,10000001011001011110010111110000000110111010,1.092219613127611,-3.1039006957770994,0.967816,10000000010010110010000111110000011000101111,10000001011001011110010111110000000110111010,24.0
25,10000000110010110010000111110000011000101111,0.6199122953205745,-3.0494935630544546,0.9895885,10000000010010110010000111110000011000101111,10000001011001011110010111110000000110111010,24.0
25,01111000011000000110011000010000010110111000,-5.955816735223948,3.1948335635265295,0.7656759,01111000011000000110011000010000010110111000,10000000100000010010000111110000000110101100,24.0
25,10000000100000110010000111110001000110101100,0.40018568043367964,-2.9092557213916166,0.9507751,01111000011000000110011000010000010110111000,10000000100000010010000111110000000110101100,24.0
25,10000000111010111011000111110000011111100111,0.7192851827824569,-3.0285127230912963,0.9896344,10000000111010111011000111110000011111100111,10000000111010100010100111110000010110011111,24.0
25,10000000111010100010100111110000010110011111,0.7146121775179353,-3.05636001976967,0.990284,10000000111010111011000111110000011111100111,10000000111010100010100111110000010110011111,24.0
26,10000000010010110010010111110000000110101101,0.22933488591549178,-3.1045205842305563,0.9896456,10000000010010110010010111110000000110101101,10000000111010100010100111110000010110011111,25.0
26,10000000111010100010100111110000010110011111,0.7146121775179353,-3.05636001976967,0.990284,10000000010010110010010111110000000110101101,10000000111010100010100111110000010110011111,25.0
26,10000000011001100110000111110010010100110010,0.3124476224059123,-2.670932452900999,0.804465,10000000011001100110000111110010010100110010,10000000111010100010100111110000010110011111,25.0
26,10000000111010100010100111110000010110011111,0.7146121775179353,-3.05636001976967,0.990284,10000000011001100110000111110010010100110010,10000000111010100010100111110000010110011111,25.0
26,10000000101011100010100111110000010110111110,0.5315066651121754,-3.054881824226811,0.9888885,10000000101011100010100111110000010110111110,10000001011000110010000111110000011000101111,25.0
26,10000001011000110010000111110000011000101111,1.0837795934151586,-3.0494935630544546,0.98092,10000000101011100010100111110000010110111110,10000001011000110010000111110000011000101111,25.0
26,10000000111010100010100111110000010110011111,0.7146121775179353,-3.05636001976967,0.990284,10000000111010100010100111110000010110011111,01111110111000111000000111110000001110101100,25.0
26,01111110111000111000000111110000001110101100,-0.8682014627936923,-3.0801541996369792,0.9865552,10000000111010100010100111110000010110011111,01111110111000111000000111110000001110101100,25.0
26,10000000000001101110010111110010001110101111,0.021052365553941854,-2.6893860553231406,0.8047142,10000000000001101110010111110000001110111100,10000001000000011010000111110000011000101111,25.0
26,10000001000100011010000111110000011000111100,0.8350612723973398,-3.0488736746009977,0.9897794,10000000000001101110010111110000001110111100,10000001000000011010000111110000011000101111,25.0
26,10000000100000110010000111110001001110101100,0.40018568043367964,-2.8848416530708505,0.9409018,10000000101000110110000111110000110111101000,10000000100000110010000111110001000110101100,25.0
26,10000000101000110110000111110000110111101000,0.49860489335176794,-2.955222834401809,0.9707411,10000000101000110110000111110000110111101000,10000000100000110010000111110001000110101100,25.0
26,10000000011010010010000111010000011111100110,0.32083995839117563,-9.27856189693496,0.907132,10000000011010010010000111110000001100100110,10000000111010100010100111010000011111100110,25.0
26,10000000111010100010100111110000001100100110,0.7146121775179353,-3.0865438190803047,0.9894185,10000000011010010010000111110000001100100110,10000000111010100010100111010000011111100110,25.0
26,10000000111010100010100111110000010111101000,0.7146121775179353,-3.0528791076848734,0.9902748,10000000111010100010100111110000010111101000,10000000000001101110000111110000011000101111,25.0
26,10000000000001101110000111110000011000101111,0.021004681826752858,-3.0494935630544546,0.9825382,10000000111010100010100111110000010111101000,10000000000001101110000111110000011000101111,25.0
26,01111110100000000010000111110000011000101111,-1.171469967715737,-3.0494935630544546,0.9742377,01111110100000000010000111110000011000101111,10000000011010010010000111110001011100110111,25.0
26,10010000011010010010000111110001011100110111,12.820842938624125,-2.8415925125104167,0.654795,01111110100000000010000111110000011000101111,10000000011010010010000111110001011100110111,25.0
26,10000001011000110010010111110000001110101110,1.0838272771423476,-3.0800588321826012,0.9746278,10000001011000110010010111110000001110101110,10000000111010111010000111110000001110101100,25.0
26,10000000111010111010000111110000000110101100,0.7190944478737009,-3.1045682679577453,0.9879993,10000001011000110010010111110000001110101110,10000000111010111010000111110000001110101100,25.0
26,10001111011001000010000111110010100110101100,12.024333959659089,-2.616286901542395,0.8270217,10001111011001000010000111110010110101101010,10000000100000110010000111110001000110101100,25.0
26,10000000100000110010000111110001010101101010,0.40018568043367964,-2.863574710744544,0.9314558,10001111011001000010000111110010110101101010,10000000100000110010000111110001000110101100,25.0
26,10000000000000010110000111110000010111100010,0.00422000985622617,-3.0531652100480073,0.9831518,10000000000000010110000111110000010100101101,10000001011000110010000111110000000111100010,25.0
26,10000001011000110010000111110000000100101111,1.0837795934151586,-3.11052873385637,0.9667884,10000000000000010110000111110000010100101101,10000001011000110010000111110000000111100010,25.0
26,10000000110010110010000111100000011000101111,0.6199122953205745,-6.174494308112699,0.9580274,10000000110010110010000111110000011000101111,01111110100000000010000111110000011000101111,25.0
26,01110110100000000010000111110000011000101111,-7.421471457832212,-3.0494935630544546,0.0837981,10000000110010110010000111110000011000101111,01111110100000000010000111110000011000101111,25.0
26,10100001011010110010000111110001011001101000,26.108199622201823,-2.851463044038539,0.3884503,10000001011010110010000111110001011001101000,10000000000001101110000111110000011000101111,25.0
26,10000000000001101110000111110000011000101111,0.021004681826752858,-3.0494935630544546,0.9825382,10000001011010110010000111110001011001101000,10000000000001101110000111110000011000101111,25.0
26,10000001011000111010000111110000000110111010,1.0853054726852065,-3.1039006957770994,0.9684821,10000001011000111010000111110000001000101110,10000000011010010010010111110000000110111010,25.0
26,10000000011010010010010111110000001000101110,0.3208876421183646,-3.098369383423176,0.98974,10000001011000111010000111110000001000101110,10000000011010010010010111110000000110111010,25.0
26,10000000111010100010100111110000010110011111,0.7146121775179353,-3.05636001976967,0.990284,10000000011010010010000111110001011100110111,10000000111010100010100111110000010110011111,25.0
26,10000000011010010010000111110001011100110111,0.32083995839117563,-2.8415925125104167,0.9157637,10000000011010010010000111110001011100110111,10000000111010100010100111110000010110011111,25.0
26,11000000111010111011000111110000010110011010,50.71929710371424,-3.056598438405615,0.517967,11000000111010111011000111110000010110011010,10000000011010010010000111110001011100110111,25.0
26,10000000011010010010000111110001011100110111,0.32083995839117563,-2.8415925125104167,0.9157637,11000000111010111011000111110000010110011010,10000000011010010010000111110001011100110111,25.0
26,10000001011001011110010111110001011100101000,1.092219613127611,-2.8423077684182516,0.9817133,10000001011001011110000111110001011100110111,10000000101000110110000111110000110111101000,25.0
26,10000000101000110110000111110000110111110111,0.49860489335176794,-2.954507578493974,0.970547,10000001011001011110000111110001011100110111,10000000101000110110000111110000110111101000,25.0
26,10001011011001000110000111111110010100101011,8.900096154235882,-0.3275156801976351,0.718268,10001011011001000110000111111110010100101011,10000001000000011010000111110000011000101111,25.0
26,10000001000000011010000111110000011000101111,0.7862331357558077,-3.0494935630544546,0.990171,10001011011001000110000111111110010100101011,10000001000000011010000111110000011000101111,25.0
26,10000000100000010010000111110000000110111010,0.3940821633534881,-3.1039006957770994,0.9901924,10000000011010010010000111110001011100110010,10000000100000010010000111110000001110111010,25.0
26,10000000011010010010000111110001011100110010,0.32083995839117563,-2.8418309311463616,0.9158871,10000000011010010010000111110001011100110010,10000000100000010010000111110000001110111010,25.0
26,10000000100000110010000111110000000110101101,0.40018568043367964,-3.1045205842305563,0.9902168,10000000100000110010000111110001000110101100,10000000010010110010010111110000000110101101,25.0
26,10000000010010110010010111110001000110101100,0.22933488591549178,-2.9092557213916166,0.9433713,10000000100000110010000111110001000110101100,10000000010010110010010111110000000110101101,25.0
26,10000000111010100010100111110000011000101111,0.7146121775179353,-3.0494935630544546,0.9902441,10000000111010100010100111010000010110101101,10000001011000110010000111110000011000101111,25.0
26,10000001011000110010000111010000010110101101,1.0837795934151586,-9.305693937705499,0.9199017,10000000111010100010100111010000010110101101,10000001011000110010000111110000011000101111,25.0
26,10000000011010100110100111110001000111101000,0.3247500240206733,-2.906394697760277,0.9459383,10000000011010100110100111110001000111101000,10000000111010100010100111110000010110011111,25.0
26,10000000111010100010100111110000010110011111,0.7146121775179353,-3.05636001976967,0.990284,10000000011010100110100111110001000111101000,10000000111010100010100111110000010110011111,25.0
26,10000000010000111010100111110000110110111010,0.20649438059196257,-2.957416285852503,0.9608684,10000000010000111010000111110000001110101110,10000001111010111010000110010000110110111010,25.0
26,10000001111010111010000110010000001110101110,1.5003446341382585,-21.830063302532025,0.7231689,10000000010000111010000111110000001110101110,10000001111010111010000110010000110110111010,25.0
26,10000000000001101110000111110000011000101111,0.021004681826752858,-3.0494935630544546,0.9825382,10000000000001101110000111110000011000101111,10000001011000110010000111110000011000101111,25.0
26,10000001011000110010000111110000011000101111,1.0837795934151586,-3.0494935630544546,0.98092,10000000000001101110000111110000011000101111,10000001011000110010000111110000011000101111,25.0
26,10000110111001000110000111111110010101101010,5.384470316045366,-0.32451160538472834,0.4029233,10000000000001101110010111110000001110111100,10000110111001000110000111111110010101101010,25.0
26,10000001000001101110010111110000001110111110,0.8023025518184994,-3.0792958925475773,0.9884189,10000000000001101110010111110000001110111100,10000110111001000110000111111110010101101010,25.0
26,10000000011001100000011000011000011001101000,0.31135089668056537,4.765726272040908,0.0259006,10000000011001100000011000010000011001101000,10001011011001000110000111111110010100101011,25.0
26,10001001011001000110000111111110010100101011,7.337595781706753,-0.3275156801976351,0.2637153,10000000011001100000011000010000011001101000,10001011011001000110000111111110010100101011,25.0
26,10000001000000011010000111110000011000101111,0.7862331357558077,-3.0494935630544546,0.990171,10000001000000011010000111110000011000101111,10000000011010100110100111110001001111101000,25.0
26,10000000011010100110100111110001001111101000,0.3247500240206733,-2.8819806294395107,0.9355047,10000001000000011010000111110000011000101111,10000000011010100110100111110001001111101000,25.0
26,10000000011010010010000111110001011100110111,0.32083995839117563,-2.8415925125104167,0.9157637,10000000011010010010000111110001011100110111,01111110111000111010000111110000010100101101,25.0
26,01111110111000111010000111110000010100101101,-0.8678199929761803,-3.0617959646692157,0.9883925,10000000011010010010000111110001011100110111,01111110111000111010000111110000010100101101,25.0
26,10000000110001101111111000110000011010101000,0.6072761076154904,9.456279148168363,0.9188157,10000000110001101111111000110000001010101000,10000000101000110110000111110000110111101000,25.0
26,10000000101000110111000111110000110111101000,0.4987956282605239,-2.955222834401809,0.9707498,10000000110001101111111000110000001010101000,10000000101000110110000111110000110111101000,25.0
26,10001011011000111010000111101110000101101010,8.89780733533081,-3.498340487084505,0.9043113,10001011011000111010000111101110010101101010,01111110111000111110000111101110000101101010,25.0
26,01111110111000111110000111101110010101101010,-0.8670570533411563,-3.4495123504429728,0.8289003,10001011011000111010000111101110010101101010,01111110111000111110000111101110000101101010,25.0
26,10000001011001011110000111110001011100101111,1.092171929400422,-2.8419739823279286,0.9816531,10000001011001011110000111110001011100110111,10000000000001101110000111110000011000101111,25.0
26,10000000000001101110000111110010011000110111,0.021004681826752858,-2.658487000104671,0.7803023,10000001011001011110000111110001011100110111,10000000000001101110000111110000011000101111,25.0
26,10000111011000011010000111110000101000111010,5.7667030731923745,-3.0001409054138435,0.9175089,10000111011000011010000111110000001000111010,10000000010010110010000111110000001000101001,25.0
26,10000000010010110010000111110000001000101001,0.22928720218830279,-3.098607802059121,0.9893161,10000111011000011010000111110000001000111010,10000000010010110010000111110000001000101001,25.0
26,10000000111010100010100111010001011111100110,0.7146121775179353,-9.083249350368817,0.8452213,10000000111010100010100111010000011111100110,10000000010000111010000111110001010100100010,25.0
26,10000000010000111010000111110001010100100010,0.20639901313758457,-2.8670079391021517,0.9232816,10000000111010100010100111010000011111100110,10000000010000111010000111110001010100100010,25.0
26,10000100011001100110011000110000001111101000,3.4374960511913457,9.42270980422731,0.6454311,10000100011001100110011000110000001111101000,10000000111000110110000111110001111111101000,25.0
26,10000000111000110110000111110001111111101000,0.6939174399179109,-2.7354962195149,0.8950553,10000100011001100110011000110000001111101000,10000000111000110110000111110001111111101000,25.0
26,10000000101000110110000111110000110110011111,0.49860489335176794,-2.9587037464866057,0.9716723,10000000101000110110000111110000110110011111,10000000101000110110000111110000110111101000,25.0
26,10000000101000110110000111110000110111101000,0.49860489335176794,-2.955222834401809,0.9707411,10000000101000110110000111110000110110011111,10000000101000110110000111110000110111101000,25.0
26,10000001011000111010000111110000001110111010,1.0853054726852065,-3.0794866274563333,0.9746397,10000001011000111010000111110000001000101110,10000000100000010010000111110000001110111010,25.0
26,10000000100000010010000111110000001000101110,0.3940821633534881,-3.098369383423176,0.9900587,10000001011000111010000111110000001000101110,10000000100000010010000111110000001110111010,25.0
26,10000000010010110010000111110000011111101110,0.22928720218830279,-3.0281789370009733,0.9801709,10000000010010110010000111110000011111100111,10000001011000111010000111110000001000101110,25.0
26,10000001011000111010000111110000001000101111,1.0853054726852065,-3.098321699695987,0.9699776,10000000010010110010000111110000011111100111,10000001011000111010000111110000001000101110,25.0
26,10000001000000011010000111110000001000101001,0.7862331357558077,-3.098607802059121,0.9869515,10000001000000011010100111110000000111100010,10000000010010110010000111110000001000101001,25.0
26,10010000010010110010100111110000000111100010,12.72938554987563,-3.1019933466895395,0.6745378,10000001000000011010100111110000000111100010,10000000010010110010000111110000001000101001,25.0
26,10000000110001101111111000110000001010101000,0.6072761076154904,9.407451011526831,0.9217105,10000000110001101111111000110000001010101000,10000000111000110110000111110001110111101000,25.0
26,10000000111000110110000111110001110111101000,0.6939174399179109,-2.759910287835666,0.908392,10000000110001101111111000110000001010101000,10000000111000110110000111110001110111101000,25.0
26,10000001011110110010010111110000000110101101,1.15706948210466,-3.1045205842305563,0.9606916,10000001011110000010000111110000010111101010,10000000010010110010010111110000000110101101,25.0
26,10000000010000000010000111110000010111101010,0.1957178582472494,-3.0527837402304954,0.9840998,10000001011110000010000111110000010111101010,10000000010010110010010111110000000110101101,25.0
26,11111110100000000010000111110000000110101101,98.82855387414787,-3.1045205842305563,0.4957538,01111110100000000010000111110000000110101101,11111110111000111000000111110000001110101100,25.0
26,11111100111000111000000111110000001110101100,97.56932200654077,-3.0801541996369792,0.5040469,01111110100000000010000111110000000110101101,11111110111000111000000111110000001110101100,25.0
26,10000000011010010010000111110001011100110010,0.32083995839117563,-2.8418309311463616,0.9158871,10000000011010010010000111110001011100110010,01111110111000111000000111110000001110101100,25.0
26,01111110111000111000000111110000001110101100,-0.8682014627936923,-3.0801541996369792,0.9865552,10000000011010010010000111110001011100110010,01111110111000111000000111110000001110101100,25.0
26,10000000111000110110000111110001110111101000,0.6939174399179109,-2.759910287835666,0.908392,10000000011010100110100111110001001111101000,10000000111000110110000111110001110111101000,25.0
26,10000000011010100110100111110001001111101000,0.3247500240206733,-2.8819806294395107,0.9355047,10000000011010100110100111110001001111101000,10000000111000110110000111110001110111101000,25.0
26,10000000011000111010000111110000001011101000,0.30405528642064894,-3.0895002101660225,0.9891456,10000000011000111010000111110000001011101000,10000001011000110010000111110000000111100010,25.0
26,10000001011000111010000111110000000111100010,1.0853054726852065,-3.1019933466895395,0.9689992,10000000011000111010000111110000001011101000,10000001011000110010000111110000000111100010,25.0
26,10000000111010010010001111110001011100110111,0.7114650515234615,97.15843132935316,0.5041171,10000000111010100110000111010000011110111000,00000000011010010010001111110001011100110111,25.0
26,00000000011010100110000111010000011110111000,-99.6753691852973,-9.280755348385654,0.50272,10000000111010100110000111010000011110111000,00000000011010010010001111110001011100110111,25.0
26,10000000111000110110000111110001111111101000,0.6939174399179109,-2.7354962195149,0.8950553,10000000111000110110000111110001111111101000,10000001011000111010000111110000001000101110,25.0
26,10000001011000111010000111110000001000101111,1.0853054726852065,-3.098321699695987,0.9699776,10000000111000110110000111110001111111101000,10000001011000111010000111110000001000101110,25.0
26,10000001011001100010000111110000000110111010,1.092934869035446,-3.1039006957770994,0.9677463,10000001011001110010000111110001001110101110,10000000111010100010000111110000000110111010,25.0
26,10010000111010110010000111110001001110101110,13.217571548836602,-2.8847462856164725,0.376196,10000001011001110010000111110001001110101110,10000000111010100010000111110000000110111010,25.0
26,10001011011001000110100111110000000111100010,8.90019152169026,-3.1019933466895395,0.9217402,10001011011001000110000111111110010100101011,10000001000000011010100111110000000111100010,25.0
26,10000001000000011010000111111110010100101011,0.7862331357558077,-0.3275156801976351,0.4339671,10001011011001000110000111111110010100101011,10000001000000011010100111110000000111100010,25.0
26,01111110111001101010100111010000010110111110,-0.858569349901515,-9.304883314343286,0.9174671,01111110111001101110000111110000001000011110,10000000100000011010100111010000010110111110,25.0
26,10000000100000011110000111110000001000011110,0.39637098225855993,-3.0991323230581997,0.9900887,01111110111001101110000111110000001000011110,10000000100000011010100111010000010110111110,25.0
27,10000001011001100010000111110000000110111010,1.092934869035446,-3.1039006957770994,0.9677463,10000001011001100010000111110000000110111010,10001011011001000110000111111110010100101011,26.0
27,10001011011001000110000111111110010100101011,8.900096154235882,-0.3275156801976351,0.718268,10000001011001100010000111110000000110111010,10001011011001000110000111111110010100101011,26.0
27,10000001011000110010010111110000001110101110,1.0838272771423476,-3.0800588321826012,0.9746278,10000001011000110010010111110000001110101110,10000000111010100010100111110000001100100110,26.0
27,10000000111010100010100111110000001100100110,0.7146121775179353,-3.0865438190803047,0.9894185,10000001011000110010010111110000001110101110,10000000111010100010100111110000001100100110,26.0
27,10000000111000110110000111110000110111110111,0.6939174399179109,-2.954507578493974,0.9797816,10000000111000110110000111110001111111101000,10000000101000110110000111110000110111110111,26.0
27,10000000101000110110000111110001111111101000,0.49860489335176794,-2.7354962195149,0.8694895,10000000111000110110000111110001111111101000,10000000101000110110000111110000110111110111,26.0
27,10000001011000111010000111110001011100110010,1.0853054726852065,-2.8418309311463616,0.9811716,10000001011000111010000111110000001110111010,10000000011010010010000111110001011100110010,26.0
27,10000000011010010010000101110000001110111010,0.32083995839117563,-28.079492587922232,0.6448,10000001011000111010000111110000001110111010,10000000011010010010000111110001011100110010,26.0
27,10000001001000110010000111110000011000101111,0.8884670468490299,-3.0494935630544546,0.9888827,10000001011000110010000111110000011000101111,10000000111010100010100111110000011000101111,26.0
27,10000000111010100010100111110000011000101111,0.7146121775179353,-3.0494935630544546,0.9902441,10000001011000110010000111110000011000101111,10000000111010100010100111110000011000101111,26.0
27,10100001011010100010100111110000001100100110,26.105243231116106,-3.0865438190803047,0.3823719,10100001011010110010000111110001011001101000,10000000111010100010100111110000001100100110,26.0
27,10000000111010110010000111110001011001101000,0.717568568603653,-2.851463044038539,0.952198,10100001011010110010000111110001011001101000,10000000111010100010100111110000001100100110,26.0
27,10000000010000111010100101110000110110111010,0.20649438059196257,-27.9574222463184,0.6270624,10000000010000111010100111110000110110111010,10000001011000111010000111110000001000101111,26.0
27,10000001011000111010000111110000001000101111,1.0853054726852065,-3.098321699695987,0.9699776,10000000010000111010100111110000110110111010,10000001011000111010000111110000001000101111,26.0
27,10000000100000011111000111110000001000011110,0.3965617171673159,-3.0991323230581997,0.9900894,10000000000001101110000111110000011000101111,10000000100000011110000111110000001000011110,26.0
27,10000000000001101110000111110000011000101111,0.021004681826752858,-3.0494935630544546,0.9825382,10000000000001101110000111110000011000101111,10000000100000011110000111110000001000011110,26.0
27,10000000011010110010010111110101000110101100,0.32699115919855615,-2.128005535127059,0.3041556,10000000010010110010010111110001000110101100,10000000111000110110000111110001111111101000,26.0
27,10000010111000110110000111110001111111001000,2.256417812447026,-2.737022098784948,0.8357969,10000000010010110010010111110001000110101100,10000000111000110110000111110001111111101000,26.0
27,10000000111010100010100111110000000100101111,0.7146121775179353,-3.11052873385637,0.9875228,10000000111010100010100111010001011111100110,10000001011000110010000111110000000100101111,26.0
27,10000001011000110010000111010001011111100110,1.0837795934151586,-9.083249350368817,0.8620351,10000000111010100010100111010001011111100110,10000001011000110010000111110000000100101111,26.0
27,10000000101000110110000111110000000110101101,0.49860489335176794,-3.1045205842305563,0.9902508,10000000101000110110000111110000110110011111,10000001011110110010010111110000000110101101,26.0
27,10000001011110110010010111110000110110011111,1.15706948210466,-2.9587037464866057,0.9888362,10000000101000110110000111110000110110011111,10000001011110110010010111110000000110101101,26.0
27,10000000111010100010100111110000000110101100,0.7146121775179353,-3.1045682679577453,0.9880936,10000000111010100010100111110000010110011111,10000000010010110010010111110001000110101100,26.0
27,10000000010010110010010111110001010110011111,0.22933488591549178,-2.861047473203527,0.9211811,10000000111010100010100111110000010110011111,10000000010010110010010111110001000110101100,26.0
27,10000001011001011110010111110001011101110111,1.092219613127611,-2.838540753970321,0.9810587,10000001011001011110010111110001011100101000,10000000101000110110000111110000110111110111,26.0
27,10000000101000110110000111110000110110101000,0.49860489335176794,-2.9582745929419048,0.9715587,10000001011001011110010111110001011100101000,10000000101000110110000111110000110111110111,26.0
27,10000001011001011110010111110001011100101000,1.092219613127611,-2.8423077684182516,0.9817133,10000000011010010010000111110001011100110010,10000001011001011110010111110001011100101000,26.0
27,10000000011010010010000111110001011100110010,0.32083995839117563,-2.8418309311463616,0.9158871,10000000011010010010000111110001011100110010,10000001011001011110010111110001011100101000,26.0
27,10000000111010111010000111110000001110111110,0.7190944478737009,-3.0792958925475773,0.9897348,10000000111010111010000111110000000110101100,10000001000001101110010111110000001110111110,26.0
27,10000001000001101110010111110000000110101100,0.8023025518184994,-3.1045682679577453,0.9857448,10000000111010111010000111110000000110101100,10000001000001101110010111110000001110111110,26.0
27,10000000010010110010000111110000000100101111,0.22928720218830279,-3.11052873385637,0.9899102,10000000010010110010000111110000011111101110,10000001011000110010000111110000000100101111,26.0
27,10000001011000110010000111110000011111101110,1.0837795934151586,-3.0281789370009733,0.9843597,10000000010010110010000111110000011111101110,10000001011000110010000111110000000100101111,26.0
27,10000000010000000010000111110000010111101010,0.1957178582472494,-3.0527837402304954,0.9840998,10000000000000010110000111110000010111100010,10000000010000000010000111110000010111101010,26.0
27,10000000000000010110000111110000010111100010,0.00422000985622617,-3.0531652100480073,0.9831518,10000000000000010110000111110000010111100010,10000000010000000010000111110000010111101010,26.0
27,10000001000000011010000111110000011011100010,0.7862331357558077,-3.0409581758876243,0.9902781,10000001000000011010000111110000011000101111,10000000000000010110000111110000010111100010,26.0
27,10000000000000010110000111010000010100101111,0.00422000985622617,-9.311702087331312,0.9126128,10000001000000011010000111110000011000101111,10000000000000010110000111110000010111100010,26.0
27,10000001011001011110010111110000010111100010,1.092219613127611,-3.0531652100480073,0.9796822,10000001011001011110010111110001011100101000,10000000000000010110000111110000010111100010,26.0
27,10000000000000010110000111110001011100101000,0.00422000985622617,-2.8423077684182516,0.9064787,10000001011001011110010111110001011100101000,10000000000000010110000111110000010111100010,26.0
27,10000000011010010010000111110001011100110111,0.32083995839117563,-2.8415925125104167,0.9157637,10000000011010010010000111110001011100110111,10000001011001011110010111110001011100101000,26.0
27,10000001011001011110010111110001011100101000,1.092219613127611,-2.8423077684182516,0.9817133,10000000011010010010000111110001011100110111,10000001011001011110010111110001011100101000,26.0
27,10000001000000011010000111110000101000111010,0.7862331357558077,-3.0001409054138435,0.9889382,10000001000000011010000111110000011000101111,10000111011000011010000111110000101000111010,26.0
27,10000111011000011010000111110000011000101111,5.7667030731923745,-3.0494935630544546,0.9079557,10000001000000011010000111110000011000101111,10000111011000011010000111110000101000111010,26.0
27,10000001011000000010000111110000011000101111,1.0746243177948713,-3.0494935630544546,0.9814934,10000001011000111010000111110000001110111010,01111110100000000010000111110000011000101111,26.0
27,01111110100000111010000111110000001110111010,-1.1607888128254018,-3.0794866274563333,0.9676586,10000001011000111010000111110000001110111010,01111110100000000010000111110000011000101111,26.0
27,10000000100000110010000111110001011100110111,0.40018568043367964,-2.8415925125104167,0.9208835,10000000100000010010000111110000000110111010,10010000011010010010000111110001011100110111,26.0
27,10010000011010010010000111110000000110111010,12.820842938624125,-3.1039006957770994,0.6144941,10000000100000010010000111110000000110111010,10010000011010010010000111110001011100110111,26.0
27,10000000110001101111111000110000011000101111,0.6072761076154904,9.450509417178495,0.9193654,10000000110001101111111000110000011010101000,10000001000000011010000111110000011000101111,26.0
27,10000001000000011010000111110000011010101000,0.7862331357558077,-3.043723832064586,0.9902581,10000000110001101111111000110000011010101000,10000001000000011010000111110000011000101111,26.0
27,10000000111010100010100111110000011011101000,0.7146121775179353,-3.0406720735244903,0.9900642,10000000111010100010100111110000011000101111,10000000101000110110000111110000110111101000,26.0
27,10000000101000110110000111110000110100101111,0.49860489335176794,-2.9640443239317733,0.9730576,10000000111010100010100111110000011000101111,10000000101000110110000111110000110111101000,26.0
27,10000000111010100010100111110000000110111010,0.7146121775179353,-3.1039006957770994,0.9881534,10000000111010100010100111010001011111100110,10000000100000010010000111110000000110111010,26.0
27,10000000100000010010000111010001011111100110,0.3940821633534881,-9.083249350368817,0.8354163,10000000111010100010100111010001011111100110,10000000100000010010000111110000000110111010,26.0
27,10000000101000110110000101110000110111110111,0.49860489335176794,-27.954513538959873,0.6272003,10000000101000110110000111110000110111110111,10000000100000011110000111110000001000011110,26.0
27,10000000100100011110000111110000001000011110,0.4451991189000921,-3.0991323230581997,0.9902283,10000000101000110110000111110000110111110111,10000000100000011110000111110000001000011110,26.0
27,10000000111010100010000111110001001110101100,0.7145168100635573,-2.8848416530708505,0.9632959,10000000111010100010100111110000001100100110,10000000100000110010000111110001001110101100,26.0
27,10000000100000110010100111110000001100100110,0.40028104788805763,-3.0865438190803047,0.9896158,10000000111010100010100111110000001100100110,10000000100000110010000111110001001110101100,26.0
27,10000000011010010010000111110000001110111111,0.32083995839117563,-3.0792482088203883,0.988506,10000000011010010010000111110001011100110010,10000001000001101110010111110000001110111110,26.0
27,10000001000001101110010111110001011100110010,0.8023025518184994,-2.8418309311463616,0.9568189,10000000011010010010000111110001011100110010,10000001000001101110010111110000001110111110,26.0
27,10000000000001101110000111110000011000100010,0.021004681826752858,-3.0501134515079116,0.9826455,10000000000001101110000111110000011000101111,10000000000000010110000111110000010111100010,26.0
27,10000000000000010110000111110000010111101111,0.00422000985622617,-3.0525453215945504,0.983048,10000000000001101110000111110000011000101111,10000000000000010110000111110000010111100010,26.0
27,10000000000000010110000111110000010010011111,0.00422000985622617,-3.068567053930053,0.9854912,10000000000000010110000111110000010111100010,10000000111010100010100111110000010110011111,26.0
27,10000000111010100010100111110000010111100010,0.7146121775179353,-3.0531652100480073,0.9902764,10000000000000010110000111110000010111100010,10000000111010100010100111110000010110011111,26.0
27,10000000011001100110000111110010010100110010,0.3124476224059123,-2.670932452900999,0.804465,10000000011001100110000111110010010100110010,10000000101000110110000111110000110110011111,26.0
27,10000000101100110110000111110000110110011111,0.5474330299933001,-2.9587037464866057,0.973882,10000000011001100110000111110010010100110010,10000000101000110110000111110000110110011111,26.0
27,10000000011010010010000111110001011100110111,0.32083995839117563,-2.8415925125104167,0.9157637,10000000000001101110010111110010001110101111,10000000011010010010000111110001011100110111,26.0
27,10000000000001101110010111110010001110101111,0.021052365553941854,-2.6893860553231406,0.8047142,10000000000001101110010111110010001110101111,10000000011010010010000111110001011100110111,26.0
27,10000000111000110110000111110001110111101000,0.6939174399179109,-2.759910287835666,0.908392,10000000111000110110000111110001110111101000,10000001000000011010000111110000011000101111,26.0
27,10000001000001011010000111110000011000101111,0.7984401699161907,-3.0494935630544546,0.9900971,10000000111000110110000111110001110111101000,10000001000000011010000111110000011000101111,26.0
27,10000000011010010010010111110000001000101110,0.3208876421183646,-3.098369383423176,0.98974,10000000101000110111000111110000110111101000,10000000011010010010010111110000001000101110,26.0
27,10000000101000110111000111110000110111101000,0.4987956282605239,-2.955222834401809,0.9707498,10000000101000110111000111110000110111101000,10000000011010010010010111110000001000101110,26.0
27,10000000100000010010000111110000000110111010,0.3940821633534881,-3.1039006957770994,0.9901924,10000000100000010010000111110000000110111010,10000000100000010010000111110000000110111010,26.0
27,10000000100000010010000111010000000110111010,0.3940821633534881,-9.353902185893574,0.9193539,10000000100000010010000111110000000110111010,10000000100000010010000111110000000110111010,26.0
27,01111110100000000010000111110001011100101000,-1.171469967715737,-2.8423077684182516,0.9862384,01111110100000000010000111110000011000101111,10000001011001011110010111110001011100101000,26.0
27,10000001011001011110010111110000011000101111,1.092219613127611,-3.0494935630544546,0.9803715,01111110100000000010000111110000011000101111,10000001011001011110010111110001011100101000,26.0
27,10000000101011100010100111110100010110111110,0.5315066651121754,-2.2736316379622536,0.4789723,10000000100000110010000111110001010101101010,10000000101011100010100111110000010110111110,26.0
27,10000000100000110010000111110001010101101110,0.40018568043367964,-2.863383975835788,0.9313676,10000000100000110010000111110001010101101010,10000000101011100010100111110000010110111110,26.0
27,10000000111010100010100111110000010111101000,0.7146121775179353,-3.0528791076848734,0.9902748,10000001011110110010010111110000000110101101,10000000111010100010100111110000010111101000,26.0
27,10000001011110110010010111110000000110101101,1.15706948210466,-3.1045205842305563,0.9606916,10000001011110110010010111110000000110101101,10000000111010100010100111110000010111101000,26.0
27,10000000111010100010100111111000010111101101,0.7146121775179353,-1.4901403165198133,0.0093656,10000000111010100010100111110000010111101000,01111110111000111010000111110000010100101101,26.0
27,01111110111000111010000111110000010100101000,-0.8678199929761803,-3.0620343833051606,0.9883727,10000000111010100010100111110000010111101000,01111110111000111010000111110000010100101101,26.0
27,10000000000001101110000111110010010101101010,0.021004681826752858,-2.668262164178415,0.7881471,10000000000001101110000111110010011000110111,10000000100000110010000111110001010101101010,26.0
27,10000000100000110010000111110001011000110111,0.40018568043367964,-2.8537995466707997,0.9268548,10000000000001101110000111110010011000110111,10000000100000110010000111110001010101101010,26.0
27,10000001011001011110000111110001011100101111,1.092171929400422,-2.8419739823279286,0.9816531,10000001011001011110000111110001011100101111,10000000011010100110100111110001001111101000,26.0
27,10000000010010100110100111110001001111101000,0.22709375073760896,-2.8819806294395107,0.9312275,10000001011001011110000111110001011100101111,10000000011010100110100111110001001111101000,26.0
27,10000001011001011110010111110001011100101000,1.092219613127611,-2.8423077684182516,0.9817133,10000001011001011110010111110001011100101000,10000000101000110110000111110000110111101000,26.0
27,10000000101000110110000111110000110111101000,0.49860489335176794,-2.955222834401809,0.9707411,10000001011001011110010111110001011100101000,10000000101000110110000111110000110111101000,26.0
27,10001000101000110110000111110000110111110111,6.748606383468243,-2.954507578493974,0.2471691,10000000101000110110000111110000110111110111,10000000011010100110100111110001001111101000,26.0
27,10000000011010100110100111110001001111101000,0.3247500240206733,-2.8819806294395107,0.9355047,10000000101000110110000111110000110111110111,10000000011010100110100111110001001111101000,26.0
27,10000000111010100010100111010001011111110111,0.7146121775179353,-9.082438727006604,0.844826,10000000111010100010100111010001011111100110,10000000011010010010000111110001011100110111,26.0
27,10000000011010010010000011110001011100100110,0.32083995839117563,-52.842415056804434,0.5149152,10000000111010100010100111010001011111100110,10000000011010010010000111110001011100110111,26.0
27,10000000011010100110100111110001000011101011,0.3247500240206733,-2.918458680739093,0.9507058,10000000011010100110100111110001000111101000,10000000101000110110000111110000110110011111,26.0
27,10000000101000110110000111110000110110011100,0.49860489335176794,-2.9588467976681727,0.9717101,10000000011010100110100111110001000111101000,10000000101000110110000111110000110110011111,26.0
27,10000000111000110110000111110001011100100111,0.6939174399179109,-2.8423554521454406,0.9464891,10000000111000110110000111110001111111101000,10000000111010010010001111110001011100110111,26.0
27,10000000111010010010001111110001111111101000,0.7114650515234615,97.26452762234871,0.5044332,10000000111000110110000111110001111111101000,10000000111010010010001111110001011100110111,26.0
27,10000000000001101110000111110000010100101101,0.021004681826752858,-3.0617959646692157,0.9845299,10000000000001101110000111110000011000101111,01111110111000111010000111110000010100101101,26.0
27,01111110110000111010000111110000011000101111,-0.9654762662592589,-3.0494935630544546,0.9867335,10000000000001101110000111110000011000101111,01111110111000111010000111110000010100101101,26.0
27,10000000111010100010100111110000010110011111,0.7146121775179353,-3.05636001976967,0.990284,10000000111010100010100111110000010110011111,10000000100000110010000111110001001110101100,26.0
27,10000000100000110010000111110001001110101100,0.40018568043367964,-2.8848416530708505,0.9409018,10000000111010100010100111110000010110011111,10000000100000110010000111110001001110101100,26.0
27,10000000111010100010100111110000010110011111,0.7146121775179353,-3.05636001976967,0.990284,10000000111010100010100111110000010110011111,10000000100000110010000111110001001110101100,26.0
27,10000001100000110010000111110001001110101100,1.1814358666982372,-2.8848416530708505,0.9898472,10000000111010100010100111110000010110011111,10000000100000110010000111110001001110101100,26.0
28,10000000111010100010100111110000010111100010,0.7146121775179353,-3.0531652100480073,0.9902764,10000000111010100010100111110000000100101111,10000000111010100010100111110000010111100010,27.0
28,10000000111010100010100111110000000100101111,0.7146121775179353,-3.11052873385637,0.9875228,10000000111010100010100111110000000100101111,10000000111010100010100111110000010111100010,27.0
28,10000000111010100010000111110001001110101100,0.7145168100635573,-2.8848416530708505,0.9632959,10000000111010100010000111110001001110101100,10000000111010100010100111110000000110101100,27.0
28,10000000111010100010100111110000000110101100,0.7146121775179353,-3.1045682679577453,0.9880936,10000000111010100010000111110001001110101100,10000000111010100010100111110000000110101100,27.0
28,10000000000000010110000111110000010010011111,0.00422000985622617,-3.068567053930053,0.9854912,10000000000000010110000111110000010010011111,10000000101000110110000111110000110100101111,27.0
28,10000000101000100110000111110000110100101111,0.4955531348116722,-2.9640443239317733,0.9729271,10000000000000010110000111110000010010011111,10000000101000110110000111110000110100101111,27.0
28,10000000101000110010000111110000011011101000,0.497841953716744,-3.0406720735244903,0.9870603,10000000101000110110000111110000110110011100,10000000111010100010100111110000011011101000,27.0
28,10000000111010100010100011110000110110011100,0.7146121775179353,-52.95885871859997,0.5218211,10000000101000110110000111110000110110011100,10000000111010100010100111110000011011101000,27.0
28,10010001010000011010000111110000101000111010,13.4815486625549,-3.0001409054138435,0.2196273,10000001000000011010000111110000101000111010,10000001000000011010000111110000101000111010,27.0
28,10000001000000011010000111110000101000111010,0.7862331357558077,-3.0001409054138435,0.9889382,10000001000000011010000111110000101000111010,10000001000000011010000111110000101000111010,27.0
28,10000000100000010110000111110000010111101111,0.39484510298851205,-3.0525453215945504,0.9866929,10000000100000010010000111110000000110111010,10000000000000010110000111110000010111101111,27.0
28,10000000000000000010000111110000000110111010,0.0004053116811064683,-3.1039006957770994,0.9891102,10000000100000010010000111110000000110111010,10000000000000010110000111110000010111101111,27.0
28,10000001011000111010000111110001011100110010,1.0853054726852065,-2.8418309311463616,0.9811716,10000001011000111010000111110001011100110010,10000001011110110010010111110000000110101101,27.0
28,10000001011110110010010111110010000110101101,1.15706948210466,-2.7138954910982847,0.9558663,10000001011000111010000111110001011100110010,10000001011110110010010111110000000110101101,27.0
28,10000000101000110110000111110000000110101101,0.49860489335176794,-3.1045205842305563,0.9902508,10000001000000011010000111110000011011100010,10000000101000110110000111110000000110101101,27.0
28,10000001000000011010000111110000011011100010,0.7862331357558077,-3.0409581758876243,0.9902781,10000001000000011010000111110000011011100010,10000000101000110110000111110000000110101101,27.0
28,10000000101000110110000111110000000110101101,0.49860489335176794,-3.1045205842305563,0.9902508,10000000101000110110000111110000110110101000,10000000101000110110000111110000000110101101,27.0
28,10000000101000110110000111110000110110101000,0.49860489335176794,-2.9582745929419048,0.9715587,10000000101000110110000111110000110110101000,10000000101000110110000111110000000110101101,27.0
28,01000000111010111010010111110000001110111110,-49.28086978933091,-3.0792958925475773,0.4913392,01111110110000111010000111110000011000101111,10000000111010111010000111110000001110111110,27.0
28,10111110110000111010000111110000011000001111,49.03453565467254,-3.0510194423245025,0.4723118,01111110110000111010000111110000011000101111,10000000111010111010000111110000001110111110,27.0
28,10000010111010010010001111110001111111100110,2.2739654240525766,97.26443225489433,0.504477,10000000111010010010001111110001111111101000,10100001011010100010100111110000001100100110,27.0
28,10100001011010100010100111110000001100101000,26.105243231116106,-3.0864484516259267,0.3823747,10000000111010010010001111110001111111101000,10100001011010100010100111110000001100100110,27.0
28,10000001011000111110010111110000010111100010,1.0861160960474194,-3.0531652100480073,0.9800939,10000001011000111010000111110001011100110010,10000000000000010110000111110000010111100010,27.0
28,10000000000000010010000111110001011100110010,0.0034570702212022297,-2.8418309311463616,0.9062158,10000001011000111010000111110001011100110010,10000000000000010110000111110000010111100010,27.0
28,01100000111010100010100111110000011011101000,-24.285393782947963,-3.0406720735244903,0.5493893,01111110110000111010000111110000011000101111,10000000111010100010100111110000011011101000,27.0
28,10011110110000111010000111110000011000101111,24.03452969420664,-3.0494935630544546,0.4527587,01111110110000111010000111110000011000101111,10000000111010100010100111110000011011101000,27.0
28,10000000111010100010100111110000000110101100,0.7146121775179353,-3.1045682679577453,0.9880936,10000000111010100010100111110000000110101100,10000000101000110110000111110000110110011100,27.0
28,10000000101000110110000111110000110110011100,0.49860489335176794,-2.9588467976681727,0.9717101,10000000111010100010100111110000000110101100,10000000101000110110000111110000110110011100,27.0
28,10000000111010100010100111110000010111101000,0.7146121775179353,-3.0528791076848734,0.9902748,10000000111010100010100111110000010111101000,10000000000001101110000111110000011000100010,27.0
28,10000000000001101110000111110000011000100010,0.021004681826752858,-3.0501134515079116,0.9826455,10000000111010100010100111110000010111101000,10000000000001101110000111110000011000100010,27.0
28,10000000101000110110000111110000000110101101,0.49860489335176794,-3.1045205842305563,0.9902508,10000000101000110110000111110000000110101101,10000000100000011111000111110000001000011110,27.0
28,10000000100000011111000111110000001000011110,0.3965617171673159,-3.0991323230581997,0.9900894,10000000101000110110000111110000000110101101,10000000100000011111000111110000001000011110,27.0
28,10000001011001011110010111110000010011100010,1.092219613127611,-3.0653722442083904,0.9772251,10000001011001011110010111110000010111100010,10000001011000110010000111010001011111100110,27.0
28,10000001011000110010000111010001011111100110,1.0837795934151586,-9.083249350368817,0.8620351,10000001011001011110010111110000010111100010,10000001011000110010000111010001011111100110,27.0
28,10010001011000111010000111110001010111101010,13.585308452918156,-2.8574711936643524,0.1931179,10000001011000111010000111110000001000101111,10000000010000000010000111110000010111101010,27.0
28,10000000010000000010000111110000001000101111,0.1957178582472494,-3.098321699695987,0.9891504,10000001011000111010000111110000001000101111,10000000010000000010000111110000010111101010,27.0
28,10000000111010100010100111010001011111110111,0.7146121775179353,-9.082438727006604,0.844826,10000000111010100010100111010001011111110111,10000000100000010010000111010000000110111010,27.0
28,10000000100000010010000111010000000110111010,0.3940821633534881,-9.353902185893574,0.9193539,10000000111010100010100111010001011111110111,10000000100000010010000111010000000110111010,27.0
28,10000000000001101110000111110000001000101111,0.021004681826752858,-3.098321699695987,0.9887067,10000000000001101110000111110010010101101010,10000001011000111010000111110000001000101111,27.0
28,10000001011000111010000111110010010101101010,1.0853054726852065,-2.668262164178415,0.9262821,10000000000001101110000111110010010101101010,10000001011000111010000111110000001000101111,27.0
28,10000101000010100010100111110000000110111000,3.937269195859244,-3.1039960632314774,0.1080109,10000001000001011010000111110000011000101111,10000000111010100010100111110000000110111010,27.0
28,10000000111001011010000111110000011000101111,0.7007838966331263,-3.0494935630544546,0.9901954,10000001000001011010000111110000011000101111,10000000111010100010100111110000000110111010,27.0
28,00000000111010100010100111110000010111100010,-99.28541166434566,-3.0531652100480073,0.4968857,01111110110000111010000111110000011000101111,10000000111010100010100111110000010111100010,27.0
28,11111110110000111010000111110000011000101111,99.03454757560434,-3.0494935630544546,0.495852,01111110110000111010000111110000011000101111,10000000111010100010100111110000010111100010,27.0
28,10000000000001000010000111110000010111101010,0.012612345841489514,-3.0527837402304954,0.9830918,10000000000001101110000111110000010100101101,10000000010000000010000111110000010111101010,27.0
28,10000000010000101110000111110000010100101101,0.20411019423251275,-3.0617959646692157,0.9854942,10000000000001101110000111110000010100101101,10000000010000000010000111110000010111101010,27.0
28,10000001011001011110010111110000000110110010,1.092219613127611,-3.1042821655946113,0.9677103,10000001011001011110010111110001011100101000,10000000100000010010000111010000000110111010,27.0
28,10000000100000010010000111010001011100101000,0.3940821633534881,-9.092309258534726,0.8400285,10000001011001011110010111110001011100101000,10000000100000010010000111010000000110111010,27.0
28,10000000000000010110000111110000010111100010,0.00422000985622617,-3.0531652100480073,0.9831518,10000000000000010110000111110000010111100010,10000001011001011110010111110001011100101000,27.0
28,10000001011001011110010111110001011100101000,1.092219613127611,-2.8423077684182516,0.9817133,10000000000000010110000111110000010111100010,10000001011001011110010111110001011100101000,27.0
28,10000000000000110110000111110000110110010100,0.010323526936417693,-2.9592282674856847,0.9590417,10000000000000010110000111110000010111100010,10000000101000110110000111110000110110011100,27.0
28,10000000101000010110000111110000010111100010,0.4925013762715764,-3.0531652100480073,0.9882211,10000000000000010110000111110000010111100010,10000000101000110110000111110000110110011100,27.0
28,10000000111010100010100111110000010110011111,0.7146121775179353,-3.05636001976967,0.990284,10000000111010100010100111110000010110011111,10000000111010100010100111110000010110011111,27.0
28,10000000111010100000100111110000010110011111,0.7142307077004233,-3.05636001976967,0.990284,10000000111010100010100111110000010110011111,10000000111010100010100111110000010110011111,27.0
28,10000000111011101110010111110010001110101111,0.7290603468562011,-2.6893860553231406,0.8732717,10000000111010111010000111110000001110111110,10000000000001101110010111110010001110101111,27.0
28,10000000000000111010000111110000001110111110,0.011086466571441633,-3.0792958925475773,0.98685,10000000111010111010000111110000001110111110,10000000000001101110010111110010001110101111,27.0
28,10000000100000110010000111110001111111001000,0.40018568043367964,-2.737022098784948,0.8599944,10000000100000110010000111110001001110101100,10000010111000110110000111110001111111001000,27.0
28,10001010111000110110000111110001001110101100,8.5064193025635,-2.8848416530708505,0.7711356,10000000100000110010000111110001001110101100,10000010111000110110000111110001111111001000,27.0
28,10000000101000110110000111110000110100101011,0.49860489335176794,-2.9642350588405293,0.9731061,10000000100100011110000111110000001000011110,10000000101000110110000111110000110100101111,27.0
28,10000000100100011110000111110000001000011110,0.4451991189000921,-3.0991323230581997,0.9902283,10000000100100011110000111110000001000011110,10000000101000110110000111110000110100101111,27.0
28,01111110100000010010000111110000001110111111,-1.1684182091756412,-3.0792482088203883,0.9669245,01111110100000111010000111110000001110111010,10000000011010010010000111110000001110111111,27.0
28,10000000011010111010000111110000001110111010,0.32846935474141503,-3.0794866274563333,0.9885916,01111110100000111010000111110000001110111010,10000000011010010010000111110000001110111111,27.0
28,10000001011010110010000111110000000100101111,1.1081936617359247,-3.11052873385637,0.964296,10000001011001011110010111110001011101110111,10000000010010110010000111110000000100101111,27.0
28,10000000010001011110010111110001011101111111,0.21331315357998903,-2.838159284152809,0.9085854,10000001011001011110010111110001011101110111,10000000010010110010000111110000000100101111,27.0
28,10000000111010100010100111110000011101110111,0.7146121775179353,-3.033853300536464,0.9898259,10000000111010100010100111110000011011101000,10000001011001011110010111110001011101110111,27.0
28,10000001011001011110010111110001011011101000,1.092219613127611,-2.8453595269583474,0.9822261,10000000111010100010100111110000011011101000,10000001011001011110010111110001011101110111,27.0
28,10000000111000110110000101110000110111110111,0.6939174399179109,-27.954513538959873,0.6279362,10000000101000110110000101110000110111110111,10000001100000110010000111110001001110101100,27.0
28,10000001100000110010000111110001000110101100,1.1814358666982372,-2.9092557213916166,0.9902819,10000000101000110110000101110000110111110111,10000001100000110010000111110001001110101100,27.0
28,10000000011001100110000111110010010100101110,0.3124476224059123,-2.671123187809755,0.8046112,10000000011001100110000111110010010100110010,10000001011000110010010111110000001110101110,27.0
28,10000001011000110010010111110000001110110010,1.0838272771423476,-3.0798680972738453,0.9746719,10000000011001100110000111110010010100110010,10000001011000110010010111110000001110101110,27.0
28,10000000011010010010010111110000001000101110,0.3208876421183646,-3.098369383423176,0.98974,10000000011001100110000111110010010100110010,10000000011010010010010111110000001000101110,27.0
28,10000000011001100110000111110010010100110010,0.3124476224059123,-2.670932452900999,0.804465,10000000011001100110000111110010010100110010,10000000011010010010010111110000001000101110,27.0
28,01111110111000111010000011110001011100100110,-0.8678199929761803,-52.842415056804434,0.5152952,01111110111000111010000111110000010100101000,10000000011010010010000011110001011100100110,27.0
28,10000000011010010010000111110000010100101000,0.32083995839117563,-3.0620343833051606,0.9867896,01111110111000111010000111110000010100101000,10000000011010010010000011110001011100100110,27.0
28,01111110100000000010000111110001011100101000,-1.171469967715737,-2.8423077684182516,0.9862384,01111110100000000010000111110001011100101000,10000001011110110010010111110000110110011111,27.0
28,10001001011110110010010111110000110110011111,7.407070972221135,-2.9587037464866057,0.0711476,01111110100000000010000111110001011100101000,10000001011110110010010111110000110110011111,27.0
28,01011110100000000010000111110001011100101000,-26.171475928181636,-2.8423077684182516,0.3731219,01111110100000000010000111110001011100101000,10000000111010100010100111110000000110101100,27.0
28,10000000111010100010100111110000000110101100,0.7146121775179353,-3.1045682679577453,0.9880936,01111110100000000010000111110001011100101000,10000000111010100010100111110000000110101100,27.0
28,10000000011010100110100111110000110111101000,0.3247500240206733,-2.955222834401809,0.9636171,10000000011010100110100111110001001111101000,10000000101000110111000111110000110111101000,27.0
28,10000000101010110111000111110001001111101000,0.52320969658129,-2.8819806294395107,0.9478009,10000000011010100110100111110001001111101000,10000000101000110111000111110000110111101000,27.0
28,10000000101000110110000111110000110111101000,0.49860489335176794,-2.955222834401809,0.9707411,10000000101000110110000111110000110111101000,10000000000000010110000111110000010010011111,27.0
28,10000000000000010110000111110000010010011111,0.00422000985622617,-3.068567053930053,0.9854912,10000000101000110110000111110000110111101000,10000000000000010110000111110000010010011111,27.0
28,10000001011001011110010111110001011100101000,1.092219613127611,-2.8423077684182516,0.9817133,10000000111010100010100111110000011000101111,10000001011001011110010111110001011100101000,27.0
28,10000000111010100010100111110000011000101111,0.7146121775179353,-3.0494935630544546,0.9902441,10000000111010100010100111110000011000101111,10000001011001011110010111110001011100101000,27.0
28,10000000111010100010100111110000110110011100,0.7146121775179353,-2.9588467976681727,0.9815258,10000000111010100010100111110000010111101000,10000000101000110110000111110000110110011100,27.0
28,10000000101000110110000111110000010111101000,0.49860489335176794,-3.0528791076848734,0.9882832,10000000111010100010100111110000010111101000,10000000101000110110000111110000110110011100,27.0
28,10000000010010100110100111110001001111101000,0.22709375073760896,-2.8819806294395107,0.9312275,10000000010010100110100111110001001111101000,10000001000000011010000111110000011010101000,27.0
28,10000001000000011010000111110000011010101000,0.7862331357558077,-3.043723832064586,0.9902581,10000000010010100110100111110001001111101000,10000001000000011010000111110000011010101000,27.0
28,10000001011000110010010111110000001110101110,1.0838272771423476,-3.0800588321826012,0.9746278,10000001011000110010010111110000001110101110,10000000011010010010000111110000001110111111,27.0
28,10000000011010010010000111110000101110111111,0.32083995839117563,-2.981591935537324,0.9712361,10000001011000110010010111110000001110101110,10000000011010010010000111110000001110111111,27.0
28,10000000101000110110000111110100110110011100,0.49860489335176794,-2.177596611403615,0.380169,10000000110001101111111000110000011000101111,10000000101000110110000111110000110110011100,27.0
28,10000000110001101111111000110000011000101111,0.6072761076154904,9.450509417178495,0.9193654,10000000110001101111111000110000011000101111,10000000101000110110000111110000110110011100,27.0
28,10000000101000110010000111110001011000110111,0.497841953716744,-2.8537995466707997,0.9339953,10000000100000110010000111110001011000110111,10000000011010100110100111110001001111101000,27.0
28,10000000011010100110100111110001001111101000,0.3247500240206733,-2.8819806294395107,0.9355047,10000000100000110010000111110001011000110111,10000000011010100110100111110001001111101000,27.0
28,10000000000000010110000111110000010111100010,0.00422000985622617,-3.0531652100480073,0.9831518,10000000000000010110000111110000010111100010,10000000111000110110000111110001011100100111,27.0
28,10000000111000110110000111110001011100100111,0.6939174399179109,-2.8423554521454406,0.9464891,10000000000000010110000111110000010111100010,10000000111000110110000111110001011100100111,27.0
28,10000000111010100010000111110001001110101110,0.7145168100635573,-2.8847462856164725,0.9632661,10000000111010100010000111110001001110101100,10000000111010100010100111110000000110111010,27.0
28,10000000111010100010100111110000000110111010,0.7146121775179353,-3.1039006957770994,0.9881534,10000000111010100010000111110001001110101100,10000000111010100010100111110000000110111010,27.0
28,10000001011001011110110111110001011100101000,1.092314980581989,-2.8423077684182516,0.9817195,10000001011001011110010111110001011100101000,10000000111010100010100111110000011011101000,27.0
28,10000000111010100010100111110000011011101000,0.7146121775179353,-3.0406720735244903,0.9900642,10000001011001011110010111110001011100101000,10000000111010100010100111110000011011101000,27.0
29,10000001011000110010000111010001011111100110,1.0837795934151586,-9.083249350368817,0.8620351,10000001011000110010010111110000001110110010,10000001011000110010000111010001011111100110,28.0
29,10000001011000110010010110110000001110110010,1.0838272771423476,-15.579871077506795,0.8178708,10000001011000110010010111110000001110110010,10000001011000110010000111010001011111100110,28.0
29,10000000010010100110100111110001001111101000,0.22709375073760896,-2.8819806294395107,0.9312275,10000000111010100010100111110000110110011100,10000000010010100110100111110001001111101000,28.0
29,10000000101010100010100111110000110110011100,0.5192996309517923,-2.9588467976681727,0.9726378,10000000111010100010100111110000110110011100,10000000010010100110100111110001001111101000,28.0
29,10000000010001011110010111110000011010101000,0.21331315357998903,-3.043723832064586,0.9828178,10000000010001011110010111110001011101111111,10000001000000011010000111110000011010101000,28.0
29,10000001000000011010000111110001011101111111,0.7862331357558077,-2.838159284152809,0.9539565,10000000010001011110010111110001011101111111,10000001000000011010000111110000011010101000,28.0
29,10000001000001101110000111110000001000101111,0.8022548680913104,-3.098321699695987,0.9865157,10000001011000110010010111110000001110110010,10000000000001101110000111110000001000101111,28.0
29,10000000011000110010010111110000001110110010,0.30257709087779006,-3.0798680972738453,0.9884025,10000001011000110010010111110000001110110010,10000000000001101110000111110000001000101111,28.0
29,10000000011010100010100111110000000110101100,0.3239870843856494,-3.1045682679577453,0.9899985,10000000011010010010000111110000101110111111,10000000111010100010100111110000000110101100,28.0
29,10000000111010011010000111110000101110111111,0.7129909307935094,-2.981591935537324,0.985084,10000000011010010010000111110000101110111111,10000000111010100010100111110000000110101100,28.0
29,10000001011001010110000111110000110111101111,1.090646050130374,-2.954889048311486,0.9901597,10000001011001011110010111110000010011100010,10000000100000010110000111110000010111101111,28.0
29,10000100100000011110010111110000010011100010,3.521419411043979,-3.0653722442083904,0.0229301,10000001011001011110010111110000010011100010,10000000100000010110000111110000010111101111,28.0
29,10111110110000000010000111110001111100101000,49.0238544997822,-2.7446514951351872,0.4704257,10111110110000111010000111110000011000001111,01111110100000000010000111110001011100101000,28.0
29,01111110100000111010000110110000011000001111,-1.1607888128254018,-15.551022422557452,0.8151942,10111110110000111010000111110000011000001111,01111110100000000010000111110001011100101000,28.0
29,10000001011001011110010111110001010111100010,1.092219613127611,-2.8578526634818644,0.9841624,10000001011001011110010111110001011011101000,10000000101000010110000111110000010111100010,28.0
29,10000000101000010110000111110000011011101000,0.4925013762715764,-3.0406720735244903,0.9869631,10000001011001011110010111110001011011101000,10000000101000010110000111110000010111100010,28.0
29,10000000101000110110000111110000110110101000,0.49860489335176794,-2.9582745929419048,0.9715587,10000000101000110110000111110000110110101000,10000000101000100110000111110000110100101111,28.0
29,10010000101000100110000111110000110100101111,12.995556115044621,-2.9640443239317733,0.5162006,10000000101000110110000111110000110110101000,10000000101000100110000111110000110100101111,28.0
29,10000001011001010110000111010001011100001000,1.090646050130374,-9.093835137804774,0.8668771,10000001011001011110010111110001011100101000,10000000100000010010000111010001011100101000,28.0
29,10000000100000011110010111110001011100101000,0.39641866598574893,-2.8423077684182516,0.920977,10000001011001011110010111110001011100101000,10000000100000010010000111010001011100101000,28.0
29,11000001011001011110010111110000011100110010,51.09223153405941,-3.0371434777125046,0.4900754,10000001011001011110010111110001011011101000,10000001011000111010000111110001011100110010,28.0
29,10000001011000111010000111110001011011101000,1.0853054726852065,-2.8453595269583474,0.9817822,10000001011001011110010111110001011011101000,10000001011000111010000111110001011100110010,28.0
29,10000000100000010010000111010000000110111110,0.3940821633534881,-9.353711450984818,0.9193365,10000000100000010010000111010000000110111010,10000000000001101110000111110000011000100010,28.0
29,10000000000001101110000111110000011000100010,0.021004681826752858,-3.0501134515079116,0.9826455,10000000100000010010000111010000000110111010,10000000000001101110000111110000011000100010,28.0
29,10000000101000110110000111110001110110011110,0.49860489335176794,-2.763438883647652,0.886698,10000000101000110110000111110000110110011100,10000000011001100110000111110010010100110010,28.0
29,10000000011001100110000111110010010100110000,0.3124476224059123,-2.671027820355377,0.8045381,10000000101000110110000111110000110110011100,10000000011001100110000111110010010100110010,28.0
29,10000000111010100010100111110000110110011100,0.7146121775179353,-2.9588467976681727,0.9815258,10000000111010100010100111110000110110011100,10000000000001101110000111110000001000101111,28.0
29,10000000000001101110000111110000001000101111,0.021004681826752858,-3.098321699695987,0.9887067,10000000111010100010100111110000110110011100,10000000000001101110000111110000001000101111,28.0
29,10000001011001011110000111110000000110111010,1.092171929400422,-3.1039006957770994,0.9678206,10000001011001011110010111110001011100101000,10000000000000000010000111110000000110111010,28.0
29,10000000000000000010010111110001011100101000,0.0004529954082954646,-2.8423077684182516,0.906477,10000001011001011110010111110001011100101000,10000000000000000010000111110000000110111010,28.0
29,10000000111010100000100111110000010110011111,0.7142307077004233,-3.05636001976967,0.990284,10000000111010100000100111110000010110011111,10000000111010100010100111110000010110011111,28.0
29,10000000111010100010100111110000010110011111,0.7146121775179353,-3.05636001976967,0.990284,10000000111010100000100111110000010110011111,10000000111010100010100111110000010110011111,28.0
29,10000000111010100010100111110000010111101000,0.7146121775179353,-3.0528791076848734,0.9902748,10000000111010100010100111110000010111101000,10000000101000110110000111110000110110101000,28.0
29,10000000101000110110000111110000110110101000,0.49860489335176794,-2.9582745929419048,0.9715587,10000000111010100010100111110000010111101000,10000000101000110110000111110000110110101000,28.0
29,10000001011001010010000111110001011000110111,1.0898831104953501,-2.8537995466707997,0.9834272,10000001011001011110010111110000000110110010,10000000101000110010000111110001011000110111,28.0
29,10000000101000111110010111110000000110110010,0.5001784563490048,-3.1042821655946113,0.9902507,10000001011001011110010111110000000110110010,10000000101000110010000111110001011000110111,28.0
29,10000000111001011110010111110001011100101000,0.7015945199953393,-2.8423077684182516,0.9472105,10000000110001101111111000110000011000101111,10000001011001011110010111110001011100101000,28.0
29,10000001010001101111111000110000011000101111,0.9979012007477763,9.450509417178495,0.9154593,10000000110001101111111000110000011000101111,10000001011001011110010111110001011100101000,28.0
29,10000001011000111110010111110000010110011111,1.0861160960474194,-3.05636001976967,0.9794868,10000001011000111110010111110000010111100010,10000000000000010110000111110000010010011111,28.0
29,10000010000000010110000111110000010011100010,1.5667203823853413,-3.0653722442083904,0.9025316,10000001011000111110010111110000010111100010,10000000000000010110000111110000010010011111,28.0
29,10000000100000011111000111110000001000011110,0.3965617171673159,-3.0991323230581997,0.9900894,10000000100000011111000111110000001000011110,10000000100000110010000111110001111111001000,28.0
29,10000000100000010010000111110001111111001000,0.3940821633534881,-2.737022098784948,0.8594083,10000000100000011111000111110000001000011110,10000000100000110010000111110001111111001000,28.0
29,10000000111010100010100111110000000110111111,0.7146121775179353,-3.1036622771411544,0.9881746,10000000111010100010100111110000000110111010,01111110100000010010000111110000001110111111,28.0
29,01111110100000010010000111110000001110111010,-1.1684182091756412,-3.0794866274563333,0.9668579,10000000111010100010100111110000000110111010,01111110100000010010000111110000001110111111,28.0
29,10000000111010100010100111110000110100101111,0.7146121775179353,-2.9640443239317733,0.9824346,10000000111010100010100111110000010111101000,10000000101000100110000111110000110100101111,28.0
29,10000000101000100110000111110000010111101000,0.4955531348116722,-3.0528791076848734,0.9882395,10000000111010100010100111110000010111101000,10000000101000100110000111110000110100101111,28.0
29,10000000101000110110000111110000000111101010,0.49860489335176794,-3.1016118768720276,0.9902756,10000000101000110110000111110000000110101101,10000000000001000010000111110000010111101010,28.0
29,10000000000001000010000111110000010110101101,0.012612345841489514,-3.055692447589024,0.983571,10000000101000110110000111110000000110101101,10000000000001000010000111110000010111101010,28.0
29,10000000100000010010010111010001011100101000,0.3941298470806771,-9.092309258534726,0.8400295,10000000100000010010000111010000000110111010,10000001011001011110010111110001011100101000,28.0
29,10000001011001011110000111010000000110111010,1.092171929400422,-9.353902185893574,0.9218094,10000000100000010010000111010000000110111010,10000001011001011110010111110001011100101000,28.0
29,10000000111010100010100111010000011111100111,0.7146121775179353,-9.278514213207771,0.9115822,10000000111010100010100111010001011111110111,10000001000000011010000111110000011010101000,28.0
29,10000001000000011010000111110000011010101000,0.7862331357558077,-3.043723832064586,0.9902581,10000000111010100010100111010001011111110111,10000001000000011010000111110000011010101000,28.0
29,10000001011001011110010111110001011011101100,1.092219613127611,-2.8451687920495914,0.9821945,10000001011001011110010111110001011011101000,10001010111000110110000111110001001110101100,28.0
29,10001010111000110110000111110001001110101000,8.5064193025635,-2.8850323879796065,0.7711756,10000001011001011110010111110001011011101000,10001010111000110110000111110001001110101100,28.0
29,10000001011001011110000111110000011011101000,1.092171929400422,-3.0406720735244903,0.9819366,10000001011001011110010111110000010011100010,10000000101000110010000111110000011011101000,28.0
29,10000000101000110010010111110000010011100010,0.497889637443933,-3.0653722442083904,0.9892191,10000001011001011110010111110000010011100010,10000000101000110010000111110000011011101000,28.0
29,10000000010001011110010111110001011101111111,0.21331315357998903,-2.838159284152809,0.9085854,10000000010001011110010111110001011101111111,10000001000000011010000111110000011010101000,28.0
29,10000001000001011010000111110000011010101000,0.7984401699161907,-3.043723832064586,0.9902177,10000000010001011110010111110001011101111111,10000001000000011010000111110000011010101000,28.0
29,10000000010010100110100111110000010110011111,0.22709375073760896,-3.05636001976967,0.9849591,10000000010010100110100111110001001111101000,10000000111010100010100111110000010110011111,28.0
29,10000000111010100010100111110001001111101000,0.7146121775179353,-2.8819806294395107,0.9624036,10000000010010100110100111110001001111101000,10000000111010100010100111110000010110011111,28.0
29,10000000101010110111000111110001001101101000,0.52320969658129,-2.8880841465197022,0.9501714,10000000101010110111000111110001001111101000,10000000011010100110100111110000110111101000,28.0
29,10000000011010100110100111110000110111101000,0.3247500240206733,-2.955222834401809,0.9636171,10000000101010110111000111110001001111101000,10000000011010100110100111110000110111101000,28.0
29,10000000000001101110000111110000001000101111,0.021004681826752858,-3.098321699695987,0.9887067,10000000000001101110000111110000001000101111,10000000111011101110010111110010001110101111,28.0
29,10000000110011101110010111111010001110101111,0.6314040735731368,-1.1268856827940255,0.0772939,10000000000001101110000111110000001000101111,10000000111011101110010111110010001110101111,28.0
29,10000000100000011111000111110000001000011111,0.3965617171673159,-3.0990846393310107,0.9900881,10000000100000011111000111110000001000011110,10000000111010100010100111110000010110011111,28.0
29,10000000111010100010100111110000010110011110,0.7146121775179353,-3.056407703496859,0.990284,10000000100000011111000111110000001000011110,10000000111010100010100111110000010110011111,28.0
29,10000000000000111010000111110000001110111110,0.011086466571441633,-3.0792958925475773,0.98685,10000000000000111010000111110000001110111110,10000000111001011010000111110000011000101111,28.0
29,10000000111001011010000111110000011000101111,0.7007838966331263,-3.0494935630544546,0.9901954,10000000000000111010000111110000001110111110,10000000111001011010000111110000011000101111,28.0
29,10000000101000110010000111110001011100110010,0.497841953716744,-2.8418309311463616,0.9284827,10000000101000110110000111110000000110101101,10000000000000010010000111110001011100110010,28.0
29,10000000000000010110000111110000000110101101,0.00422000985622617,-3.1045205842305563,0.9891521,10000000101000110110000111110000000110101101,10000000000000010010000111110001011100110010,28.0
29,10000000111100110110000101110000110111110111,0.7427455765594431,-27.954513538959873,0.628156,10000000111000110110000101110000110111110111,10000000101000100110000111110000110100101111,28.0
29,10000000101000100110000111110000110100101111,0.4955531348116722,-2.9640443239317733,0.9729271,10000000111000110110000101110000110111110111,10000000101000100110000111110000110100101111,28.0
29,10000000111010100010100011110000011000101111,0.7146121775179353,-53.04950548398625,0.5261565,10000000111010100010100111110000011000101111,10000001011010110010000111110000000100101111,28.0
29,10000001011010110010000111110000000100101111,1.1081936617359247,-3.11052873385637,0.964296,10000000111010100010100111110000011000101111,10000001011010110010000111110000000100101111,28.0
29,10000000101000110110000111110000010111100010,0.49860489335176794,-3.0531652100480073,0.9883081,10000000101000110110000111110000010111101000,10000001011000111110010111110000010111100010,28.0
29,10000001011000111110010111110000010111101000,1.0861160960474194,-3.0528791076848734,0.9801474,10000000101000110110000111110000010111101000,10000001011000111110010111110000010111100010,28.0
29,10010000100100011110000111010000001000011110,12.945202099133041,-9.349133813174674,0.7754145,10000000000000010010000111110001011100110010,10000000100100011110000111110000001000011110,28.0
29,10000000000000010010000111110001011100110010,0.0034570702212022297,-2.8418309311463616,0.9062158,10000000000000010010000111110001011100110010,10000000100100011110000111110000001000011110,28.0
29,10000000000001101110000111110001000110101100,0.021004681826752858,-2.9092557213916166,0.9395456,10000000000001101110000111110000001000101111,10000001100000110010000111110001000110101100,28.0
29,10000001100000110110000111110000001000101111,1.1821988063332611,-3.098321699695987,0.959655,10000000000001101110000111110000001000101111,10000001100000110010000111110001000110101100,28.0
29,10000000011001011010000111110000011000101000,0.31015880350084046,-3.0498273491447776,0.98507,10000000111001011010000111110000011000101111,10000001011001011110010111110001011100101000,28.0
29,10000001011001011110010111110001011100101111,1.092219613127611,-2.8419739823279286,0.9816562,10000000111001011010000111110000011000101111,10000001011001011110010111110001011100101000,28.0
29,10000000111010100010000111110001001110101111,0.7145168100635573,-2.8846986018892835,0.9632512,10000000111010100010000111110001001110101110,10000000101000100110000111110000110100101111,28.0
29,10000000101000100110000111110000110100101110,0.4955531348116722,-2.9640920076589623,0.9729393,10000000111010100010000111110001001110101110,10000000101000100110000111110000110100101111,28.0
29,10000000111010100010100111110000000110111110,0.7146121775179353,-3.1037099608683434,0.9881704,10000000111010100010100111110000000100101111,10000000000000111010000111110000001110111110,28.0
29,10000000000000111010000111110000001100101111,0.011086466571441633,-3.0861146655356038,0.9875954,10000000111010100010100111110000000100101111,10000000000000111010000111110000001110111110,28.0
29,10000001100000011111000111110000001000011110,1.1778119034318735,-3.0991323230581997,0.9599283,10000000100000011111000111110000001000011110,10000001011001011110010111110000000110110010,28.0
29,10000001011001011110010111110000000110110010,1.092219613127611,-3.1042821655946113,0.9677103,10000000100000011111000111110000001000011110,10000001011001011110010111110000000110110010,28.0
29,10000000010000000010000111110000000110111010,0.1957178582472494,-3.1039006957770994,0.9894913,10000000010000000010000111110000001000101111,10000000111010100010100111110000000110111010,28.0
29,10000000111010100010100111110000001000101111,0.7146121775179353,-3.098321699695987,0.9886211,10000000010000000010000111110000001000101111,10000000111010100010100111110000000110111010,28.0
29,10000000010010100110100111110000011101110111,0.22709375073760896,-3.033853300536464,0.9812317,10000000010010100110100111110001001111101000,10000000111010100010100111110000011101110111,28.0
29,10000000111010100010100111110001001111101000,0.7146121775179353,-2.8819806294395107,0.9624036,10000000010010100110100111110001001111101000,10000000111010100010100111110000011101110111,28.0
29,10000000100000010110000111110000010111101111,0.39484510298851205,-3.0525453215945504,0.9866929,10000000100000010110000111110000010111101111,10000000000001101110000111110000011000100010,28.0
29,10000000000001101110000111110000011000100010,0.021004681826752858,-3.0501134515079116,0.9826455,10000000100000010110000111110000010111101111,10000000000001101110000111110000011000100010,28.0
29,10000000000000110010000111110000011011101000,0.009560587301393753,-3.0406720735244903,0.9809185,10000000000000110110000111110000110110010100,10000000101000110010000111110000011011101000,28.0
29,10000000101000110110000111110000110110010100,0.49860489335176794,-2.9592282674856847,0.9718107,10000000000000110110000111110000110110010100,10000000101000110010000111110000011011101000,28.0
29,10000000111010100010100111110100001110111010,0.7146121775179353,-2.2982364411917757,0.5499134,10000000000000010110000111110000010010011111,10000000111010100010100111110000000110111010,28.0
29,10000000000000010110000111110000010010001111,0.00422000985622617,-3.069329993565077,0.9855951,10000000000000010110000111110000010010011111,10000000111010100010100111110000000110111010,28.0
29,10000000111010101110000111110000001000011110,0.7168056289686291,-3.0991323230581997,0.9885159,10000000111010100010100011110000110110011100,10000000100100011110000111110000001000011110,28.0
29,10000000100100010010100011110010110110011100,0.4430056674493983,-52.56823362546769,0.4963653,10000000111010100010100011110000110110011100,10000000100100011110000111110000001000011110,28.0
30,10000000000001101110000111110000011000100010,0.021004681826752858,-3.0501134515079116,0.9826455,10000000000001101110000111110000011000100010,10000000101000110010010111110000010011100010,29.0
30,10000000101000110000010111110000010011100010,0.497508167626421,-3.0653722442083904,0.9892151,10000000000001101110000111110000011000100010,10000000101000110010010111110000010011100010,29.0
30,10000011000001011010000111110000011010101000,2.360940542445306,-3.043723832064586,0.5724925,10000000010010100110100111110000010110011111,10000001000001011010000111110000011010101000,29.0
30,10000000010010100110100111110000010110111111,0.22709375073760896,-3.054834140499622,0.9847373,10000000010010100110100111110000010110011111,10000001000001011010000111110000011010101000,29.0
30,10000000111010100000100111110000010110011111,0.7142307077004233,-3.05636001976967,0.990284,10000000111010100000100111110000010110011111,10000001011000111110010111110000010110011111,29.0
30,10100001011000111110010110110000010110011111,26.086122056513318,-15.55636300000262,0.4332341,10000000111010100000100111110000010110011111,10000001011000111110010111110000010110011111,29.0
30,10000001011000100010100111110000001000101111,1.0808232023294408,-3.098321699695987,0.9703883,10000001011000111010000111110001011011101000,10000000111010100010100111110000001000101111,29.0
30,10000000111010111010000111110001011011101000,0.7190944478737009,-2.8453595269583474,0.9500645,10000001011000111010000111110001011011101000,10000000111010100010100111110000001000101111,29.0
30,10000000011000110010010111110000001110110010,0.30257709087779006,-3.0798680972738453,0.9884025,10000000011000110010010111110000001110110010,10000000101000111110010111110000000110110010,29.0
30,10000000101000111110010111110000000110110010,0.5001784563490048,-3.1042821655946113,0.9902507,10000000011000110010010111110000001110110010,10000000101000111110010111110000000110110010,29.0
30,10000001000000011010000111110001011101110111,0.7862331357558077,-2.838540753970321,0.9540928,10000001000000011010000111110001011101111111,10001010111000110110000111110001001110101000,29.0
30,10001010111000110110100111111001001110101000,8.506514670017879,-1.3225320154504772,0.4734328,10000001000000011010000111110001011101111111,10001010111000110110000111110001001110101000,29.0
30,10000001011001011110010111110001011100101111,1.092219613127611,-2.8419739823279286,0.9816562,10000001011001011110010111110001011100101111,10000000101000110110000111110000110110010100,29.0
30,10000000111000110110000111110000110110010100,0.6939174399179109,-2.9592282674856847,0.9806902,10000001011001011110010111110001011100101111,10000000101000110110000111110000110110010100,29.0
30,10000000101010110111000111110001001101101010,0.52320969658129,-2.8879887790653243,0.9501349,10000000101010110111000111110001001101101000,10000000100000011111000111110000001000011110,29.0
30,10000000100000011111000111110000001000011100,0.3965617171673159,-3.0992276905125777,0.990092,10000000101010110111000111110001001101101000,10000000100000011111000111110000001000011110,29.0
30,10000000000000010110000111110000010010001111,0.00422000985622617,-3.069329993565077,0.9855951,10000000000000010110000111110000010010001111,10000000111010100010100111110000000110111110,29.0
30,10000010111010100010000111110001000110111110,2.2770171825926724,-2.9083974143022147,0.7188848,10000000000000010110000111110000010010001111,10000000111010100010100111110000000110111110,29.0
30,10000000100000010010000111110001011100110010,0.3940821633534881,-2.8418309311463616,0.9205762,10000000100000010010000111110001111111001000,10000000101000110010000111110001011100110010,29.0
30,10000000101000110010000111110001111111001000,0.497841953716744,-2.737022098784948,0.8703706,10000000100000010010000111110001111111001000,10000000101000110010000111110001011100110010,29.0
30,10000000000000000010010111110001011100101000,0.0004529954082954646,-2.8423077684182516,0.906477,10000000000000000010010111110001011100101000,10000000111010011010000111110000101110111111,29.0
30,10000000111010011010000111110000101110111111,0.7129909307935094,-2.981591935537324,0.985084,10000000000000000010010111110001011100101000,10000000111010011010000111110000101110111111,29.0
30,10000000111110100010100011110000000110101100,0.7634403141594674,-53.10458018888955,0.5283848,10000000111010100010100011110000011000101111,10000000011010100010100111110000000110101100,29.0
30,10000000011010100010100111110000111000101111,0.3239870843856494,-2.9518372897713903,0.962504,10000000111010100010100011110000011000101111,10000000011010100010100111110000000110101100,29.0
30,10000001011011110010000111110000000100101111,1.1204006958963078,-3.11052873385637,0.9629847,10000000100000011111000111110000001000011111,10000001011010110010000111110000000100101111,29.0
30,10000000100000011111001111110000001000011111,0.3965617171673159,96.90093920253258,0.5025982,10000000100000011111000111110000001000011111,10000001011010110010000111110000000100101111,29.0
30,10000000111010100010100111110001001101101000,0.7146121775179353,-2.8880841465197022,0.9643056,10000000111010100010100111010000011111100111,10000000101010110111000111110001001101101000,29.0
30,10000000101010110111000111010000011111100111,0.52320969658129,-9.278514213207771,0.9090882,10000000111010100010100111010000011111100111,10000000101010110111000111110001001101101000,29.0
30,10000000101000110110000101110000110111110111,0.49860489335176794,-27.954513538959873,0.6272003,10000000101000110010010111110000010011100010,10000000111100110110000101110000110111110111,29.0
30,10000000111100110010010111110000010011100010,0.7420303206516081,-3.0653722442083904,0.9900507,10000000101000110010010111110000010011100010,10000000111100110110000101110000110111110111,29.0
30,10000000100000010110000111110000010111101111,0.39484510298851205,-3.0525453215945504,0.9866929,10000000100000010110000111110000010111101111,10000000010000000010000111110000000110111010,29.0
30,10000000010000000010000111110000000110111010,0.1957178582472494,-3.1039006957770994,0.9894913,10000000100000010110000111110000010111101111,10000000010000000010000111110000000110111010,29.0
30,10000000101010110111000111110101001101101001,0.52320969658129,-2.1067862765279415,0.3205039,10000000101010110111000111110001001101101000,10000001000000011010000111110000011010101000,29.0
30,10000001000000011010000111110000011010101000,0.7862331357558077,-3.043723832064586,0.9902581,10000000101010110111000111110001001101101000,10000001000000011010000111110000011010101000,29.0
30,10000000010010100110100111110000010110011111,0.22709375073760896,-3.05636001976967,0.9849591,10000000010010100110100111110000010110011111,10000001000000011010000111110000011010101000,29.0
30,10000001000000011010000111110000011010101000,0.7862331357558077,-3.043723832064586,0.9902581,10000000010010100110100111110000010110011111,10000001000000011010000111110000011010101000,29.0
30,10000000101000100110000111110000011011101000,0.4955531348116722,-3.0406720735244903,0.9870187,10000000101000100110000111110000010111101000,10000001011001011110000111110000011011101000,29.0
30,10000001011001011110000111110000000111101100,1.092171929400422,-3.1015165094176496,0.9684752,10000000101000100110000111110000010111101000,10000001011001011110000111110000011011101000,29.0
30,10000000111010000000100111110000010111100010,0.7081271906202318,-3.0531652100480073,0.9902661,10000000111010100000100111110000010110011111,10000000101000110010010111110000010011100010,29.0
30,10000000101000110010010110110000010010011111,0.497889637443933,-15.568570034163002,0.8126848,10000000111010100000100111110000010110011111,10000000101000110010010111110000010011100010,29.0
30,10000000000000010010000111110001011100110010,0.0034570702212022297,-2.8418309311463616,0.9062158,10000000011010100010100111110000000110101100,10000000000000010010000111110001011100110010,29.0
30,10000000011010100010100111110000000110101100,0.3239870843856494,-3.1045682679577453,0.9899985,10000000011010100010100111110000000110101100,10000000000000010010000111110001011100110010,29.0
30,10000000111010100010100111110001001111101000,0.7146121775179353,-2.8819806294395107,0.9624036,10000000111010011010000111110000101110111111,10000000111010100010100111110001001111101000,29.0
30,10000000111010011010000111110000101110111111,0.7129909307935094,-2.981591935537324,0.985084,10000000111010011010000111110000101110111111,10000000111010100010100111110001001111101000,29.0
30,10000001010001011110010111110001010111100010,0.9945633398445466,-2.8578526634818644,0.9778984,10000001011001011110010111110000000110110010,10000001011001011110010111110001010111100010,29.0
30,10000001011001011110010111110000000110110010,1.092219613127611,-3.1042821655946113,0.9677103,10000001011001011110010111110000000110110010,10000001011001011110010111110001010111100010,29.0
30,10000000000000111110010111110000010111101000,0.01189708993365457,-3.0528791076848734,0.9831073,10000000000001000010000111110000010110101101,10000001011000111110010111110000010111101000,29.0
30,10000001011001000010000111110000010110101101,1.0868313519552544,-3.055692447589024,0.9795663,10000000000001000010000111110000010110101101,10000001011000111110010111110000010111101000,29.0
30,10000001011001010110100111010000011111100111,1.090741417584752,-9.278514213207771,0.9172212,10000001011001010110000111110000110111101111,10000000111010100010100111010000011111100111,29.0
30,10000000111010100010000111110000110111101111,0.7145168100635573,-2.954889048311486,0.9807964,10000001011001010110000111110000110111101111,10000000111010100010100111010000011111100111,29.0
30,01111101011001010010000111110001011000110111,-2.03511763456288,-2.8537995466707997,0.864554,01111110100000010010000111110000001110111010,10000001011001010010000111110001011000110111,29.0
30,10000010100000010010000111110000001110111010,1.9565825358826032,-3.0794866274563333,0.7574257,01111110100000010010000111110000001110111010,10000001011001010010000111110001011000110111,29.0
30,10000001011001001110010111110001011100100010,1.0891678545875152,-2.8425938707813856,0.9815616,10000001011001011110010111110001011100101111,10000001011001011110010111110001010111100010,29.0
30,10000001011001011110010111110001010111101111,1.092219613127611,-2.8572327750284074,0.9840725,10000001011001011110010111110001011100101111,10000001011001011110010111110001010111100010,29.0
30,10100000100000010010000111010000000110110110,25.394088123819387,-9.35409292080233,0.3744344,10000000100000010010000111110001111111001000,10000000100000010010000111010000000110111110,29.0
30,10000000100000010010000111110001111111001000,0.3940821633534881,-2.737022098784948,0.8594083,10000000100000010010000111110001111111001000,10000000100000010010000111010000000110111110,29.0
30,10000000000001101110000111110000010110101101,0.021004681826752858,-3.055692447589024,0.9835784,10000000000001101110000111110000001000101111,10000000000001000010000111110000010110101101,29.0
30,10000000000001000010000111110000001000101111,0.012612345841489514,-3.098321699695987,0.9887031,10000000000001101110000111110000001000101111,10000000000001000010000111110000010110101101,29.0
30,10000000000000110110000111110000110110101000,0.010323526936417693,-2.9582745929419048,0.9587117,10000000000000111010000111110000001110111110,10000000101000110110000111110000110110101000,29.0
30,10000000101000111010000111110000001110111110,0.4993678329867919,-3.0792958925475773,0.9899312,10000000000000111010000111110000001110111110,10000000101000110110000111110000110110101000,29.0
30,10000100000001101110000111110000011000101111,3.1460054268849973,-3.0494935630544546,0.1203215,10000000000001101110000111110000001000101111,10000001010001101111111000110000011000101111,29.0
30,10000001010101101111111000110000001000101111,1.0467293373893085,9.401681280536963,0.9202051,10000000000001101110000111110000001000101111,10000001010001101111111000110000011000101111,29.0
30,10000000000001101110010111110001011100101100,0.021052365553941854,-2.8421170335094956,0.906415,10000000000001101110000111110001000110101100,10000000111001011110010111110001011100101000,29.0
30,10000000111001011110000111110001000110101100,0.7015468362681503,-2.9092557213916166,0.969531,10000000000001101110000111110001000110101100,10000000111001011110010111110001011100101000,29.0
30,10000001100000011110010111010001011100101000,1.1776688522503065,-9.092309258534726,0.8706916,10000001100000011111000111110000001000011110,10000000100000010010010111010001011100101000,29.0
30,10000000100000010011000111100000001000011110,0.3942728982622441,-6.224133068116444,0.9612532,10000001100000011111000111110000001000011110,10000000100000010010010111010001011100101000,29.0
30,11000000111010100010100111110010000111101000,50.71462409844972,-2.711082151194134,0.5196517,10000000111010100010100111110000000110111111,10000000111010100010100111110001001111101000,29.0
30,10000000111010100010100111110001001110111111,0.7146121775179353,-2.8839356622542596,0.9630199,10000000111010100010100111110000000110111111,10000000111010100010100111110001001111101000,29.0
30,10000010111010100010100111110001001110101000,2.2771125500470504,-2.8850323879796065,0.734713,10000001010001101111111000110000011000101111,10000000111010100010100111110001001111101000,29.0
30,10000001010001101111111000110000011000101111,0.9979012007477763,9.450509417178495,0.9154593,10000001010001101111111000110000011000101111,10000000111010100010100111110001001111101000,29.0
30,10000000000000110010000111110000001100101111,0.009560587301393753,-3.0861146655356038,0.9875949,10000000010010100110100111110001001111101000,10000000000000111010000111110000001100101111,29.0
30,10000000010010100110100111110001001111101000,0.22709375073760896,-2.8819806294395107,0.9312275,10000000010010100110100111110001001111101000,10000000000000111010000111110000001100101111,29.0
30,10000000100000011110010111110001011100101000,0.39641866598574893,-2.8423077684182516,0.920977,10000000111001011010000111110000011000101111,10000000100000011110010111110001011100101000,29.0
30,10000000111001011010000111110000011000101111,0.7007838966331263,-3.0494935630544546,0.9901954,10000000111001011010000111110000011000101111,10000000100000011110010111110001011100101000,29.0
30,10000000100000010010010111010001011100101000,0.3941298470806771,-9.092309258534726,0.8400295,10000000100000010010010111010001011100101000,10000001011000110010010110110000001110110010,29.0
30,10000001011000110010010110110000001110110010,1.0838272771423476,-15.579871077506795,0.8178708,10000000100000010010010111010001011100101000,10000001011000110010010110110000001110110010,29.0
30,10000000101000010010000111110001111111001000,0.4917384366365525,-2.737022098784948,0.8696697,10000000101000110010000111110001011100110010,10000000100000010010000111110001111111001000,29.0
30,10000000100000110010000111110001011100110010,0.40018568043367964,-2.8418309311463616,0.9210025,10000000101000110010000111110001011100110010,10000000100000010010000111110001111111001000,29.0
30,10000000111001011110010111110001011100110010,0.7015945199953393,-2.8418309311463616,0.9470239,10000000111001011110010111110001011100101000,10000001011001011110010111110000000110110010,29.0
30,10000001011001011110010111110000000110101000,1.092219613127611,-3.1047590028665013,0.967578,10000000111001011110010111110001011100101000,10000001011001011110010111110000000110110010,29.0
30,10000001000000011010000111110000011010101000,0.7862331357558077,-3.043723832064586,0.9902581,10000001000000011010000111110000011010101000,10000000111010100000100111110000010110011111,29.0
30,10000000111010100000100111110000010110011111,0.7142307077004233,-3.05636001976967,0.990284,10000001000000011010000111110000011010101000,10000000111010100000100111110000010110011111,29.0
30,10000000000000010110000111110000011011101000,0.00422000985622617,-3.0406720735244903,0.9809162,10000000000000010110000111110000000110101101,10000000101000010110000111110000011011101000,29.0
30,10000000101000010110000111110000000110101101,0.4925013762715764,-3.1045205842305563,0.9902609,10000000000000010110000111110000000110101101,10000000101000010110000111110000011011101000,29.0
30,01111110100000010010000111110000001110111000,-1.1684182091756412,-3.0795819949107113,0.9668312,01111110100000010010000111110000001110111010,10000000101000110110000111110000110110010100,29.0
30,10000000101000110110000111110000110110010110,0.49860489335176794,-2.9591329000313067,0.9717855,01111110100000010010000111110000001110111010,10000000101000110110000111110000110110010100,29.0
30,10000000101010000010100111110000110110011100,0.5131961138716008,-2.9588467976681727,0.9723628,10000000101010100010100111110000110110011100,10000001011010110010000111110000000100101111,29.0
30,10000001011010110010000111110010000100101111,1.1081936617359247,-2.719903640724098,0.95091,10000000101010100010100111110000110110011100,10000001011010110010000111110000000100101111,29.0
30,10000000011010100010000111110000101110111111,0.3238917169312714,-2.981591935537324,0.971325,10000000011010100010100111110000000110101100,10000000111010011010000111110000101110111111,29.0
30,10000001111010011010100111110000000110101100,1.494336484512445,-3.1045682679577453,0.9008815,10000000011010100010100111110000000110101100,10000000111010011010000111110000101110111111,29.0
30,10000001000000011010000111110000001000011111,0.7862331357558077,-3.0990846393310107,0.9868985,10000001000000011010000111110001011101111111,10000000100000011111000111110000001000011111,29.0
30,10000000100000011111001111110001011101111111,0.3965617171673159,97.16186455771077,0.5041235,10000001000000011010000111110001011101111111,10000000100000011111000111110000001000011111,29.0
30,10000000101000110110000111110000000111101010,0.49860489335176794,-3.1016118768720276,0.9902756,10000000101000110110000111110000000111101010,10000000111010100010100111110000010110011111,29.0
30,10000000111010100010100111110000010110011111,0.7146121775179353,-3.05636001976967,0.990284,10000000101000110110000111110000000111101010,10000000111010100010100111110000010110011111,29.0
30,10000000000001101110000111110000110110101000,0.021004681826752858,-2.9582745929419048,0.9587314,10000000000001101110000111110001000110101100,10000000101000110110000111110000110110101000,29.0
30,10000000101000110110000111110001000110101100,0.49860489335176794,-2.9092557213916166,0.9563754,10000000000001101110000111110001000110101100,10000000101000110110000111110000110110101000,29.0
30,10000001000000111010000111110000001110111110,0.7923366528359992,-3.0792958925475773,0.9886263,10000001011001011110000111110000011011101000,10000000000000111010000111110000001110111110,29.0
30,10000000011001011110000111110000011011101000,0.3109217431358644,-3.0406720735244903,0.9837013,10000001011001011110000111110000011011101000,10000000000000111010000111110000001110111110,29.0
30,10000000100001101110000111110000001000101111,0.41162977495903874,-3.098321699695987,0.9901198,10000000111010100010100111010000011111100111,10000000000001101110000111110000001000101111,29.0
30,10000000011010100010100111010000011111100111,0.3239870843856494,-9.278514213207771,0.9071456,10000000111010100010100111010000011111100111,10000000000001101110000111110000001000101111,29.0
31,10000001011011110010000111110000011010101000,1.1204006958963078,-3.043723832064586,0.9795319,10000001011010110010000111110010000100101111,10000001000000011010000111110000011010101000,30.0
31,10000001000000011010000111110010000100101111,0.7862331357558077,-2.719903640724098,0.900303,10000001011010110010000111110010000100101111,10000001000000011010000111110000011010101000,30.0
31,10000000101000010010100111110000010110111111,0.49183380409093047,-3.054834140499622,0.9883574,10000000101000010010000111110001111111001000,10000000010010100110100111110000010110111111,30.0
31,10000001010010100110000111110001111111001000,1.0082485695477885,-2.737022098784948,0.9427577,10000000101000010010000111110001111111001000,10000000010010100110100111110000010110111111,30.0
31,10000000000000111110000111110000110110101000,0.011849406206465574,-2.9582745929419048,0.9587137,10000000000000110110000111110000110110101000,10000001011001011110000111110000000111101100,30.0
31,10000001011001011110000111110000000111101100,1.092171929400422,-3.1015165094176496,0.9684752,10000000000000110110000111110000110110101000,10000001011001011110000111110000000111101100,30.0
31,10000000000000110110000111110000110110110100,0.010323526936417693,-2.957702388215637,0.958513,10000000000000110110000111110000110110101000,10000000111000110110000111110000110110010100,30.0
31,10000000111000110110000111110000110110001000,0.6939174399179109,-2.9598004722119526,0.9807976,10000000000000110110000111110000110110101000,10000000111000110110000111110000110110010100,30.0
31,10000010111010100010100110110001001111101000,2.2771125500470504,-15.38198360967246,0.8081209,10000010111010100010100111110001001110101000,10000000010010100110100111110001001111101000,30.0
31,10000000010010100110100111110001001110101000,0.22709375073760896,-2.8850323879796065,0.9326425,10000010111010100010100111110001001110101000,10000000010010100110100111110001001111101000,30.0
31,10000000100000011111000111110000001000101000,0.3965617171673159,-3.09865548578631,0.9900761,10000000100000011111000111110000001000011100,10000000000000110110000111110000110110101000,30.0
31,10000000000100110110000111110000110110011100,0.059151663577949876,-2.9588467976681727,0.9591078,10000000100000011111000111110000001000011100,10000000000000110110000111110000110110101000,30.0
31,10000000000000111110010111110000010110111110,0.01189708993365457,-3.054881824226811,0.9834386,10000000000000111110010111110000010111101000,10000010111010100010000111110001000110111110,30.0
31,10000010111010100010000111110001000111101000,2.2770171825926724,-2.906394697760277,0.7202593,10000000000000111110010111110000010111101000,10000010111010100010000111110001000110111110,30.0
31,10000001000000011010000101010000011111100111,0.7862331357558077,-34.27852017367367,0.5906038,10000001000000011010000111110000001000011111,10000000011010100010100111010000011111100111,30.0
31,10000000011010100010100111110000001001011111,0.3239870843856494,-3.096032880790915,0.9896435,10000001000000011010000111110000001000011111,10000000011010100010100111010000011111100111,30.0
31,10000000111010011010000111110000101110111111,0.7129909307935094,-2.981591935537324,0.985084,10000000111010011010000111110000101110111111,10000000100000010011000111100000001000011110,30.0
31,10000000100000010011000111100000000000011110,0.3942728982622441,-6.24854713643721,0.9625336,10000000111010011010000111110000101110111111,10000000100000010011000111100000001000011110,30.0
31,10000000111001001110010111110000101000101111,0.6985427614552435,-3.0006654264129224,0.9870315,10000000111001011110010111110001011100110010,10000000011010100010100111110000111000101111,30.0
31,10000000011010100010100111110001011100110010,0.3239870843856494,-2.8418309311463616,0.9160717,10000000111001011110010111110001011100110010,10000000011010100010100111110000111000101111,30.0
31,10000001011001011110010111110001001101101000,1.092219613127611,-2.8880841465197022,0.987755,10000001011001011110010111110000000110101000,10000000111010100010100111110001001101101000,30.0
31,10000000111010100010100111110000000110101000,0.7146121775179353,-3.1047590028665013,0.9880764,10000001011001011110010111110000000110101000,10000000111010100010100111110001001101101000,30.0
31,10000000111010011010000111110000101110111111,0.7129909307935094,-2.981591935537324,0.985084,10000001011011110010000111110000000100101111,10000000111010011010000111110000101110111111,30.0
31,10000001011011110010000111110000000100101111,1.1204006958963078,-3.11052873385637,0.9629847,10000001011011110010000111110000000100101111,10000000111010011010000111110000101110111111,30.0
31,10000000010010100110100111110001001111101000,0.22709375073760896,-2.8819806294395107,0.9312275,10000000010010100110100111110001001111101000,10000000100000010010010111010001011100101000,30.0
31,10000000100000010010010111010001011100101000,0.3941298470806771,-9.092309258534726,0.8400295,10000000010010100110100111110001001111101000,10000000100000010010010111010001011100101000,30.0
31,10000001010001101111111000110000011000101111,0.9979012007477763,9.450509417178495,0.9154593,10000000100001101110000111110000001000101111,10000001010001101111111000110000011000101111,30.0
31,10000001100001101110000111110000001000101111,1.1928799612235963,-3.098321699695987,0.9583389,10000000100001101110000111110000001000101111,10000001010001101111111000110000011000101111,30.0
31,10000000101000110110000111110000110110010110,0.49860489335176794,-2.9591329000313067,0.9717855,10000000101000110110000111110000110110010110,10000000100000010110000111110000010111101111,30.0
31,10000000100000010110000111110000010111101111,0.39484510298851205,-3.0525453215945504,0.9866929,10000000101000110110000111110000110110010110,10000000100000010110000111110000010111101111,30.0
31,10000000100010010010000111110000001110111000,0.4184962316742542,-3.0795819949107113,0.9893652,10000000101000010010000111110001111111001000,01111110100000010010000111110000001110111000,30.0
31,01111110101000010010000111110001111111001000,-1.0707619358925626,-2.737022098784948,0.9516846,10000000101000010010000111110001111111001000,01111110100000010010000111110000001110111000,30.0
31,10000001011011110010000111110000000100101111,1.1204006958963078,-3.11052873385637,0.9629847,10000000111010011010000111110000101110111111,10000001011011110010000111110000000100101111,30.0
31,10000000111010011010000111110000101110111111,0.7129909307935094,-2.981591935537324,0.985084,10000000111010011010000111110000101110111111,10000001011011110010000111110000000100101111,30.0
31,10000000011010100010100111110000111000101100,0.3239870843856494,-2.9519803409529572,0.9625503,10000000011010100010100111110000111000101111,10000001111010011010100111110000000110101100,30.0
31,10000001111010011010100111110000000110101111,1.494336484512445,-3.1044252167761783,0.900954,10000000011010100010100111110000111000101111,10000001111010011010100111110000000110101100,30.0
31,10000000101000110110000111110000000111101010,0.49860489335176794,-3.1016118768720276,0.9902756,10000000101000110110000111110000000111101010,10000000111010111010000111110001011011101000,30.0
31,10000000111010111010000111110001011011101000,0.7190944478737009,-2.8453595269583474,0.9500645,10000000101000110110000111110000000111101010,10000000111010111010000111110001011011101000,30.0
31,10000000100000011110010111110001011100110010,0.39641866598574893,-2.8418309311463616,0.9207388,10000000100000011110010111110001011100101000,10000000111001011110010111110001011100110010,30.0
31,10000000111001011110010111110001011100101000,0.7015945199953393,-2.8423077684182516,0.9472105,10000000100000011110010111110001011100101000,10000000111001011110010111110001011100110010,30.0
31,10000001000000011010000101110000011010101000,0.7862331357558077,-28.043729792530485,0.6417054,10000001000000011010000111110000011010101000,10000000101010000010100111110000110110011100,30.0
31,10000000101010000010100111110000110110011100,0.5131961138716008,-2.9588467976681727,0.9723628,10000001000000011010000111110000011010101000,10000000101010000010100111110000110110011100,30.0
31,10000000000000110010000111110000011101110111,0.009560587301393753,-3.033853300536464,0.9795714,10000000000000110010000111110000001100101111,10000001000000011010000111110001011101110111,30.0
31,10000001000000011010000111110001001100101111,0.7862331357558077,-2.890802118969475,0.9704168,10000000000000110010000111110000001100101111,10000001000000011010000111110001011101110111,30.0
31,10000001010001011110010111110001010111100010,0.9945633398445466,-2.8578526634818644,0.9778984,10000001011001011110010111110000000110101000,10000001010001011110010111110001010111100010,30.0
31,10000001011001011110010111110000000110101000,1.092219613127611,-3.1047590028665013,0.967578,10000001011001011110010111110000000110101000,10000001010001011110010111110001010111100010,30.0
31,10000001011011110010001000110000011000101111,1.1204006958963078,9.450509417178495,0.9133189,10000001011011110010000111110000000100101111,10000001010001101111111000110000011000101111,30.0
31,10000001010000101111110111110000000100101111,0.9856941665873933,-3.11052873385637,0.9751674,10000001011011110010000111110000000100101111,10000001010001101111111000110000011000101111,30.0
31,10000000010010100110100111110001000011100010,0.22709375073760896,-2.918887834283794,0.947247,10000000010010100110100111110001001111101000,10000000111100110010010111110000010011100010,30.0
31,10000000111100110010010111110000011111101000,0.7420303206516081,-3.0284650393641073,0.989874,10000000010010100110100111110001001111101000,10000000111100110010010111110000010011100010,30.0
31,10000000011010100010100111110000111000101111,0.3239870843856494,-2.9518372897713903,0.962504,10000000011010100010100111110000111000101111,10000001011000110010010110110000001110110010,30.0
31,10000001011000110010010110110000001110110010,1.0838272771423476,-15.579871077506795,0.8178708,10000000011010100010100111110000111000101111,10000001011000110010010110110000001110110010,30.0
31,10000000100000010110000111110000000110101101,0.39484510298851205,-3.1045205842305563,0.9902054,10000000101000010110000111110000000110101101,10000001111010011010100111110000000110101100,30.0
31,10000001111010011010100111110000000110101100,1.494336484512445,-3.1045682679577453,0.9008815,10000000101000010110000111110000000110101101,10000001111010011010100111110000000110101100,30.0
31,10000000101000100110000111110000011011101000,0.4955531348116722,-3.0406720735244903,0.9870187,10000000101000100110000111110000011011101000,10000000111001011110010111110001011100110010,30.0
31,10000100111001011110010111110001011101110010,3.8265952650535695,-2.838779172606266,0.0245561,10000000101000100110000111110000011011101000,10000000111001011110010111110001011100110010,30.0
31,10000010111010100010000111110001000110111110,2.2770171825926724,-2.9083974143022147,0.7188848,10000010111010100010000111110001000110111110,10000000000000000010010111110001011100101000,30.0
31,10000000000000000010010111110001011100101000,0.0004529954082954646,-2.8423077684182516,0.906477,10000010111010100010000111110001000110111110,10000000000000000010010111110001011100101000,30.0
31,10000000111010111010000111110000010110011111,0.7190944478737009,-3.05636001976967,0.9902824,10000000111010111010000111110001011011101000,10000000111010100010100111110000010110011111,30.0
31,10000000111010100010100111110001011011101001,0.7146121775179353,-2.8453118432311584,0.9496185,10000000111010111010000111110001011011101000,10000000111010100010100111110000010110011111,30.0
31,10000000100000010010000111110001111111001100,0.3940821633534881,-2.736831363876192,0.8592819,10000000100000010010000111110001111111001000,10000000101000110110000111110001000110101100,30.0
31,10000000101000110110001111110001000110101000,0.49860489335176794,97.09057738556322,0.5038086,10000000100000010010000111110001111111001000,10000000101000110110000111110001000110101100,30.0
31,10000000100000011111000111110000110110010110,0.3965617171673159,-2.9591329000313067,0.9674877,10000000100000011111000111110000001000011100,10000000101000110110000111110000110110010110,30.0
31,10000000101000110110000111110000001000011100,0.49860489335176794,-3.0992276905125777,0.9902837,10000000100000011111000111110000001000011100,10000000101000110110000111110000110110010110,30.0
31,10000000000000110010000111110000001101101100,0.009560587301393753,-3.083205958177075,0.987288,10000000000000110010000111110000001100101111,10000001011001011110000111110000000111101100,30.0
31,10000001011001111110000111110000000110101111,1.0982754464806135,-3.1044252167761783,0.9670743,10000000000000110010000111110000001100101111,10000001011001011110000111110000000111101100,30.0
31,10000000010000000010000111110000011011101000,0.1957178582472494,-3.0406720735244903,0.9820794,10000000010000000010000111110000000110111010,10000000000000010110000111110000011011101000,30.0
31,10000000000000010110000111110000000110111010,0.00422000985622617,-3.1039006957770994,0.9891104,10000000010000000010000111110000000110111010,10000000000000010110000111110000011011101000,30.0
31,10000000011000110010010111110000001110110010,0.30257709087779006,-3.0798680972738453,0.9884025,10000000011000110010010111110000001110110010,10000001000000011010000111110000011010101000,30.0
31,10000001000000011010000111110000011010101000,0.7862331357558077,-3.043723832064586,0.9902581,10000000011000110010010111110000001110110010,10000001000000011010000111110000011010101000,30.0
31,10000001010001011110000111110000000111101100,0.9945156561173576,-3.1015165094176496,0.9765607,10000001011001011110000111110000000111101100,10000000100000011111001111110000001000011111,30.0
31,10000000100000011011001111110000011000011111,0.395798777532292,96.94976733917412,0.5029543,10000001011001011110000111110000000111101100,10000000100000011111001111110000001000011111,30.0
31,10000001000000011010000111110000010110011111,0.7862331357558077,-3.05636001976967,0.9899876,10000001000000011010000111110001011101110111,10000000111010100000100111110000010110011111,30.0
31,10000000111000100000100111110001011101110111,0.6898166393796572,-2.838540753970321,0.9445707,10000001000000011010000111110001011101110111,10000000111010100000100111110000010110011111,30.0
31,10000000000000010110000111110000010010001111,0.00422000985622617,-3.069329993565077,0.9855951,10000000000000010110000111110000010010001111,10000001000000011010000111110000011010101000,30.0
31,10000001010000011010000111110000011010101000,0.9815456823219506,-3.043723832064586,0.9868044,10000000000000010110000111110000010010001111,10000001000000011010000111110000011010101000,30.0
31,11000000101000100110000011110000001110111111,50.49556505574347,-53.07926012975219,0.4947644,10000000101000100110000111110000011011101000,10000000111010100010100111110001001110111111,30.0
31,10000000111010100010100011110001011011101000,0.7146121775179353,-52.84537144789015,0.5153359,10000000101000100110000111110000011011101000,10000000111010100010100111110001001110111111,30.0
31,10000000100000010011010111100000001000011110,0.3943205819894331,-6.224133068116444,0.9612534,10000001011001011110010111110000000110110010,10000000100000010011000111100000001000011110,30.0
31,10000001011001011110010111110000000110110010,1.092219613127611,-3.1042821655946113,0.9677103,10000001011001011110010111110000000110110010,10000000100000010011000111100000001000011110,30.0
31,10000000000000100010100110110000010110011111,0.006604196215675984,-15.55636300000262,0.8093505,10000000000000110010000111110000001100101111,10000000111010100010100111110000010110011111,30.0
31,10000000111010110010000111110000001100111111,0.717568568603653,-3.08535172590058,0.989447,10000000000000110010000111110000001100101111,10000000111010100010100111110000010110011111,30.0
31,10000000111010100000100111110000001110111000,0.7142307077004233,-3.0795819949107113,0.9897724,10000000111010100000100111110000010110011111,01111110100000010010000111110000001110111000,30.0
31,01111110100000010010000111110000010110011111,-1.1684182091756412,-3.05636001976967,0.9728881,10000000111010100000100111110000010110011111,01111110100000010010000111110000001110111000,30.0
31,10000000100000010010010111010001011100101000,0.3941298470806771,-9.092309258534726,0.8400295,10000000101000110110000111110000110110010110,10000000100000010010010111010001011100101000,30.0
31,10000000101000110110000111110000110110010110,0.49860489335176794,-2.9591329000313067,0.9717855,10000000101000110110000111110000110110010110,10000000100000010010010111010001011100101000,30.0
31,10000001010001011110010111010001010111100101,0.9945633398445466,-9.107711102416772,0.8680652,10000001010001011110010111110001010111100010,10000001011001000010000111110000010110101101,30.0
31,10000001011001000010000111110010010110101010,1.0868313519552544,-2.6652104056383195,0.9251846,10000001010001011110010111110001010111100010,10000001011001000010000111110000010110101101,30.0
31,10000000111010100010100111110001001101101101,0.7146121775179353,-2.8878457278837573,0.9642325,10000000111010100010100111110001001101101000,10000000101000010110000111110000000110101101,30.0
31,10000000101000010110000111110000000110101000,0.4925013762715764,-3.1047590028665013,0.9902586,10000000111010100010100111110001001101101000,10000000101000010110000111110000000110101101,30.0
31,10000000000000010010100111110000111000101111,0.0035524376755802223,-2.9518372897713903,0.956435,10000000000000010010000111110001011100110010,10000000011010100010100111110000111000101111,30.0
31,10000000011010100010000111110001010100110010,0.3238917169312714,-2.8662449994671277,0.9281857,10000000000000010010000111110001011100110010,10000000011010100010100111110000111000101111,30.0
31,10000000011010100010100111010000011111100111,0.3239870843856494,-9.278514213207771,0.9071456,10000000011010100010100111010000011111100111,10000001011000100010100111110000001000101111,30.0
31,10000001011000100010100111110000000000101111,1.0808232023294408,-3.122735768016753,0.9635199,10000000011010100010100111010000011111100111,10000001011000100010100111110000001000101111,30.0
31,10000000101000111010000111110000001110111110,0.4993678329867919,-3.0792958925475773,0.9899312,10000000101000111010000111110000001110111110,10000000100000011110010111110001011100101000,30.0
31,10000000100000011100010111110001011100101000,0.39603719616823696,-2.8423077684182516,0.9209504,10000000101000111010000111110000001110111110,10000000100000011110010111110001011100101000,30.0
31,10000000100000011110010111110001011100100000,0.39641866598574893,-2.8426892382357636,0.9211673,10000000100000011110010111110001011100101000,10000000100000110010000111110001011100110010,30.0
31,10000000100000010010000111110001111100110010,0.3940821633534881,-2.7441746578632973,0.8641104,10000000100000011110010111110001011100101000,10000000100000110010000111110001011100110010,30.0
31,10000001010001011110010111110001010111100010,0.9945633398445466,-2.8578526634818644,0.9778984,10000001010001011110010111110001010111100010,10000000101000110010000111110001111111001000,30.0
31,10000010101000110010000111110001111111001000,2.060342326245859,-2.737022098784948,0.9116434,10000001010001011110010111110001010111100010,10000000101000110010000111110001111111001000,30.0
32,10000000111010100000100111110000001110111000,0.7142307077004233,-3.0795819949107113,0.9897724,10000000000000000010010111110001011100101000,10000000111010100000100111110000001110111000,31.0
32,10000000000000000010010111110001011100101000,0.0004529954082954646,-2.8423077684182516,0.906477,10000000000000000010010111110001011100101000,10000000111010100000100111110000001110111000,31.0
32,10000000011010100010100111110000111000101111,0.3239870843856494,-2.9518372897713903,0.962504,10000000011010100010100111110000111000101111,10000000100000010011010111100000001000011110,31.0
32,10000000100000000011010111100000001000011110,0.39126882344933733,-6.224133068116444,0.961239,10000000011010100010100111110000111000101111,10000000100000010011010111100000001000011110,31.0
32,10000000000000100010100110110000001110111110,0.006604196215675984,-15.579298872780527,0.8131028,10000000000000100010100110110000010110011111,10000000101000111010000111110000001110111110,31.0
32,10000000101000111010000111110000010110011111,0.4993678329867919,-3.05636001976967,0.988586,10000000000000100010100110110000010110011111,10000000101000111010000111110000001110111110,31.0
32,10000001111001001110010111110000101000101000,1.479792947719801,-3.0009992125032454,0.9486892,10000000111001001110010111110000101000101111,10000000010000000010000111110000011011101000,31.0
32,10000000010000000010000111110000011011101111,0.1957178582472494,-3.0403382874341673,0.9820197,10000000111001001110010111110000101000101111,10000000010000000010000111110000011011101000,31.0
32,10000001010000111110010111110001010111100010,0.9884598227643551,-2.8578526634818644,0.9774558,10000001010000101111110111110000000100101111,10000001010001011110010111110001010111100010,31.0
32,10000001010001001111110111110010000000101111,0.9917976836675848,-2.7321106748844812,0.938332,10000001010000101111110111110000000100101111,10000001010001011110010111110001010111100010,31.0
32,10000001000000011010000111110000011011101010,0.7862331357558077,-3.0405767060701123,0.9902798,10000001000000011010000111110000011010101000,10000000101000110110000111110000000111101010,31.0
32,10000000101000110110000111110000000110101000,0.49860489335176794,-3.1047590028665013,0.9902481,10000001000000011010000111110000011010101000,10000000101000110110000111110000000111101010,31.0
32,10000000101000010010100111110000011101101101,0.49183380409093047,-3.034330137808354,0.9861974,10000000101000010010100111110000010110111111,10000000111010100010100111110001001101101101,31.0
32,11000000111010100010100111110001000110111111,50.71462409844972,-2.9083497305750257,0.5188995,10000000101000010010100111110000010110111111,10000000111010100010100111110001001101101101,31.0
32,10000000000000110010000111110000001101101100,0.009560587301393753,-3.083205958177075,0.987288,10000000000000110010000111110000001101101100,10000000111010100000100111110000001110111000,31.0
32,10000000111010100000100111110000001110111000,0.7142307077004233,-3.0795819949107113,0.9897724,10000000000000110010000111110000001101101100,10000000111010100000100111110000001110111000,31.0
32,10000000101000110110100111110001001111101000,0.49870026080614593,-2.8819806294395107,0.9460724,10000000101000110110000111110000001000011100,10000000010010100110100111110001001111101000,31.0
32,10000000010010100110000111110000001000011100,0.22699838328323096,-3.0992276905125777,0.9893436,10000000101000110110000111110000001000011100,10000000010010100110100111110001001111101000,31.0
32,11000000101000100110000011110000010111101111,50.49556505574347,-53.05255724252635,0.4951959,11000000101000100110000011110000001110111111,10000000100000010110000111110000010111101111,31.0
32,10000000100000010110000111110000001110111111,0.39484510298851205,-3.0792482088203883,0.9891479,11000000101000100110000011110000001110111111,10000000100000010110000111110000010111101111,31.0
32,10000000101000110110000111110000110110111110,0.49860489335176794,-2.957225550943747,0.9712796,10000000101000110110000111110000110110010110,10000000000000111110010111110000010110111110,31.0
32,10000000000000111110010111110000010110010110,0.01189708993365457,-3.056789173314371,0.9837469,10000000101000110110000111110000110110010110,10000000000000111110010111110000010110111110,31.0
32,10000010111010100010100110110001001111101000,2.2771125500470504,-15.38198360967246,0.8081209,10000010111010100010100110110001001111101000,10000001010001011110010111110001010111100010,31.0
32,10000001010001011110010111110001010111100010,0.9945633398445466,-2.8578526634818644,0.9778984,10000010111010100010100110110001001111101000,10000001010001011110010111110001010111100010,31.0
32,10000000111010100010100111110001001101101101,0.7146121775179353,-2.8878457278837573,0.9642325,10000000111010100010100111110001001101101101,10000000100000011110010111110001011100110010,31.0
32,10000000100000011110010111110001011100110010,0.39641866598574893,-2.8418309311463616,0.9207388,10000000111010100010100111110001001101101101,10000000100000011110010111110001011100110010,31.0
32,10000010111010100010000111110001000110111110,2.2770171825926724,-2.9083974143022147,0.7188848,10000010111010100010000111110001000110111110,10000000011010100010000111110001010100110010,31.0
32,10000000011010100010000111110001010100110010,0.3238917169312714,-2.8662449994671277,0.9281857,10000010111010100010000111110001000110111110,10000000011010100010000111110001010100110010,31.0
32,10000000100000010010010111010001011100101000,0.3941298470806771,-9.092309258534726,0.8400295,10000000100000010010010111010001011100101000,10000000000000110110000111110000110110110100,31.0
32,10000000000000110110000111110000110110110100,0.010323526936417693,-2.957702388215637,0.958513,10000000100000010010010111010001011100101000,10000000000000110110000111110000110110110100,31.0
32,10000000101000111010000111110000001110110010,0.4993678329867919,-3.0798680972738453,0.9899519,10000000101000111010000111110000001110111110,10000000100000011110010111110001011100110010,31.0
32,10000000100000011110010111110001011100111110,0.39641866598574893,-2.8412587264200937,0.9204525,10000000101000111010000111110000001110111110,10000000100000011110010111110001011100110010,31.0
32,10000001011011110010001000110000011000100111,1.1204006958963078,9.450127947360983,0.9133825,10000001011011110010001000110000011000101111,10000000100000011111000111110000110110010110,31.0
32,10000000100000011111000111110000110110110110,0.3965617171673159,-2.957607020761259,0.9670379,10000001011011110010001000110000011000101111,10000000100000011111000111110000110110010110,31.0
32,10000001000000011010000111110000000100101111,0.7862331357558077,-3.11052873385637,0.9855027,10000001000000011010000111110010000100101111,10000001011011110010000111110000000100101111,31.0
32,10000001011011110010000111110010000100101111,1.1204006958963078,-2.719903640724098,0.9526761,10000001000000011010000111110010000100101111,10000001011011110010000111110000000100101111,31.0
32,10000000100000011110010111110001011100100000,0.39641866598574893,-2.8426892382357636,0.9211673,10000000100000011110010111110001011100100000,10000000111010100010100111110001001101101101,31.0
32,10000010111010100010100111110001001101101101,2.2771125500470504,-2.8878457278837573,0.7328194,10000000100000011110010111110001011100100000,10000000111010100010100111110001001101101101,31.0
32,10000001010010100010000111110001111111001000,1.0074856299127646,-2.737022098784948,0.9426464,10000001010010100110000111110001111111001000,10000001010001011110010111010001010111100101,31.0
32,10000001010001011110010111010001010111100101,0.9945633398445466,-9.107711102416772,0.8680652,10000001010010100110000111110001111111001000,10000001010001011110010111010001010111100101,31.0
32,10000000101000100110000111110010010110101010,0.4955531348116722,-2.6652104056383195,0.8209506,10000000101000100110000111110000011011101000,10000001011001000010000111110010010110101010,31.0
32,10000001011001000010000111110000011011101000,1.0868313519552544,-3.0406720735244903,0.982258,10000000101000100110000111110000011011101000,10000001011001000010000111110010010110101010,31.0
32,10000000000000111110010111110000010110111111,0.01189708993365457,-3.054834140499622,0.9834308,10000000000000111110010111110000010110111110,10000000000000110010000111110000011101110111,31.0
32,10000000000000110010000111110000011101110110,0.009560587301393753,-3.033900984263653,0.9795811,10000000000000111110010111110000010110111110,10000000000000110010000111110000011101110111,31.0
32,01111110100000010010000111110001000011100010,-1.1684182091756412,-2.918887834283794,0.9902536,01111110100000010010000111110000010110011111,10000000010010100110100111110001000011100010,31.0
32,10000000010010100110100111110000010110011111,0.22709375073760896,-3.05636001976967,0.9849591,01111110100000010010000111110000010110011111,10000000010010100110100111110001000011100010,31.0
32,10000000111010011010000111110000101110111111,0.7129909307935094,-2.981591935537324,0.985084,10000000111010011010000111110000101110111111,10000000000000110010000111110000011101110111,31.0
32,10000000010000110010000111110000011101110111,0.2048731338675367,-3.033853300536464,0.980933,10000000111010011010000111110000101110111111,10000000000000110010000111110000011101110111,31.0
32,10000001111010011010100111110000000110101100,1.494336484512445,-3.1045682679577453,0.9008815,10000001111010011010100111110000000110101100,10000000111010100000100111110000001110111000,31.0
32,10000000111010100000100111110000001110111000,0.7142307077004233,-3.0795819949107113,0.9897724,10000001111010011010100111110000000110101100,10000000111010100000100111110000001110111000,31.0
32,10000001111010011010100111110000000110101111,1.494336484512445,-3.1044252167761783,0.900954,10000001111010011010100111110000000110101111,10000001011001011110000111110000000111101100,31.0
32,10000001011001011110000111110000000111101100,1.092171929400422,-3.1015165094176496,0.9684752,10000001111010011010100111110000000110101111,10000001011001011110000111110000000111101100,31.0
32,10000000101000110110000111110000110110010110,0.49860489335176794,-2.9591329000313067,0.9717855,10000000101000110110000111110000110110010110,10000000101000110110000111110000001000011100,31.0
32,10000000101000110110000111110000001000011100,0.49860489335176794,-3.0992276905125777,0.9902837,10000000101000110110000111110000110110010110,10000000101000110110000111110000001000011100,31.0
32,10000000111010110010000111110000001100111111,0.717568568603653,-3.08535172590058,0.989447,10000000111010110010000111110000001100111111,10000000111010100010100111110001011011101001,31.0
32,10000000111010100010100111110001011011101001,0.7146121775179353,-2.8453118432311584,0.9496185,10000000111010110010000111110000001100111111,10000000111010100010100111110001011011101001,31.0
32,10000000100000010110000111110000000110101000,0.39484510298851205,-3.1047590028665013,0.9902095,10000000100000010110000111110000000110101101,10000000101000010110000111110000000110101000,31.0
32,10000000101000010110000111110000000110101101,0.4925013762715764,-3.1045205842305563,0.9902609,10000000100000010110000111110000000110101101,10000000101000010110000111110000000110101000,31.0
32,10100000111010100010100111110000010110011111,25.714618137983834,-3.05636001976967,0.5080678,10000000111010100010100111110000010110011111,10000001100001101110000111110000001000101111,31.0
32,10000001100001101110000111110000001000101111,1.1928799612235963,-3.098321699695987,0.9583389,10000000111010100010100111110000010110011111,10000001100001101110000111110000001000101111,31.0
32,10000000101000010110000111110001000111101000,0.4925013762715764,-2.906394697760277,0.954981,10000000101000010110000111110000000110101000,10000010111010100010000111110001000111101000,31.0
32,11000010111010100010000111110000000110101000,52.277029103524484,-3.1047590028665013,0.4827272,10000000101000010110000111110000000110101000,10000010111010100010000111110001000111101000,31.0
32,10000000111010100010100111110001001101101101,0.7146121775179353,-2.8878457278837573,0.9642325,10000000111010100010100111110001001101101101,10000000101000010110000111110000000110101000,31.0
32,10000000101000010110000111110000000110101000,0.4925013762715764,-3.1047590028665013,0.9902586,10000000111010100010100111110001001101101101,10000000101000010110000111110000000110101000,31.0
32,10000000100000010010100111010000011111101111,0.3941775308078661,-9.278132743390259,0.9076575,10000000100000010011000111100000000000011110,10000000011010100010100111010000011111100111,31.0
32,10000000011010100011000111100000000000011110,0.3240824518400274,-6.24854713643721,0.9623978,10000000100000010011000111100000000000011110,10000000011010100010100111010000011111100111,31.0
32,10000001010001011110010111110001010111100010,0.9945633398445466,-2.8578526634818644,0.9778984,10000000010000000010000111110000011011101000,10000001010001011110010111110001010111100010,31.0
32,10000000010000000010000011110000011011101000,0.1957178582472494,-53.04068399445629,0.5255748,10000000010000000010000111110000011011101000,10000001010001011110010111110001010111100010,31.0
32,10000000000000110010000111110001111100110010,0.009560587301393753,-2.7441746578632973,0.8449972,10000000000000111110010111110000010110111110,10000000100000010010000111110001111100110010,31.0
32,10000000100000011110010111110000010110111110,0.39641866598574893,-3.054881824226811,0.9869854,10000000000000111110010111110000010110111110,10000000100000010010000111110001111100110010,31.0
32,10000001011001011110000111110000000111101100,1.092171929400422,-3.1015165094176496,0.9684752,10000001011001011110000111110000000111101100,10000000011010100010100111110000001001011111,31.0
32,10000000011010100010100111111000001001011111,0.3239870843856494,-1.5335325082617999,0.0024593,10000001011001011110000111110000000111101100,10000000011010100010100111110000001001011111,31.0
32,10000000000000110010000111110000011100110111,0.009560587301393753,-3.0369050590765596,0.9801854,10000000000000110010000111110000011101110111,10000001111010011010100111110000000110101100,31.0
32,10000001111010011010100111110000000110101100,1.494336484512445,-3.1045682679577453,0.9008815,10000000000000110010000111110000011101110111,10000001111010011010100111110000000110101100,31.0
32,10000001011000100010100111110000000110101000,1.0808232023294408,-3.1047590028665013,0.9686741,10000001011000100010100111110000000000101111,10000000111010100010100111110000000110101000,31.0
32,10000000111010100010100111110000000000101111,0.7146121775179353,-3.122735768016753,0.9861484,10000001011000100010100111110000000000101111,10000000111010100010100111110000000110101000,31.0
32,10001000111001011110010111110001011100101000,6.951596010111814,-2.8423077684182516,0.1537509,10000000111001011110010111110001011100101000,10000001011011110010000111110000000100101111,31.0
32,10000001011011110010000111110000000100101111,1.1204006958963078,-3.11052873385637,0.9629847,10000000111001011110010111110001011100101000,10000001011011110010000111110000000100101111,31.0
32,10000000101000110110000111110000001000011100,0.49860489335176794,-3.0992276905125777,0.9902837,10000000101000110110000111110000001000011100,10000000101010000010100111110000110110011100,31.0
32,10000000101010000010100111010000110110011100,0.5131961138716008,-9.208848287784647,0.8906074,10000000101000110110000111110000001000011100,10000000101010000010100111110000110110011100,31.0
32,10000000111010100011100111110000001110111110,0.7148029124266913,-3.0792958925475773,0.9897791,10000000111010100010100111110000000110101000,10000000101000111010000111110000001110111110,31.0
32,10000000101000111010000111110000000110101000,0.4993678329867919,-3.1047590028665013,0.9902466,10000000111010100010100111110000000110101000,10000000101000111010000111110000001110111110,31.0
32,10000000010000000010000111110000011011101000,0.1957178582472494,-3.0406720735244903,0.9820794,10000000010000000010000111110000011011101000,01111110100000010010000111110000010110011111,31.0
32,01111110100000010010000111110000010110011111,-1.1684182091756412,-3.05636001976967,0.9728881,10000000010000000010000111110000011011101000,01111110100000010010000111110000010110011111,31.0
32,10000000111001011110010111110001011100101000,0.7015945199953393,-2.8423077684182516,0.9472105,10000000111001011110010111110001011100101000,10000000000000100010100110110000010110011111,31.0
32,10000000000000100010100110110000011110011111,0.006604196215675984,-15.531948931681853,0.8046304,10000000111001011110010111110001011100101000,10000000000000100010100110110000010110011111,31.0
32,10000000111010110010000111110000001100111111,0.717568568603653,-3.08535172590058,0.989447,10000000111010110010000111110000001100111111,10000001000000011010000111110010000100101111,31.0
32,10000001000000011010000111110010000100101111,0.7862331357558077,-2.719903640724098,0.900303,10000000111010110010000111110000001100111111,10000001000000011010000111110010000100101111,31.0
32,10000000111010100010100011110001011011101000,0.7146121775179353,-52.84537144789015,0.5153359,10000000111010100010100011110001011011101000,10000000100000011110010111110001011100110010,31.0
32,10000000100000011110010111110001011100110010,0.39641866598574893,-2.8418309311463616,0.9207388,10000000111010100010100011110001011011101000,10000000100000011110010111110001011100110010,31.0
32,10000000000000111111010111110000000110110010,0.012087824842410555,-3.1042821655946113,0.9891375,10000000000000111110000111110000110110101000,10000001011001011110010111110000000110110010,31.0
32,10000001011001011110000111110000110110101000,1.092171929400422,-2.9582745929419048,0.9900644,10000000000000111110000111110000110110101000,10000001011001011110010111110000000110110010,31.0
32,10000000111100110010010111110000011111101000,0.7420303206516081,-3.0284650393641073,0.989874,10000000111100110010010111110000011111101000,10000000011000110010010111110000001110110010,31.0
32,10000000011000110110010111110000001110111010,0.303340030512814,-3.0794866274563333,0.9883762,10000000111100110010010111110000011111101000,10000000011000110010010111110000001110110010,31.0
32,00000000000000010010100111110000111000101111,-99.99647140418801,-2.9518372897713903,0.502292,10000000000000010010100111110000111000101111,10000000101000110110000111110000110110010110,31.0
32,10000000101000110110000111110000110110010110,0.49860489335176794,-2.9591329000313067,0.9717855,10000000000000010010100111110000111000101111,10000000101000110110000111110000110110010110,31.0
32,10000010111010100010000111110001000111101000,2.2770171825926724,-2.906394697760277,0.7202593,10000010111010100010000111110001000111101000,10000001010000101111110111110000000100101111,31.0
32,10000001010000101111110111100000000100101111,0.9856941665873933,-6.235529478914614,0.961589,10000010111010100010000111110001000111101000,10000001010000101111110111110000000100101111,31.0
32,10000000111001011110000111110000001110111000,0.7015468362681503,-3.0795819949107113,0.9898918,10000000111001011110010111110001011100101000,10000000100010010010000111110000001110111000,31.0
32,10000000100010011010010111110001011100101000,0.4200697946714911,-2.8423077684182516,0.922662,10000000111001011110010111110001011100101000,10000000100010010010000111110000001110111000,31.0
33,10000101010000111110000111110001001111101000,4.113412884095396,-2.8819806294395107,0.1129275,10000001010000111110010111110001010111100010,10000000101000110110100111110001001111101000,32.0
33,10000000101000110110110111110001010111100010,0.49874794453333493,-2.8578526634818644,0.9358774,10000001010000111110010111110001010111100010,10000000101000110110100111110001001111101000,32.0
33,10000001011011110010000111010010000100101111,1.1204006958963078,-8.969905130840573,0.8066699,10000001100001101110000111110000001000101111,10000001011011110010000111110010000100101111,32.0
33,10000001100001101110000111110000001000101111,1.1928799612235963,-3.098321699695987,0.9583389,10000001100001101110000111110000001000101111,10000001011011110010000111110010000100101111,32.0
33,10000000111010100010100011110001011011101000,0.7146121775179353,-52.84537144789015,0.5153359,10000001111001001110010111110000101000101000,10000000111010100010100011110001011011101000,32.0
33,10000001111001001110010111110000101000101000,1.479792947719801,-3.0009992125032454,0.9486892,10000001111001001110010111110000101000101000,10000000111010100010100011110001011011101000,32.0
33,10000001011001011110000111110000000111101100,1.092171929400422,-3.1015165094176496,0.9684752,10000000100000011110010111110001011100100000,10000001011001011110000111110000000111101100,32.0
33,10000010100000011110010111110001011100100000,1.958919038514864,-2.8426892382357636,0.8970188,10000000100000011110010111110001011100100000,10000001011001011110000111110000000111101100,32.0
33,10000001111001001110010111110000100111101100,1.479792947719801,-3.003860236134585,0.9476704,10000001111001001110010111110000101000101000,10000001011001011110000111110000000111101100,32.0
33,10000001011001011110000111110000001000101000,1.092171929400422,-3.09865548578631,0.9692482,10000001111001001110010111110000101000101000,10000001011001011110000111110000000111101100,32.0
33,10000000100000010010100111010000001110110010,0.3941775308078661,-9.32986958739032,0.9166823,10000000100000010010100111010000011111101111,10000000101000111010000111110000001110110010,32.0
33,10000000101000111010000111110000011111101111,0.4993678329867919,-3.0281312532737843,0.9855541,10000000100000010010100111010000011111101111,10000000101000111010000111110000001110110010,32.0
33,10000000101000111010000111110000001110110010,0.4993678329867919,-3.0798680972738453,0.9899519,10000000101000111010000111110000001110110010,10000000101000111010000111110000001110110010,32.0
33,10000000101000111010000111110000001110110010,0.4993678329867919,-3.0798680972738453,0.9899519,10000000101000111010000111110000001110110010,10000000101000111010000111110000001110110010,32.0
33,10100000111010100100100111110000010111101000,25.714999607801346,-3.0528791076848734,0.5080792,10100000111010100010100111110000010110011111,10000001011001000010000111110000011011101000,32.0
33,10000001011001000010000111110000011010011111,1.0868313519552544,-3.044152985609287,0.9816686,10100000111010100010100111110000010110011111,10000001011001000010000111110000011011101000,32.0
33,11000010111010100010000111110001001101101101,52.277029103524484,-2.8878457278837573,0.4819445,11000010111010100010000111110000000110101000,10000000111010100010100111110001001101101101,32.0
33,10000000111010100010100111110000000110101000,0.7146121775179353,-3.1047590028665013,0.9880764,11000010111010100010000111110000000110101000,10000000111010100010100111110001001101101101,32.0
33,10000001111010010010000111110010000100101111,1.492715237788019,-2.719903640724098,0.9890197,10000001111010011010100111110000000110101100,10000001011011110010000111110010000100101111,32.0
33,10000001011011111010100111110000000110101100,1.1220219426207336,-3.1045682679577453,0.964591,10000001111010011010100111110000000110101100,10000001011011110010000111110010000100101111,32.0
33,10000001011000100010100111110000011011101000,1.0808232023294408,-3.0406720735244903,0.9826104,10000001011000100010100111110000000110101000,10000000010000000010000011110000011011101000,32.0
33,10000000010000000010000011110000000110101000,0.1957178582472494,-53.104770923798306,0.5282019,10000001011000100010100111110000000110101000,10000000010000000010000011110000011011101000,32.0
33,10000010111000100010100111110001001101101101,2.2526984817262843,-2.8878457278837573,0.7456459,10000010111010100010100111110001001101101101,10000000010010100110100111110000010110011111,32.0
33,10000000010010100110100111110000010110011111,0.22709375073760896,-3.05636001976967,0.9849591,10000010111010100010100111110001001101101101,10000000010010100110100111110000010110011111,32.0
33,10000000111010100010100011110001011011101000,0.7146121775179353,-52.84537144789015,0.5153359,10000000111010100010100011110001011011101000,10000000111010110010000111110000001100111111,32.0
33,10000000110010110010000111110000001100111111,0.6199122953205745,-3.08535172590058,0.9902127,10000000111010100010100011110001011011101000,10000000111010110010000111110000001100111111,32.0
33,10000000100000011110010111110001011110101100,0.39641866598574893,-2.836013516429304,0.9178025,10000000100000011110010111110001011100100000,10000001111010011010100111110000000110101100,32.0
33,10000001111010011010100111110000000100100000,1.494336484512445,-3.111243989764205,0.8974644,10000000100000011110010111110001011100100000,10000001111010011010100111110000000110101100,32.0
33,10000000101000110110000111110000001000010100,0.49860489335176794,-3.0996091603300897,0.9902832,10000000101000110110000111110000001000011100,10000000000000110110000111110000110110110100,32.0
33,10000000000000110110000111110000110110111100,0.010323526936417693,-2.957320918398125,0.9583801,10000000101000110110000111110000001000011100,10000000000000110110000111110000110110110100,32.0
33,10000000000000000010010111110001011100101000,0.0004529954082954646,-2.8423077684182516,0.906477,10000000000000000010010111110001011100101000,10000000000000111110010111110000010110111111,32.0
33,10000000000000111110010111110000110110111111,0.01189708993365457,-2.957177867216558,0.9583323,10000000000000000010010111110001011100101000,10000000000000111110010111110000010110111111,32.0
33,10100000000000110010000111110000011101110110,25.009566547767292,-3.033900984263653,0.6857592,10000000000000110010000111110000011101110110,01111110100000010010000111110000010110011111,32.0
33,01111110100000010010000111110000010110011111,-1.1684182091756412,-3.05636001976967,0.9728881,10000000000000110010000111110000011101110110,01111110100000010010000111110000010110011111,32.0
33,10000000010000110010000111110000011101110111,0.2048731338675367,-3.033853300536464,0.980933,10000000010000110010000111110000011101110111,10000000111010100000100111110000001110111000,32.0
33,10000000111010100000100111110000001110111000,0.7142307077004233,-3.0795819949107113,0.9897724,10000000010000110010000111110000011101110111,10000000111010100000100111110000001110111000,32.0
33,10000000101000110110000111110000000000101111,0.49860489335176794,-3.122735768016753,0.989728,10000000101000110110000111110000001000011100,10000000111010100010100111110000000000101111,32.0
33,10100000111000100110100111110000001000011100,25.69096700929809,-3.0992276905125777,0.514659,10000000101000110110000111110000001000011100,10000000111010100010100111110000000000101111,32.0
33,10000001000000011010010111110010000100101111,0.7862808194829967,-2.719903640724098,0.9003105,10000000101000111010000111110000010110011111,10000001000000011010000111110010000100101111,32.0
33,10000000101000111010000111110000010110011111,0.4993678329867919,-3.05636001976967,0.988586,10000000101000111010000111110000010110011111,10000001000000011010000111110010000100101111,32.0
33,10000001100001101110000111110000001000101111,1.1928799612235963,-3.098321699695987,0.9583389,10000001100001101110000111110000001000101111,10000000100010011010010111110001011100101000,32.0
33,10000000100010011010010111110001011100101000,0.4200697946714911,-2.8423077684182516,0.922662,10000001100001101110000111110000001000101111,10000000100010011010010111110001011100101000,32.0
33,10000001011001000010000111110000011011101000,1.0868313519552544,-3.0406720735244903,0.982258,10000001011001000010000111110000011011101000,10000000111010100010100111110000010110011111,32.0
33,10000000111010100010100111110000010110011111,0.7146121775179353,-3.05636001976967,0.990284,10000001011001000010000111110000011011101000,10000000111010100010100111110000010110011111,32.0
33,10000000111010100011100111110000001110111110,0.7148029124266913,-3.0792958925475773,0.9897791,10000000111010100011100111110000001110111110,10000001011001011110000111110000000111101100,32.0
33,10000001011001011110000111110000000111001100,1.092171929400422,-3.1030423886876974,0.9680573,10000000111010100011100111110000001110111110,10000001011001011110000111110000000111101100,32.0
33,10000001010000101111111000110000011000100111,0.9856941665873933,9.450127947360983,0.9156979,10000001010000101111110111100000000100101111,10000001011011110010001000110000011000100111,32.0
33,10000001011011110010000111100000000100101111,1.1204006958963078,-6.235529478914614,0.9596398,10000001010000101111110111100000000100101111,10000001011011110010001000110000011000100111,32.0
33,10000000100000011110010111110001011100110010,0.39641866598574893,-2.8418309311463616,0.9207388,10000000100000011110010111110001011100110010,10000000010000000010000011110000011011101000,32.0
33,10000000011000000010000011110000011011101000,0.2933741315303138,-53.04068399445629,0.5255948,10000000100000011110010111110001011100110010,10000000010000000010000011110000011011101000,32.0
33,10000000100010011010010111110001011100101000,0.4200697946714911,-2.8423077684182516,0.922662,10000000100010011010010111110001011100101000,10000001111010011010100111110000000110101100,32.0
33,10000001111010011010100111110000000110101100,1.494336484512445,-3.1045682679577453,0.9008815,10000000100010011010010111110001011100101000,10000001111010011010100111110000000110101100,32.0
33,10000001111010011010100111110000000110111110,1.494336484512445,-3.1037099608683434,0.9013165,10000001111010011010100111110000000110101100,10000000011010100011000111100000000000011110,32.0
33,10000001011010100011000111100000000000001100,1.105332638104585,-6.249405443526612,0.958344,10000001111010011010100111110000000110101100,10000000011010100011000111100000000000011110,32.0
33,10000001111010111010100111110000110110010110,1.5004400015926365,-2.9591329000313067,0.9591083,10000001111010011010100111110000000110101111,10000000101000110110000111110000110110010110,32.0
33,10000000101000110110000111110000000110101111,0.49860489335176794,-3.1044252167761783,0.9902519,10000001111010011010100111110000000110101111,10000000101000110110000111110000110110010110,32.0
33,01111110111010100010100111110001001101101101,-0.8478881950111798,-2.8878457278837573,0.9740888,01111110100000010010000111110001000011100010,10000000111010100010100111110001001101101101,32.0
33,10000000100000010010000111110001000011100010,0.3940821633534881,-2.918887834283794,0.9540759,01111110100000010010000111110001000011100010,10000000111010100010100111110001001101101101,32.0
33,10000000010010100110100111110000111000100111,0.22709375073760896,-2.9522187595889022,0.9596237,10000000010010100110100111110000010110011111,10000001011011110010001000110000011000100111,32.0
33,10000001011011110010001000110000010110011111,1.1204006958963078,9.44364296046328,0.914427,10000000010010100110100111110000010110011111,10000001011011110010001000110000011000100111,32.0
33,10000000111100110010010111100000011111101000,0.7420303206516081,-6.153465784422352,0.9569833,10000000011010100011000111100000000000011110,10000000111100110010010111110000011111101000,32.0
33,10000000011010100011000111100000000000011110,0.3240824518400274,-6.24854713643721,0.9623978,10000000011010100011000111100000000000011110,10000000111100110010010111110000011111101000,32.0
33,10000000000000110010000111100000001101101100,0.009560587301393753,-6.208206703235319,0.9583756,10000000000000110010000111110000001101101100,10000000100000011110010111110000010110111110,32.0
33,10000000100000011010010111110000010110111110,0.395655726350725,-3.054881824226811,0.9869743,10000000000000110010000111110000001101101100,10000000100000011110010111110000010110111110,32.0
33,10000000101000010110000111110000001110110010,0.4925013762715764,-3.0798680972738453,0.9899113,10000000101000010110000111110000000110101000,10000000101000111010000111110000001110110010,32.0
33,10000000100000111010000111110000000110101000,0.4017115597037275,-3.1047590028665013,0.9902237,10000000101000010110000111110000000110101000,10000000101000111010000111110000001110110010,32.0
33,10000000100000011110110111110001011100110010,0.3965140334401269,-2.8418309311463616,0.9207454,10000000100000011110010111110001011100110010,10000000000000110010000111110000011101110110,32.0
33,10000000000000110010000111110000011101100110,0.009560587301393753,-3.034663923898677,0.9797362,10000000100000011110010111110001011100110010,10000000000000110010000111110000011101110110,32.0
33,10000000000000111110010111110000010110111000,0.01189708993365457,-3.055167926589945,0.9834853,10000000000000111110010111110000010110010110,10000000111010100000100111110000001110111000,32.0
33,10000000111010100000100111110000001110010110,0.7142307077004233,-3.081203241635137,0.9896992,10000000000000111110010111110000010110010110,10000000111010100000100111110000001110111000,32.0
33,10000000100000011110010111110000010110111110,0.39641866598574893,-3.054881824226811,0.9869854,10000000100000011110010111110000010110111110,10000000010010100110100111110000010110011111,32.0
33,10000000010010100110100111110000010110011111,0.22709375073760896,-3.05636001976967,0.9849591,10000000100000011110010111110000010110111110,10000000010010100110100111110000010110011111,32.0
33,10000001010001001111110111110010000000111111,0.9917976836675848,-2.7313477352494573,0.9380157,10000001010001001111110111110010000000101111,10000000111010100010100111110001001101101101,32.0
33,10000000111010100010100111110001001101101101,0.7146121775179353,-2.8878457278837573,0.9642325,10000001010001001111110111110010000000101111,10000000111010100010100111110001001101101101,32.0
33,10000001011001011110000111110000000111110111,1.092171929400422,-3.1009919884185706,0.9686179,10000001011001011110000111110000000111101100,10000000000000110010000111110000011100110111,32.0
33,10000000000000110010000111110000011100101100,0.009560587301393753,-3.0374295800756386,0.9802891,10000001011001011110000111110000000111101100,10000000000000110010000111110000011100110111,32.0
33,10000000000000000010010111110000001101101100,0.0004529954082954646,-3.083205958177075,0.9872864,10000000000000000010010111110001011100101000,10000000000000110010000111110000001101101100,32.0
33,10000000000000110010000111110001011100101000,0.009560587301393753,-2.8423077684182516,0.9064859,10000000000000000010010111110001011100101000,10000000000000110010000111110000001101101100,32.0
33,10000000001010100010100111110001011011101001,0.12867453781952065,-2.8453118432311584,0.9096993,10000000000000110110000111110000110110110100,10000000111010100010100111110001011011101001,32.0
33,10000000110000110110000111110000010110111100,0.5962611666348323,-3.054977191681189,0.9896275,10000000000000110110000111110000110110110100,10000000111010100010100111110001011011101001,32.0
33,10000000011010100010100111110000011011101111,0.3239870843856494,-3.0403382874341673,0.9838646,10000000011010100010100111110000111000101111,10000000010000000010000111110000011011101111,32.0
33,10000000010000000110000111110000111000101111,0.19648079788227335,-2.9518372897713903,0.9587383,10000000011010100010100111110000111000101111,10000000010000000010000111110000011011101111,32.0
33,10000000111010100010101111110000010110011111,0.7146121775179353,96.94366382209392,0.5029242,10000000111010100010100111110000010110011111,10000000111010100010100011110001011011101000,32.0
33,10000000111010100010100011110001011011101000,0.7146121775179353,-52.84537144789015,0.5153359,10000000111010100010100111110000010110011111,10000000111010100010100011110001011011101000,32.0
33,10000000100000011110010111110001011100111110,0.39641866598574893,-2.8412587264200937,0.9204525,10000000100000011110010111110001011100111110,10000000000000111110010111110000010110111111,32.0
33,10000100000000111110010111110000010110111111,3.136897834991899,-3.054834140499622,0.1219723,10000000100000011110010111110001011100111110,10000000000000111110010111110000010110111111,32.0
33,10000001111010011010000111110000000110101000,1.494241117058067,-3.1047590028665013,0.9008079,10000001111010011010100111110000000110101100,10000000101000111010000111110000000110101000,32.0
33,10000000101000111010100111110000000110101100,0.4994632004411699,-3.1045682679577453,0.9902487,10000001111010011010100111110000000110101100,10000000101000111010000111110000000110101000,32.0
33,00000000000000100010100110110000001110011100,-99.99341964564792,-15.580920119504952,0.5009122,10000000000000100010100110110000011110011111,10000000111001011110000111110000001110111000,32.0
33,10000000111001011110000111110000011110011111,0.7015468362681503,-3.031945951448904,0.9895983,10000000000000100010100110110000011110011111,10000000111001011110000111110000001110111000,32.0
33,10000000111010100011100111110000001110101000,0.7148029124266913,-3.080344934545735,0.9897326,10000000111010100011100111110000001110111110,10000000111001011110010111110001011100101000,32.0
33,10000000111001011110010111110001011100111110,0.7015945199953393,-2.8412587264200937,0.9467994,10000000111010100011100111110000001110111110,10000000111001011110010111110001011100101000,32.0
33,10000000010010110010000111110000011101110110,0.22928720218830279,-3.033900984263653,0.9812715,10000000010010100110000111110000001000011100,10000000000000110010000111110000011101110110,32.0
33,10000000000000100110000111010000001000011100,0.0072717683963219315,-9.349229180629052,0.9180312,10000000010010100110000111110000001000011100,10000000000000110010000111110000011101110110,32.0
33,10000001010000111110010111110001010111100111,0.9884598227643551,-2.8576142448459194,0.9774055,10000001010000111110010111110001010111100010,10000000010000000010000111110000011011101111,32.0
33,10000000010000000010000111110000011011101010,0.1957178582472494,-3.0405767060701123,0.9820624,10000001010000111110010111110001010111100010,10000000010000000010000111110000011011101111,32.0
33,10000000111010101111110111110010000000101111,0.7171394150589521,-2.7321106748844812,0.8965208,10000000111010100010100111110000000000101111,10000001010001001111110111110010000000101111,32.0
33,10000001010001000010100111110000000000101111,0.989270446126568,-3.122735768016753,0.9719435,10000000111010100010100111110000000000101111,10000001010001001111110111110010000000101111,32.0
33,10000010111010100010000111110000001100111111,2.2770171825926724,-3.08535172590058,0.5892171,10000010111010100010100110110001001111101000,10000000111010110010000111110000001100111111,32.0
33,10000000111010110010100110110001001111101000,0.717663936058031,-15.38198360967246,0.7661777,10000010111010100010100110110001001111101000,10000000111010110010000111110000001100111111,32.0
34,10000000000000111010000111110000000110101000,0.011086466571441633,-3.1047590028665013,0.9891691,10000000000000110010000111110001011100101000,10000001111010011010000111110000000110101000,33.0
34,10100001111010010011000111110001011100101000,26.492911933162674,-2.8423077684182516,0.3301706,10000000000000110010000111110001011100101000,10000001111010011010000111110000000110101000,33.0
34,10000000101000110110000111110000001000010100,0.49860489335176794,-3.0996091603300897,0.9902832,10000000101000110110000111110000001000010100,10000001100001101110000111110000001000101111,33.0
34,10000001100001101110000111110000001000101111,1.1928799612235963,-3.098321699695987,0.9583389,10000000101000110110000111110000001000010100,10000001100001101110000111110000001000101111,33.0
34,10000000101000111010000111110000001110110010,0.4993678329867919,-3.0798680972738453,0.9899519,10000000000000111110010111110000010110111000,10000000101000111010000111110000001110110010,33.0
34,10000000000000111110010011110000010110111000,0.01189708993365457,-53.05517984752174,0.5261936,10000000000000111110010111110000010110111000,10000000101000111010000111110000001110110010,33.0
34,10000000111010100010100111110001011100101000,0.7146121775179353,-2.8423077684182516,0.9484692,10000000111010100010100111110001001101101101,10000000000000000010010111110001011100101000,33.0
34,10000000000000000010010111110001001101101101,0.0004529954082954646,-2.8878457278837573,0.9297842,10000000111010100010100111110001001101101101,10000000000000000010010111110001011100101000,33.0
34,10000000000000100110000111010000011011101010,0.0072717683963219315,-9.290578196186587,0.9085308,10000000000000100110000111010000001000011100,10000000010000000010000111110000011011101010,33.0
34,10000000010000000010000111110000011000011100,0.1957178582472494,-3.0503995538710456,0.9837244,10000000000000100110000111010000001000011100,10000000010000000010000111110000011011101010,33.0
34,10000000101000111011100111110000000110101100,0.49965393534992586,-3.1045682679577453,0.9902484,10000000101000111010100111110000000110101100,10000000101000111010100111110000000110101100,33.0
34,10000000101000111010100111110000000110101100,0.4994632004411699,-3.1045682679577453,0.9902487,10000000101000111010100111110000000110101100,10000000101000111010100111110000000110101100,33.0
34,10000000100000011110010111110000010110101010,0.39641866598574893,-3.055835498770591,0.9870921,10000000100000011110010111110000010110111110,10000000010000000010000111110000011011101010,33.0
34,10000000010000000010000111110000011011111110,0.1957178582472494,-3.0396230315263324,0.9818911,10000000100000011110010111110000010110111110,10000000010000000010000111110000011011101010,33.0
34,10000100101000110110000100110000000000101000,3.623605638409998,-40.62307849480593,0.5700401,10000000101000110110000111110000000000101111,10000001011001011110000111110000001000101000,33.0
34,10000001011001011110000111110000001000101111,1.092171929400422,-3.098321699695987,0.9693375,10000000101000110110000111110000000000101111,10000001011001011110000111110000001000101000,33.0
34,11000000111010100000100101110000001110010010,50.714242628632206,-28.08139993700979,0.4748726,10000000111010100000100111110000001110010110,10000000101000110110110111110001010111100010,33.0
34,10000000101000110110110111110001010111100110,0.49874794453333493,-2.8576619285731084,0.9357928,10000000111010100000100111110000001110010110,10000000101000110110110111110001010111100010,33.0
34,10000000100000001111111000110000011000100111,0.39365300980878715,9.450127947360983,0.9203097,10000000100000010010100111010000001110110010,10000001010000101111111000110000011000100111,33.0
34,10000001010000110010100111010000001110110010,0.9862186875864722,-9.32986958739032,0.920818,10000000100000010010100111010000001110110010,10000001010000101111111000110000011000100111,33.0
34,10100000101000110110100111110000001000010100,25.498706221272045,-3.0996091603300897,0.5811364,10000000101000110110000111110000001000010100,10000000101000111010000111110000011111101111,33.0
34,10000000101000111010000111110000011111101111,0.4993678329867919,-3.0281312532737843,0.9855541,10000000101000110110000111110000001000010100,10000000101000111010000111110000011111101111,33.0
34,10000001011001011110000111110000001000101111,1.092171929400422,-3.098321699695987,0.9693375,10000001011001011110000111110000000111110111,10000001100001101110000111110000001000101111,33.0
34,00000001100001101110000111110000000111110111,-98.80714388064,-3.1009919884185706,0.4957849,10000001011001011110000111110000000111110111,10000001100001101110000111110000001000101111,33.0
34,10100000000000000010010111110000001101101100,25.000458955874194,-3.083205958177075,0.6859279,10100000111010100100100111110000010111101000,10000000000000000010010111110000001101101100,33.0
34,10000000111010100100100111110000010111101000,0.7149936473354472,-3.0528791076848734,0.9902753,10100000111010100100100111110000010111101000,10000000000000000010010111110000001101101100,33.0
34,10000001011010100011100111110000001110101000,1.105428005558963,-3.080344934545735,0.9727313,10000001011000100010100111110000011011101000,10000000111010100011100111110000001110101000,33.0
34,10000000111000100010101111110000011011101000,0.6901981091971692,96.9593517683391,0.5030322,10000001011000100010100111110000011011101000,10000000111010100011100111110000001110101000,33.0
34,10000000000000110010000111110000000110101000,0.009560587301393753,-3.1047590028665013,0.9891687,10000000000000110010000111110001011100101000,10000000100000111010000111110000000110101000,33.0
34,10000000100000111010000111110001011100101000,0.4017115597037275,-2.8423077684182516,0.9213474,10000000000000110010000111110001011100101000,10000000100000111010000111110000000110101000,33.0
34,10000001011001011110000111110000001000101000,1.092171929400422,-3.09865548578631,0.9692482,10000001011001011110000111110000001000101000,10000000111010100010100111110000010110011111,33.0
34,10000000111111100010100111110000010110111111,0.7756473483198505,-3.054834140499622,0.9901109,10000001011001011110000111110000001000101000,10000000111010100010100111110000010110011111,33.0
34,11000000011011011110000111100000001000101000,50.33534773238844,-6.223656230844554,0.5241594,10000000011010100010100111110000011011101111,10000001011001011110000111110000001000101000,33.0
34,10000001011000100010100111110000011011101111,1.0808232023294408,-3.0403382874341673,0.9826647,10000000011010100010100111110000011011101111,10000001011001011110000111110000001000101000,33.0
34,10000000010000110010000111110001011011101000,0.2048731338675367,-2.8453595269583474,0.9121162,10000000010000110010000111110000011101110111,10000000111010100010100011110001011011101000,33.0
34,10000000111010100010100011110000011101110111,0.7146121775179353,-53.03386522146826,0.5254691,10000000010000110010000111110000011101110111,10000000111010100010100011110001011011101000,33.0
34,10000000101000111010100111110000011000100111,0.4994632004411699,-3.0498750328719666,0.988025,10000000101000111010100111110000000110101100,10000001010000101111111000110000011000100111,33.0
34,10000001010000101111111000110001000110101100,0.9856941665873933,9.590747258841333,0.8799429,10000000101000111010100111110000000110101100,10000001010000101111111000110000011000100111,33.0
34,10000000101000110110000111110000011111101111,0.49860489335176794,-3.0281312532737843,0.9855372,10000000101000110110000111110000000000101111,10000000101000111010000111110000011111101111,33.0
34,10000000101000111010000111110000000000101111,0.4993678329867919,-3.122735768016753,0.9897224,10000000101000110110000111110000000000101111,10000000101000111010000111110000011111101111,33.0
34,10000000000000110010100111110000111000100111,0.009655954755771745,-2.9522187595889022,0.9565766,10000000000000110010000111110000011100101100,10000000010010100110100111110000111000100111,33.0
34,10000000010010100110000111110000011100101100,0.22699838328323096,-3.0374295800756386,0.9818879,10000000000000110010000111110000011100101100,10000000010010100110100111110000111000100111,33.0
34,10000000111010101111110111110010001011101001,0.7171394150589521,-2.698827433306562,0.8770897,10000000111010101111110111110010000000101111,10000000001010100010100111110001011011101001,33.0
34,10000000001010100010100111110001010000101111,0.12867453781952065,-2.878595084809092,0.9267328,10000000111010101111110111110010000000101111,10000000001010100010100111110001011011101001,33.0
34,10000000010010110000000111110000011101110110,0.22890573237079082,-3.033900984263653,0.9812661,10000000010010110010000111110000011101110110,10100000000000110010000111110000011101110110,33.0
34,10100000000000110010000111110000011101110110,25.009566547767292,-3.033900984263653,0.6857592,10000000010010110010000111110000011101110110,10100000000000110010000111110000011101110110,33.0
34,10000000000010110010000111110000011101110110,0.033974655622159844,-3.033900984263653,0.9796168,10000000010010110010000111110000011101110110,10000000111010100011100111110000001110111110,33.0
34,10000000111010100011100111110000001110111110,0.7148029124266913,-3.0792958925475773,0.9897791,10000000010010110010000111110000011101110110,10000000111010100011100111110000001110111110,33.0
34,11100001100001101010000111100000001101101100,76.19213490298625,-6.208206703235319,0.4946768,10000001100001101110000111110000001000101111,10000000000000110010000111100000001101101100,33.0
34,10000000000000110110000111110000001000101111,0.010323526936417693,-3.098321699695987,0.9887024,10000001100001101110000111110000001000101111,10000000000000110010000111100000001101101100,33.0
34,10000000010010100110100111110000111000100111,0.22709375073760896,-2.9522187595889022,0.9596237,10000000010010100110100111110000111000100111,10000000100000011010010111110000010110111110,33.0
34,10000000100000011010000111110000010110111110,0.395608042623536,-3.054881824226811,0.9869736,10000000010010100110100111110000111000100111,10000000100000011010010111110000010110111110,33.0
34,10000000010010100110100111110000111000100111,0.22709375073760896,-2.9522187595889022,0.9596237,10000000010010100110100111110000111000100111,10000001111010111010100111110000110110010110,33.0
34,10000001111010111010100111110000110110010110,1.5004400015926365,-2.9591329000313067,0.9591083,10000000010010100110100111110000111000100111,10000001111010111010100111110000110110010110,33.0
34,10000000000000111110000111100000000000011110,0.011849406206465574,-6.24854713643721,0.9620186,10000000000000111110010111110000010110111000,10000000011010100011000111100000000000011110,33.0
34,10000000011010100011010111110000010110111000,0.32413013556721637,-3.055167926589945,0.9859902,10000000000000111110010111110000010110111000,10000000011010100011000111100000000000011110,33.0
34,00000000100000011110010111110000010110111110,-99.60360517587785,-3.054881824226811,0.4992086,10000000100000011110010111110000010110111110,10000000111010100010100111110000010110011111,33.0
34,10000000011010100010100111110000010110011111,0.3239870843856494,-3.05636001976967,0.9861405,10000000100000011110010111110000010110111110,10000000111010100010100111110000010110011111,33.0
34,10000000101000110110000111110000001000010111,0.49860489335176794,-3.0994661091485227,0.9902834,10000000101000110110000111110000001000010100,10000001011001000010000111110000011010011111,33.0
34,11000001011001000010000111110000011010011100,51.08684327288705,-3.044296036790854,0.4904383,10000000101000110110000111110000001000010100,10000001011001000010000111110000011010011111,33.0
34,10000000111001011110010111110001011100111110,0.7015945199953393,-2.8412587264200937,0.9467994,10000001011001000010000111110000011011101000,10000000111001011110010111110001011100111110,33.0
34,10000001011001000010000111110000011011101000,1.0868313519552544,-3.0406720735244903,0.982258,10000001011001000010000111110000011011101000,10000000111001011110010111110001011100111110,33.0
34,10000000010000000110000111110000111000101111,0.19648079788227335,-2.9518372897713903,0.9587383,10000000010000000110000111110000111000101111,10000000101000110110000111110000000000101111,33.0
34,10000000101000110110000111110000000000101111,0.49860489335176794,-3.122735768016753,0.989728,10000000010000000110000111110000111000101111,10000000101000110110000111110000000000101111,33.0
34,10000000000000110110000111110000110110111100,0.010323526936417693,-2.957320918398125,0.9583801,10000000000000110110000111110000110110111100,10000001011011110010001000110000010110011111,33.0
34,10000001011011110010001000110000010110011111,1.1204006958963078,9.44364296046328,0.914427,10000000000000110110000111110000110110111100,10000001011011110010001000110000010110011111,33.0
34,10000001111001001110010111110000101000101000,1.479792947719801,-3.0009992125032454,0.9486892,10000001111001001110010111110000101000101000,10000000101000110110000111110000000110101111,33.0
34,10000000101000110110000111110000000110101111,0.49860489335176794,-3.1044252167761783,0.9902519,10000001111001001110010111110000101000101000,10000000101000110110000111110000000110101111,33.0
34,10000000111010100011000111100000000000011110,0.7147075449723133,-6.24854713643721,0.9626394,10000000111010101111110111110010000000101111,10000000011010100011000111100000000000011110,33.0
34,10000000011010101111110111110010000000101111,0.3265143219266662,-2.7321106748844812,0.850107,10000000111010101111110111110010000000101111,10000000011010100011000111100000000000011110,33.0
34,10010001100001101110000111110000001000101111,13.692882941456546,-3.098321699695987,0.157788,10000001100001101110000111110000001000101111,10000000100000011110010111110001011100111110,33.0
34,10100000100000011110010111110001011100111110,25.396424626451648,-2.8412587264200937,0.6215507,10000001100001101110000111110000001000101111,10000000100000011110010111110001011100111110,33.0
34,11000010111010100010000111110001001101101101,52.277029103524484,-2.8878457278837573,0.4819445,11000010111010100010000111110001001101101101,10000000000000111110010111110000010110111000,33.0
34,10000000000000111110010111110000010110111000,0.01189708993365457,-3.055167926589945,0.9834853,11000010111010100010000111110001001101101101,10000000000000111110010111110000010110111000,33.0
34,10000000101000111010000111110000001000010100,0.4993678329867919,-3.0996091603300897,0.9902829,10000000101000111010000111110000011111101111,10000000101000110110000111110000001000010100,33.0
34,10100000101000110110000111110000011111101111,25.498610853817667,-3.0281312532737843,0.5839686,10000000101000111010000111110000011111101111,10000000101000110110000111110000001000010100,33.0
34,10000001011010100011000111100000000000001100,1.105332638104585,-6.249405443526612,0.958344,10000001011010100011000111100000000000001100,10000000111010100010100011110001011011101000,33.0
34,10000000111010100010100011110001011011101000,0.7146121775179353,-52.84537144789015,0.5153359,10000001011010100011000111100000000000001100,10000000111010100010100011110001011011101000,33.0
34,10000001011011010010000111100000000100101111,1.1142971788161162,-6.235529478914614,0.9597545,10000001011011110010000111100000000100101111,10000000000000100110000111010000001000011100,33.0
34,10000000000000100110000111010000001000011100,0.0072717683963219315,-9.349229180629052,0.9180312,10000001011011110010000111100000000100101111,10000000000000100110000111010000001000011100,33.0
34,10000000000001000010100111110000000000101111,0.012707713295867507,-3.122735768016753,0.9900414,10000000000000000010010111110001011100101000,10000001010001000010100111110000000000101111,33.0
34,10000001010001000010010111110001011100101000,0.989222762399379,-2.8423077684182516,0.974035,10000000000000000010010111110001011100101000,10000001010001000010100111110000000000101111,33.0
34,10000000010010100110100111110000010110011111,0.22709375073760896,-3.05636001976967,0.9849591,10000000000000000010010111110000001101101100,10000000010010100110100111110000010110011111,33.0
34,10000000000000000010010111110000001101101100,0.0004529954082954646,-3.083205958177075,0.9872864,10000000000000000010010111110000001101101100,10000000010010100110100111110000010110011111,33.0
34,10000000110000101111111000110000011000100111,0.5950690734551074,9.450127947360983,0.919469,10000000110000110110000111110000010110111100,10000001010000101111111000110000011000100111,33.0
34,10000000010000110110000111110000010110111100,0.20563607350256063,-3.054977191681189,0.9845332,10000000110000110110000111110000010110111100,10000001010000101111111000110000011000100111,33.0
34,10000001011010100011000111100000000000001100,1.105332638104585,-6.249405443526612,0.958344,10000001010001000010100111110000000000101111,10000001011010100011000111100000000000001100,33.0
34,10000001010001000010100111110000000000101111,0.989270446126568,-3.122735768016753,0.9719435,10000001010001000010100111110000000000101111,10000001011010100011000111100000000000001100,33.0
34,10000010100000011110010111110001011100100000,1.958919038514864,-2.8426892382357636,0.8970188,10000010100000011110010111110001011100100000,10000000011010100011000111100000000000011110,33.0
34,10000000001010100011000111100000000000011110,0.12876990527389864,-6.24854713643721,0.9620867,10000010100000011110010111110001011100100000,10000000011010100011000111100000000000011110,33.0
34,10000000101000110111100111110000001110101000,0.4988909957149019,-3.080344934545735,0.989966,10000000101000110110000111110000000110101111,10000000111010100011100111110000001110101000,33.0
34,10000000111010100010000111110000000110101111,0.7145168100635573,-3.1044252167761783,0.9881085,10000000101000110110000111110000000110101111,10000000111010100011100111110000001110101000,33.0
34,10000000100000011010000111110000001000101000,0.395608042623536,-3.09865548578631,0.9900726,10000000100000011010010111110000010110111110,10000001011001011110000111110000001000101000,33.0
34,10000001011001011110010111110000010110111110,1.092219613127611,-3.054881824226811,0.979352,10000000100000011010010111110000010110111110,10000001011001011110000111110000001000101000,33.0
34,10000001011011111010110111110000000010101100,1.1220696263479226,-3.1167753021181284,0.9608699,10000000001010100010100111110001011011101001,10000001011011111010100111110000000110101100,33.0
34,10000000001010100010100111110001011011101101,0.12867453781952065,-2.8451211083224024,0.9095963,10000000001010100010100111110001011011101001,10000001011011111010100111110000000110101100,33.0
34,10000001011001000010000111110000011010011111,1.0868313519552544,-3.044152985609287,0.9816686,10000001011001000010000111110000011010011111,10000001011001000010000111110000011010011111,33.0
34,10000001011001000010000111110000011010011111,1.0868313519552544,-3.044152985609287,0.9816686,10000001011001000010000111110000011010011111,10000001011001000010000111110000011010011111,33.0
34,01111110111010100110000111010000001000011100,-0.8472206228305339,-9.349229180629052,0.9211202,01111110111010100010100111110001001101101101,10000000000000100110000111010000001000011100,33.0
34,10000000000000100010100111110001001101101101,0.006604196215675984,-2.8878457278837573,0.9297878,01111110111010100010100111110001001101101101,10000000000000100110000111010000001000011100,33.0
35,10000000111010100100100111110000010111101000,0.7149936473354472,-3.0528791076848734,0.9902753,10000000111010100100100111110000010111101000,10000000111010100011000111100000000000011110,34.0
35,10000000111010100011000111100000000000011110,0.7147075449723133,-6.24854713643721,0.9626394,10000000111010100100100111110000010111101000,10000000111010100011000111100000000000011110,34.0
35,10000010100000011110000111110000111000101111,1.958871354787675,-2.9518372897713903,0.8390157,10000010100000011110010111110001011100100000,10000000010000000110000111110000111000101111,34.0
35,10000000010001000110010111110001011100100000,0.2087355157698454,-2.8426892382357636,0.9108421,10000010100000011110010111110001011100100000,10000000010000000110000111110000111000101111,34.0
35,10000000010010110000000111110000011100101000,0.22890573237079082,-3.0376203149843946,0.981948,10000000010010110000000111110000011101110110,10000000111010100010100111110001011100101000,34.0
35,10000000111110100010100111110001011101110110,0.7634403141594674,-2.83858843769751,0.9518537,10000000010010110000000111110000011101110110,10000000111010100010100111110001011100101000,34.0
35,10000001011001011110000111010000001000011100,1.092171929400422,-9.349229180629052,0.9218015,10000001011001011110000111110000001000101111,10000000000000100110000111010000001000011100,34.0
35,10000000000000100110000111110000011000101111,0.0072717683963219315,-3.0494935630544546,0.9825271,10000001011001011110000111110000001000101111,10000000000000100110000111010000001000011100,34.0
35,10000000001010100011000111100000011111101111,0.12876990527389864,-6.153131998332029,0.9488772,10000000001010100011000111100000000000011110,10000000101000111010000111110000011111101111,34.0
35,10000000101000111010000111110000000000011110,0.4993678329867919,-3.123546391378966,0.9896842,10000000001010100011000111100000000000011110,10000000101000111010000111110000011111101111,34.0
35,10000001011001000010000101110001011011101000,1.0868313519552544,-27.845365487424246,0.6085956,10000001011001000010000111110000011010011111,10000000010000110010000111110001011011101000,34.0
35,10000000010000110010000111110000011010011111,0.2048731338675367,-3.044152985609287,0.9827922,10000001011001000010000111110000011010011111,10000000010000110010000111110001011011101000,34.0
35,10000000101000100110000111010000001000011100,0.4955531348116722,-9.349229180629052,0.9193679,10000000101000110110000111110000000000101111,01111110111010100110000111010000001000011100,34.0
35,01111110111010110110000111110000000000101111,-0.8441688642904381,-3.122735768016753,0.9812092,10000000101000110110000111110000000000101111,01111110111010100110000111010000001000011100,34.0
35,10000000100000011010000111110000001000101000,0.395608042623536,-3.09865548578631,0.9900726,10000000010010100110100111110000111000100111,10000000100000011010000111110000001000101000,34.0
35,10000000010010100110100111110000111000100111,0.22709375073760896,-2.9522187595889022,0.9596237,10000000010010100110100111110000111000100111,10000000100000011010000111110000001000101000,34.0
35,10000000101000111010100111110000011000100111,0.4994632004411699,-3.0498750328719666,0.988025,10000000000000111110010111110000010110111000,10000000101000111010100111110000011000100111,34.0
35,10000000000000111110010111110000010110111000,0.01189708993365457,-3.055167926589945,0.9834853,10000000000000111110010111110000010110111000,10000000101000111010100111110000011000100111,34.0
35,10000000101000110110011000110000011000100111,0.49865257707895694,9.450127947360983,0.9199371,10000000101000110110000111110000001000010111,10000000110000101111111000110000011000100111,34.0
35,10000000010000101111110111110000001000010111,0.20444398032283573,-3.0994661091485227,0.9892612,10000000101000110110000111110000001000010111,10000000110000101111111000110000011000100111,34.0
35,11000000111001011110010111110000011100101100,50.70160644092712,-3.0374295800756386,0.5192755,10000000111001011110010111110001011100111110,10000000010010100110000111110000011100101100,34.0
35,10000000010010110100000111110001001100111110,0.22966867200581476,-2.89008686306164,0.9350425,10000000111001011110010111110001011100111110,10000000010010100110000111110000011100101100,34.0
35,10000000111010100010100111110000010110011111,0.7146121775179353,-3.05636001976967,0.990284,10000000111010100010100111110000010110011111,10000001011001011110010111110000010110111110,34.0
35,10000001011001011110010111110000010110111110,1.092219613127611,-3.054881824226811,0.979352,10000000111010100010100111110000010110011111,10000001011001011110010111110000010110111110,34.0
35,10000000111111100010100111110000010110111110,0.7756473483198505,-3.054881824226811,0.9901097,10000000111111100010100111110000010110111111,10000000100000011010000111110000010110111110,34.0
35,10000000100000011010000111111000010110111111,0.395608042623536,-1.492333767970507,0.0030959,10000000111111100010100111110000010110111111,10000000100000011010000111110000010110111110,34.0
35,10000000101000110110000111110000000000101111,0.49860489335176794,-3.122735768016753,0.989728,10000000101000110110110111110001010111100110,10000000101000110110000111110000000000101111,34.0
35,10000000101000110110110111110001010111100110,0.49874794453333493,-2.8576619285731084,0.9357928,10000000101000110110110111110001010111100110,10000000101000110110000111110000000000101111,34.0
35,10000000000001000010100111110000000000101111,0.012707713295867507,-3.122735768016753,0.9900414,10000000000001000010100111110000000000101111,10000001010001000010100111110000000000101111,34.0
35,10000001010001000010100111110000000000101111,0.989270446126568,-3.122735768016753,0.9719435,10000000000001000010100111110000000000101111,10000001010001000010100111110000000000101111,34.0
35,10000000010010100110100111110001001101101101,0.22709375073760896,-2.8878457278837573,0.9339326,10000000010010100110100111110000111000100111,10000000000000100010100111110001001101101101,34.0
35,10000000000000100010100111110000111000100111,0.006604196215675984,-2.9522187595889022,0.9565736,10000000010010100110100111110000111000100111,10000000000000100010100111110001001101101101,34.0
35,10000000010000000010000111110000011011111110,0.1957178582472494,-3.0396230315263324,0.9818911,10000000111010101111110111110010001011101001,10000000010000000010000111110000011011111110,34.0
35,10000000111010101111010111110010001011101001,0.7170440476045741,-2.698827433306562,0.8770743,10000000111010101111110111110010001011101001,10000000010000000010000111110000011011111110,34.0
35,10000000101000111010100111110000001000100111,0.4994632004411699,-3.098703169513499,0.990284,10000000101000111010100111110000011000100111,10000000101000110110000111110000000110101111,34.0
35,10000000101000110110000111110000000110101111,0.49860489335176794,-3.1044252167761783,0.9902519,10000000101000111010100111110000011000100111,10000000101000110110000111110000000110101111,34.0
35,10000001011010100001010111110000011111101111,1.104998852014262,-3.0281312532737843,0.983221,10000001011010100011000111100000000000001100,10000000101000110110000111110000011111101111,34.0
35,10000000101000110110000111100001000000001100,0.49860489335176794,-6.054092896960469,0.9251593,10000001011010100011000111100000000000001100,10000000101000110110000111110000011111101111,34.0
35,11100001100001101010000111100000001101101100,76.19213490298625,-6.208206703235319,0.4946768,11100001100001101010000111100000001101101100,10000000111010100010100111110000010110011111,34.0
35,10000000111010100010100111110000010110011111,0.7146121775179353,-3.05636001976967,0.990284,11100001100001101010000111100000001101101100,10000000111010100010100111110000010110011111,34.0
35,10000000101000101010000111110000000000101111,0.4963160744466961,-3.122735768016753,0.9897447,10000000101000111010000111110000011111101111,10000000101000111010000111110000000000101111,34.0
35,10000000101000111010000111110000011111101111,0.4993678329867919,-3.0281312532737843,0.9855541,10000000101000111010000111110000011111101111,10000000101000111010000111110000000000101111,34.0
35,10000000101000110110000101110000001110010010,0.49860489335176794,-28.08139993700979,0.6452828,10000000101000110110000111110000000000101111,11000000111010100000100101110000001110010010,34.0
35,11000000111010100000100111110000000000101111,50.714242628632206,-3.122735768016753,0.5180388,10000000101000110110000111110000000000101111,11000000111010100000100101110000001110010010,34.0
35,10000000000010110010000111110100011101110110,0.033974655622159844,-2.2526507979990953,0.3984787,10000000000010110010000111110000011101110110,10000000100000011010000111110000001000101000,34.0
35,00000000100000011010000111110000001000101000,-99.60441579924006,-3.09865548578631,0.4992264,10000000000010110010000111110000011101110110,10000000100000011010000111110000001000101000,34.0
35,10000000011001011110010111110001011100111110,0.3109694268630534,-2.8412587264200937,0.9150207,10000000011010101111110111110010000000101111,10000000111001011110010111110001011100111110,34.0
35,10000000011010101111110111110010000000101111,0.3265143219266662,-2.7321106748844812,0.850107,10000000011010101111110111110010000000101111,10000000111001011110010111110001011100111110,34.0
35,10000000101000111010100111110000011000100111,0.4994632004411699,-3.0498750328719666,0.988025,10000000011010101111110111110010000000101111,10000000101000111010100111110000011000100111,34.0
35,10000000011010101111110111110010010000101111,0.3265143219266662,-2.683282538242949,0.8150956,10000000011010101111110111110010000000101111,10000000101000111010100111110000011000100111,34.0
35,10000000100000011010000111110000000100101111,0.395608042623536,-3.11052873385637,0.9902758,10000000100000011010000111110000001000101000,10000001011011010010000111100000000100101111,34.0
35,10000001011011010010000111100000001000101000,1.1142971788161162,-6.223656230844554,0.9608626,10000000100000011010000111110000001000101000,10000001011011010010000111100000000100101111,34.0
35,10000000101000110110000111110000000110101111,0.49860489335176794,-3.1044252167761783,0.9902519,10000000101000110110000111110000000110101111,10000000010000000010000111110000011011111110,34.0
35,10000000010000000010000111110000011011111110,0.1957178582472494,-3.0396230315263324,0.9818911,10000000101000110110000111110000000110101111,10000000010000000010000111110000011011111110,34.0
35,10000000100000011010000111110000000000101111,0.395608042623536,-3.122735768016753,0.9902008,10000000100000011010000111110000001000101000,10000001010001000010100111110000000000101111,34.0
35,10000001010001000010100111110000001000101000,0.989270446126568,-3.09865548578631,0.9775384,10000000100000011010000111110000001000101000,10000001010001000010100111110000000000101111,34.0
35,10000000101000110110000111110000001000010100,0.49860489335176794,-3.0996091603300897,0.9902832,10000000101000110110000111110000001000010100,10000000100000011110010111110000010110101010,34.0
35,10000000100000011110010111110000010110101010,0.39641866598574893,-3.055835498770591,0.9870921,10000000101000110110000111110000001000010100,10000000100000011110010111110000010110101010,34.0
35,10000000100000011110010111110000011100101100,0.39641866598574893,-3.0374295800756386,0.9847263,10000000100000011110010111110000010110101010,10000000010010100110000111110000011100101100,34.0
35,10000000010010100110000111110000010110101010,0.22699838328323096,-3.055835498770591,0.9848823,10000000100000011110010111110000010110101010,10000000010010100110000111110000011100101100,34.0
35,11000010111010100010000111110001001101101101,52.277029103524484,-2.8878457278837573,0.4819445,11000010111010100010000111110001001101101101,10000000000000110110000111110000001000101111,34.0
35,10000000000000110110000111110000001000101111,0.010323526936417693,-3.098321699695987,0.9887024,11000010111010100010000111110001001101101101,10000000000000110110000111110000001000101111,34.0
35,10000011011001000010000111110000011011101000,2.6493317244843837,-3.0406720735244903,0.3981762,10000001011001000010000111110000011011101000,10000000011010100010100111110000010110011111,34.0
35,10000000011010100010100111110000010110111111,0.3239870843856494,-3.054834140499622,0.9859451,10000001011001000010000111110000011011101000,10000000011010100010100111110000010110011111,34.0
35,10000001010000110010100111010000001111101100,0.9862186875864722,-9.327103931213358,0.9206523,10000001010000110010100111010000001110110010,10000000000000000010010111110000001101101100,34.0
35,10000000000000000010010111110000001110110010,0.0004529954082954646,-3.0798680972738453,0.9869138,10000001010000110010100111010000001110110010,10000000000000000010010111110000001101101100,34.0
35,10000000010000110110000111110000001000010100,0.20563607350256063,-3.0996091603300897,0.9892752,10000000010000110110000111110000010110111100,10000000101000111010000111110000001000010100,34.0
35,10000000101000111010000111110000010110111100,0.4993678329867919,-3.054977191681189,0.9884728,10000000010000110110000111110000010110111100,10000000101000111010000111110000001000010100,34.0
35,10000000010010110000000111110001011101110110,0.22890573237079082,-2.83858843769751,0.9094739,10000000010010110000000111110000011101110110,10000000101000111011100111110000000110101100,34.0
35,10000000101000011011100111110000000110101100,0.49355041826973434,-3.1045682679577453,0.9902589,10000000010010110000000111110000011101110110,10000000101000111011100111110000000110101100,34.0
35,10000000111010100010010111110000010110101010,0.7145644937907463,-3.055835498770591,0.990284,10000000111010100010100111110001011100101000,10000000100000011110010111110000010110101010,34.0
35,10000000100000011110100111110001011100101000,0.3964663497129379,-2.8423077684182516,0.9209803,10000000111010100010100111110001011100101000,10000000100000011110010111110000010110101010,34.0
35,10000000010000000010000111110000011000011100,0.1957178582472494,-3.0503995538710456,0.9837244,10000000010000000010000111110000011000011100,10000000100000011010000111110000010110111110,34.0
35,10000000100000011010000111110000010110111110,0.395608042623536,-3.054881824226811,0.9869736,10000000010000000010000111110000011000011100,10000000100000011010000111110000010110111110,34.0
35,10000000000000000010010111110000001101101100,0.0004529954082954646,-3.083205958177075,0.9872864,10000000000000000010010111110000001101101100,10000000000000100110000111010000011011101010,34.0
35,10000000000000100110000111010000011011101010,0.0072717683963219315,-9.290578196186587,0.9085308,10000000000000000010010111110000001101101100,10000000000000100110000111010000011011101010,34.0
35,10000000000000011010000111110000010110111110,0.0049829494912501104,-3.054881824226811,0.9834355,10000000000000110110000111110000001000101111,10000000100000011010000111110000010110111110,34.0
35,10000000100000110110000111110000001000101111,0.4009486200687036,-3.098321699695987,0.9900826,10000000000000110110000111110000001000101111,10000000100000011010000111110000010110111110,34.0
35,10100000000000110010000111110000010110111000,25.009566547767292,-3.055167926589945,0.6856118,10100000000000110010000111110000011101110110,10000000000000111110010111110000010110111000,34.0
35,10000000000000111110010111110000011101110110,0.01189708993365457,-3.033900984263653,0.9795828,10100000000000110010000111110000011101110110,10000000000000111110010111110000010110111000,34.0
35,10000001010000101111111000110001000110101000,0.9856941665873933,9.590556523932577,0.880012,10000001010000101111111000110001000110101100,10000000011010100011010111110000010110111000,34.0
35,10000000011010100011010111110000010110111100,0.32413013556721637,-3.054977191681189,0.9859655,10000001010000101111111000110001000110101100,10000000011010100011010111110000010110111000,34.0
35,10000000101000111010000111110000001110110010,0.4993678329867919,-3.0798680972738453,0.9899519,10000000101000111010100111110000000110101100,10000000101000111010000111110000001110110010,34.0
35,10000000101000111010100111110000000110101100,0.4994632004411699,-3.1045682679577453,0.9902487,10000000101000111010100111110000000110101100,10000000101000111010000111110000001110110010,34.0
35,10000001010000101111111000110001000110101100,0.9856941665873933,9.590747258841333,0.8799429,10000001010000101111111000110001000110101100,10000000100000011110010111110000010110101010,34.0
35,10000000100000011110010111110000010110101010,0.39641866598574893,-3.055835498770591,0.9870921,10000001010000101111111000110001000110101100,10000000100000011110010111110000010110101010,34.0
35,10000001111010111010100111110000110110010110,1.5004400015926365,-2.9591329000313067,0.9591083,10000001111010111010100111110000110110010110,10000000001010100010100111110001011011101101,34.0
35,10000000001010100010100111110001011011101101,0.12867453781952065,-2.8451211083224024,0.9095963,10000001111010111010100111110000110110010110,10000000001010100010100111110001011011101101,34.0
35,10100000000000110010000101110000011101110110,25.009566547767292,-28.03390694472955,0.5830629,10100000000000110010000111110000011101110110,10000000000001000010100111110000000000101111,34.0
35,10000000000001000010100111110000000000101111,0.012707713295867507,-3.122735768016753,0.9900414,10100000000000110010000111110000011101110110,10000000000001000010100111110000000000101111,34.0
35,10000001011001011110010111110000010110111110,1.092219613127611,-3.054881824226811,0.979352,10000001011001011110010111110000010110111110,10000000000000110110000111110000001000101111,34.0
35,10000000000000110110000111110000001000101111,0.010323526936417693,-3.098321699695987,0.9887024,10000001011001011110010111110000010110111110,10000000000000110110000111110000001000101111,34.0
35,10000000010010100010001000110000010110011111,0.22623544364820702,9.44364296046328,0.9210402,10000000010010100110100111110000111000100111,10000001011011110010001000110000010110011111,34.0
35,10000001011011110110100111110000111000100111,1.1212590029857097,-2.9522187595889022,0.9899113,10000000010010100110100111110000111000100111,10000001011011110010001000110000010110011111,34.0
35,10000000010010100110000111110000111000111110,0.22699838328323096,-2.9511220338635553,0.9592461,10000000010010100110100111110000111000100111,10000001011001011110010111110000010110111110,34.0
35,10000001011001011110010111110000010110100111,1.092219613127611,-3.055978549952158,0.9791384,10000000010010100110100111110000111000100111,10000001011001011110010111110000010110111110,34.0
35,10000000101010100010100111110000010110011111,0.5192996309517923,-3.05636001976967,0.9888428,10000000111010100010100111110000010110011111,10000000101000111010000111110000000000101111,34.0
35,10000000101000111010000111110000000000101111,0.4993678329867919,-3.122735768016753,0.9897224,10000000111010100010100111110000010110011111,10000000101000111010000111110000000000101111,34.0
35,10000000101000110110000111110000001000010100,0.49860489335176794,-3.0996091603300897,0.9902832,10000000101000110110000111110000001000010111,10000000101000110110000111110000001000010100,34.0
35,10000000101000110110000111110000001000010111,0.49860489335176794,-3.0994661091485227,0.9902834,10000000101000110110000111110000001000010111,10000000101000110110000111110000001000010100,34.0
36,10000000010000000010010111110000001101101100,0.1957655419744384,-3.083205958177075,0.9879216,10000000010010110000000111110000011100101000,10000000000000000010010111110000001101101100,35.0
36,10000000000010110000000101110000011100101000,0.033593185804647874,-28.037626275450293,0.6394957,10000000010010110000000111110000011100101000,10000000000000000010010111110000001101101100,35.0
36,10000000010010110000000111110000011100101000,0.22890573237079082,-3.0376203149843946,0.981948,10000000010010110100000111110001001100111110,10000000010010110000000111110000011100101000,35.0
36,10000000010010110100000111110001001100011110,0.22966867200581476,-2.891612742331688,0.93573,10000000010010110100000111110001001100111110,10000000010010110000000111110000011100101000,35.0
36,10000000011010101111110111110010010000101111,0.3265143219266662,-2.683282538242949,0.8150956,10000000100000011010000111110000010110111110,10000000011010101111110111110010010000101111,35.0
36,10000000100000011010000111110000010110111110,0.395608042623536,-3.054881824226811,0.9869736,10000000100000011010000111110000010110111110,10000000011010101111110111110010010000101111,35.0
36,10000000010000000010000111110000001000010111,0.1957178582472494,-3.0994661091485227,0.9892253,10000000010000000010000111110000011011111110,10000000101000110110000111110000001000010111,35.0
36,10000000101000110110000111110000011011111110,0.49860489335176794,-3.0396230315263324,0.986957,10000000010000000010000111110000011011111110,10000000101000110110000111110000001000010111,35.0
36,10000000010010110000000111110000010110111111,0.22890573237079082,-3.054834140499622,0.9847571,10000000010010110000000111110001011101110110,10000000011010100010100111110000010110111111,35.0
36,10000000011010100010100111100001011101110110,0.3239870843856494,-5.963589182755754,0.8789564,10000000010010110000000111110001011101110110,10000000011010100010100111110000010110111111,35.0
36,10000000101000111010100111110000001000100111,0.4994632004411699,-3.098703169513499,0.990284,10000000101000111010100111110000001000100111,10000000111111100010100111110000010110111110,35.0
36,10000000111111100010100111110000010110111110,0.7756473483198505,-3.054881824226811,0.9901097,10000000101000111010100111110000001000100111,10000000111111100010100111110000010110111110,35.0
36,10000000101000101010000111110000000000101111,0.4963160744466961,-3.122735768016753,0.9897447,10000000101000101010000111110000000000101111,10000000000000100010100111110000111000100111,35.0
36,10000000000000100010100111110000111000100111,0.006604196215675984,-2.9522187595889022,0.9565736,10000000101000101010000111110000000000101111,10000000000000100010100111110000111000100111,35.0
36,10000000010010100110000111110000010110101110,0.22699838328323096,-3.055644763861835,0.9848546,10000000010010100110000111110000010110101010,10000001010000101111111000110001000110101000,35.0
36,10000001010010101111111000110001000110101000,1.0101082349081594,9.590556523932577,0.8790866,10000000010010100110000111110000010110101010,10000001010000101111111000110001000110101000,35.0
36,10000000000000111110010111110000010110111000,0.01189708993365457,-3.055167926589945,0.9834853,10000000000000111110010111110000010110111000,10000000000000100110000111010000011011101010,35.0
36,10000000000000100110000111010000011011101010,0.0072717683963219315,-9.290578196186587,0.9085308,10000000000000111110010111110000010110111000,10000000000000100110000111010000011011101010,35.0
36,10000000111010100011000111100000000000011110,0.7147075449723133,-6.24854713643721,0.9626394,10000000111010100011000111100000000000011110,10000000101000111010100111110000001000100111,35.0
36,10000000101000111010100111110000001000100111,0.4994632004411699,-3.098703169513499,0.990284,10000000111010100011000111100000000000011110,10000000101000111010100111110000001000100111,35.0
36,10000000101000111010100111110000001000100111,0.4994632004411699,-3.098703169513499,0.990284,10000000101000110110011000110000011000100111,10000000101000111010100111110000001000100111,35.0
36,10000000101000110110011000110000011000100111,0.49865257707895694,9.450127947360983,0.9199371,10000000101000110110011000110000011000100111,10000000101000111010100111110000001000100111,35.0
36,10000000000000000010010111110000001101101100,0.0004529954082954646,-3.083205958177075,0.9872864,10000000000000000010010111110000001101101100,10000000101000110110000111110000001000010100,35.0
36,10000000101000110110000111110000001000010100,0.49860489335176794,-3.0996091603300897,0.9902832,10000000000000000010010111110000001101101100,10000000101000110110000111110000001000010100,35.0
36,10000000101000110110010111110000010110111100,0.49865257707895694,-3.054977191681189,0.988463,10000000101000110110000111110000001000010100,10000001011001011110010111110000010110111110,35.0
36,10000001011001011110000111110000001000010100,1.092171929400422,-3.0996091603300897,0.968992,10000000101000110110000111110000001000010100,10000001011001011110010111110000010110111110,35.0
36,10000000101010110110000111110000111000101111,0.523018961672534,-2.9518372897713903,0.9709668,10000000101000110110000111110000001000010100,10000010100000011110000111110000111000101111,35.0
36,10000010100000011110000111110000001000010100,1.958871354787675,-3.0996091603300897,0.7421302,10000000101000110110000111110000001000010100,10000010100000011110000111110000111000101111,35.0
36,10000000010000110110000111110000001000000100,0.20563607350256063,-3.1003720999651136,0.9893225,10000000010000110110000111110000001000010100,10000000010000110110000111110000001000010100,35.0
36,10000000010010110110000111110000001000010100,0.23005014182332673,-3.0996091603300897,0.98938,10000000010000110110000111110000001000010100,10000000010000110110000111110000001000010100,35.0
36,10000000111100011010000111110000000000101111,0.7374049991142755,-3.122735768016753,0.9854666,10000000111111100010100111110000010110111110,10000000100000011010000111110000000000101111,35.0
36,10000000100011100010100111110000010110111110,0.433850391829111,-3.054881824226811,0.9875335,10000000111111100010100111110000010110111110,10000000100000011010000111110000000000101111,35.0
36,10000000111000110110110111110001010111100110,0.6940604910994779,-2.8576619285731084,0.9523403,10000000101000110110110111110001010111100110,10000000011010100011010111110000010110111100,35.0
36,10000000011010100011010111110000010110111100,0.32413013556721637,-3.054977191681189,0.9859655,10000000101000110110110111110001010111100110,10000000011010100011010111110000010110111100,35.0
36,10000001011011110110100111110000111000101111,1.1212590029857097,-2.9518372897713903,0.9899248,10000001011011110110100111110000111000100111,10000000101000111010000111110000011111101111,35.0
36,10000000101000111010000111110000011111100111,0.4993678329867919,-3.0285127230912963,0.9856051,10000001011011110110100111110000111000100111,10000000101000111010000111110000011111101111,35.0
36,10000000111010100010100111110000011110011111,0.7146121775179353,-3.031945951448904,0.9897438,10000000111010100010100111110000010110011111,10000000101000100110000111010000001000011100,35.0
36,10000000101000100110000111010000001000011100,0.4955531348116722,-9.349229180629052,0.9193679,10000000111010100010100111110000010110011111,10000000101000100110000111010000001000011100,35.0
36,10000100101000110110110111110000010110110000,3.623748689591565,-3.055549396407457,0.0224637,10000000101000110110110111110001010111100110,10100000000000110010000111110000010110111000,35.0
36,10100000000000110010001111110001010111100110,25.009566547767292,97.14236191329047,0.5036938,10000000101000110110110111110001010111100110,10100000000000110010000111110000010110111000,35.0
36,10000000010010100110100111110000001000010100,0.22709375073760896,-3.0996091603300897,0.989367,10000000010010100110100111110000111000100111,10000000101000110110000111110000001000010100,35.0
36,10010000101000110110000111110000111000100111,12.998607873584717,-2.9522187595889022,0.5159473,10000000010010100110100111110000111000100111,10000000101000110110000111110000001000010100,35.0
36,10000000101000110111111000110001000110101000,0.4989386794420909,9.590556523932577,0.8926262,10000000101000110110000111110000000000101111,10000001010000101111111000110001000110101000,35.0
36,10000001010000101110000111110000000000101111,0.9853603804970703,-3.122735768016753,0.9722551,10000000101000110110000111110000000000101111,10000001010000101111111000110001000110101000,35.0
36,10000000000000000010010111110001001110110110,0.0004529954082954646,-2.8843648157989605,0.9281271,10000000000000000010010111110000001110110010,10000000000010110010000111110100011101110110,35.0
36,10000000000010110010000111110100011101110010,0.033974655622159844,-2.2528415329078513,0.3986637,10000000000000000010010111110000001110110010,10000000000010110010000111110100011101110110,35.0
36,10000000101000100110000111010000001000000111,0.4955531348116722,-9.350230538900021,0.9194579,10000000101000100110000111010000001000011100,10000001011011110110100111110000111000100111,35.0
36,10000001011011110110100111110000111000111100,1.1212590029857097,-2.9512174013179333,0.9899462,10000000101000100110000111010000001000011100,10000001011011110110100111110000111000100111,35.0
36,10000000100000011110010111110000010110101100,0.39641866598574893,-3.055740131316213,0.9870815,10000000100000011110010111110000010110101010,11100001100001101010000111100000001101101100,35.0
36,11100001100001101010000111100000001101101010,76.19213490298625,-6.208302070689697,0.4946767,10000000100000011110010111110000010110101010,11100001100001101010000111100000001101101100,35.0
36,10000000101000111010100111110000001000100111,0.4994632004411699,-3.098703169513499,0.990284,10000000101000111010100111110000001000100111,11000010111010100010000111110001001101101101,35.0
36,11000010111010100010000111110001001101101101,52.277029103524484,-2.8878457278837573,0.4819445,10000000101000111010100111110000001000100111,11000010111010100010000111110001001101101101,35.0
36,10000000010000110010000111110000011010011111,0.2048731338675367,-3.044152985609287,0.9827922,10000000010010100110100111110000111000100111,10000000010000110010000111110000011010011111,35.0
36,10000000010010100110100111110000111000100111,0.22709375073760896,-2.9522187595889022,0.9596237,10000000010010100110100111110000111000100111,10000000010000110010000111110000011010011111,35.0
36,10000000000000011010000111110000000100101111,0.0049829494912501104,-3.11052873385637,0.9895172,10000000000000000010010111110000001101101100,10000000100000011010000111110000000100101111,35.0
36,10000000100000000011010111110000001101101100,0.39126882344933733,-3.083205958177075,0.989368,10000000000000000010010111110000001101101100,10000000100000011010000111110000000100101111,35.0
36,10000000010000000010000111110000011011111110,0.1957178582472494,-3.0396230315263324,0.9818911,10000000010000000010000111110000011011111110,10000000101000111010000111110000000000011110,35.0
36,10000000101000111010000111110000000000011110,0.4993678329867919,-3.123546391378966,0.9896842,10000000010000000010000111110000011011111110,10000000101000111010000111110000000000011110,35.0
36,10000000100000011110010111110000011100101100,0.39641866598574893,-3.0374295800756386,0.9847263,10000000100000011110010111110000011100101100,10000000101000110110000111110000001000010100,35.0
36,10000000101000110110000111110000001000010100,0.49860489335176794,-3.0996091603300897,0.9902832,10000000100000011110010111110000011100101100,10000000101000110110000111110000001000010100,35.0
36,10000000010001000010100111110000000000101111,0.20802025986201045,-3.122735768016753,0.9902076,10000000010010100110100111110000111000100111,10000000000001000010100111110000000000101111,35.0
36,10000000000010100110100111110000111000100111,0.031781204171466015,-2.9522187595889022,0.9566322,10000000010010100110100111110000111000100111,10000000000001000010100111110000000000101111,35.0
36,10000000101000110110000101110000001110010010,0.49860489335176794,-28.08139993700979,0.6452828,10000000101000110110000111110000001000010111,10000000101000110110000101110000001110010010,35.0
36,10000000101000110110000111110000001000010111,0.49860489335176794,-3.0994661091485227,0.9902834,10000000101000110110000111110000001000010111,10000000101000110110000101110000001110010010,35.0
36,10000000100000110110000111110000001000101111,0.4009486200687036,-3.098321699695987,0.9900826,10000000100000110110000111110000001000101111,10000001010001000010100111110000000000101111,35.0
36,10000001010001000010100111110000000100101111,0.989270446126568,-3.11052873385637,0.9749049,10000000100000110110000111110000001000101111,10000001010001000010100111110000000000101111,35.0
36,10000000101000111010100111110000001000100111,0.4994632004411699,-3.098703169513499,0.990284,10000000101000111010100111110000001000100111,10000000100000011010000111110000001000101000,35.0
36,10000000100010011010000111110000001000101000,0.4200221109443021,-3.09865548578631,0.9901545,10000000101000111010100111110000001000100111,10000000100000011010000111110000001000101000,35.0
36,10000000111110100010100111110001011101110111,0.7634403141594674,-2.838540753970321,0.9518361,10000000111110100010100111110001011101110110,10000000100000011010000111110000000000101111,35.0
36,10000000100000011010000111110000000000101110,0.395608042623536,-3.122783451743942,0.9902,10000000111110100010100111110001011101110110,10000000100000011010000111110000000000101111,35.0
36,10000000010000000010000111110000011000011111,0.1957178582472494,-3.0502565026894786,0.9837016,10000000010000000010000111110000011000011100,10000000010000101111110111110000001000010111,35.0
36,10000000010000101111110111110000001000010100,0.20444398032283573,-3.0996091603300897,0.9892702,10000000010000000010000111110000011000011100,10000000010000101111110111110000001000010111,35.0
36,10000000101010100110100111110001001101101101,0.5200625705868163,-2.8878457278837573,0.9498618,10000000101010100010100111110000010110011111,10000000010010100110100111110001001101101101,35.0
36,10000000010011100010100111110000010110011111,0.23853784526296806,-3.05636001976967,0.9850837,10000000101010100010100111110000010110011111,10000000010010100110100111110001001101101101,35.0
36,10000000101001101010000111110000010110011111,0.5085231086070792,-3.05636001976967,0.9887053,10000000101000101010000111110000000000101111,10000000010010100010001000110000010110011111,35.0
36,10000000010010100010001000110000000000101111,0.22623544364820702,9.377267212216196,0.9207077,10000000101000101010000111110000000000101111,10000000010010100010001000110000010110011111,35.0
36,10000000101000110110000111110000000110101111,0.49860489335176794,-3.1044252167761783,0.9902519,10000000101000111010100111110000011000100111,10000000101000110110000111110000000110101111,35.0
36,10000000101000111010111111110000011000100111,0.49951088416835887,96.95014880899163,0.5029603,10000000101000111010100111110000011000100111,10000000101000110110000111110000000110101111,35.0
36,10000000111010100010100111110000011011111110,0.7146121775179353,-3.0396230315263324,0.9900331,10000000111010100010100111110000010110011111,10000000010000000010000111110000011011111110,35.0
36,10000000010000000010000111110000010110011111,0.1957178582472494,-3.05636001976967,0.9846421,10000000111010100010100111110000010110011111,10000000010000000010000111110000011011111110,35.0
36,10000000111010100010110111110001011101110110,0.7146598612451243,-2.83858843769751,0.9470298,10000000111010100010100111110000010110011111,10000000010010110000000111110001011101110110,35.0
36,10000000000010110000000111110000010110011111,0.033593185804647874,-3.05636001976967,0.9837041,10000000111010100010100111110000010110011111,10000000010010110000000111110001011101110110,35.0
36,10000000010000110110000111110000001000010100,0.20563607350256063,-3.0996091603300897,0.9892752,10000000010000110110000111110000001000010100,10000000100000011010000111110000010110111110,35.0
36,10000000100000011110000111110000010110111110,0.39637098225855993,-3.054881824226811,0.9869847,10000000010000110110000111110000001000010100,10000000100000011010000111110000010110111110,35.0
36,10000001010001000010100111110000001000101000,0.989270446126568,-3.09865548578631,0.9775384,10000001010001000010100111110000001000101000,10000000111010100011000111100000000000011110,35.0
36,10000001111010100011000111100000000000011110,1.4959577312368708,-6.24854713643721,0.9426837,10000001010001000010100111110000001000101000,10000000111010100011000111100000000000011110,35.0
36,10000000000000100110000111010000011011101010,0.0072717683963219315,-9.290578196186587,0.9085308,10000000000000100110000111010000011011101010,10000000101000110110000111110000001000010100,35.0
36,10000000101000110110000111110000001000010100,0.49860489335176794,-3.0996091603300897,0.9902832,10000000000000100110000111010000011011101010,10000000101000110110000111110000001000010100,35.0
36,10000000101010100010100111110000010110111111,0.5192996309517923,-3.054834140499622,0.9887275,10000000101000110110011000110000011000100111,10000000011010100010100111110000010110111111,35.0
36,10100000011000110110011000100000011000100111,25.303345990978713,6.325127202302738,0.4430214,10000000101000110110011000110000011000100111,10000000011010100010100111110000010110111111,35.0
36,10000000101000111010000111111000000000101111,0.4993678329867919,-1.5602353954876378,0.0071852,10000000101000111010000111110000000000101111,10000001011011110110100111110000111000100111,35.0
36,10000001011011110110100111110000111000101111,1.1212590029857097,-2.9518372897713903,0.9899248,10000000101000111010000111110000000000101111,10000001011011110110100111110000111000100111,35.0
36,10000000101000111010000111110000000110101111,0.4993678329867919,-3.1044252167761783,0.9902505,10000000101000111010000111110000000000011110,10000000101000110110000111110000000110101111,35.0
36,10000000101000110110000111110000000000011110,0.49860489335176794,-3.123546391378966,0.98969,10000000101000111010000111110000000000011110,10000000101000110110000111110000000110101111,35.0
36,10000000001010100010010111110000010110111110,0.12862685409233166,-3.054881824226811,0.9838703,10000000001010100011000111100000011111101111,10000001011001011110010111110000010110111110,35.0
36,10000001011001011111000111100000011111101111,1.092362664309178,-6.153131998332029,0.9620596,10000000001010100011000111100000011111101111,10000001011001011110010111110000010110111110,35.0
36,10000000101000111010000111110000000000101111,0.4993678329867919,-3.122735768016753,0.9897224,10000000101000111010000111110000000000101111,10000001010001000010100111110000000000101111,35.0
36,10001001010001000010100011110000000000101111,7.239271936243043,-53.12274768894856,0.5305034,10000000101000111010000111110000000000101111,10000001010001000010100111110000000000101111,35.0
36,10000000000000100110000111110000011000101100,0.0072717683963219315,-3.0496366142360216,0.9825519,10000000000000100110000111110000011000101111,10000000010000110110000111110000001000010100,35.0
36,10000000010000110110000111110000001000010111,0.20563607350256063,-3.0994661091485227,0.9892662,10000000000000100110000111110000011000101111,10000000010000110110000111110000001000010100,35.0
37,10000000101000101110000111110000000000101111,0.49707901408172006,-3.122735768016753,0.9897392,10000000101001101010000111110000010110011111,10000001010000101110000111110000000000101111,36.0
37,10000001010001101010000111110000010100011111,0.9968044750224294,-3.0624635368498616,0.983684,10000000101001101010000111110000010110011111,10000001010000101110000111110000000000101111,36.0
37,10000001000000100110000111010000011011101010,0.7885219546608795,-9.290578196186587,0.9146447,10000000000000100110000111110000011000101100,10000000000000100110000111010000011011101010,36.0
37,10000000000000100110000111110000011000101100,0.0072717683963219315,-3.0496366142360216,0.9825519,10000000000000100110000111110000011000101100,10000000000000100110000111010000011011101010,36.0
37,10000000101100111010000111110000000110101111,0.5481959696283241,-3.1044252167761783,0.9900925,10000000101000111010000111110000000110101111,10000000010011100010100111110000010110011111,36.0
37,10000000010011000010100111110000010110011111,0.23243432818277654,-3.05636001976967,0.9850167,10000000101000111010000111110000000110101111,10000000010011100010100111110000010110011111,36.0
37,10000000101000111010000111110000101000100111,0.4993678329867919,-3.0010468962304344,0.981226,10000000101000111010000111110000011111100111,10000000101000111010100111110000001000100111,36.0
37,10000000101000111010100111110000011111100111,0.4994632004411699,-3.0285127230912963,0.9856072,10000000101000111010000111110000011111100111,10000000101000111010100111110000001000100111,36.0
37,10000000100010100010100111110000011110011111,0.42164335766872796,-3.031945951448904,0.9844178,10000000100010011010000111110000001000101000,10000000111010100010100111110000011110011111,36.0
37,10000000111010011010000111110000001000101000,0.7129909307935094,-3.09865548578631,0.9886242,10000000100010011010000111110000001000101000,10000000111010100010100111110000011110011111,36.0
37,10000000101000111110010111110000010110111000,0.5001784563490048,-3.055167926589945,0.9884996,10000000101000110110000111110000001000010111,10000000000000111110010111110000010110111000,36.0
37,10000000000000110110000111110000001000010111,0.010323526936417693,-3.0994661091485227,0.9887913,10000000101000110110000111110000001000010111,10000000000000111110010111110000010110111000,36.0
37,10000000010000110010000111110000011010011111,0.2048731338675367,-3.044152985609287,0.9827922,10000000010000110010000111110000011010011111,10000000111110100010100111110001011101110111,36.0
37,10000000111110100010100111110001011101110111,0.7634403141594674,-2.838540753970321,0.9518361,10000000010000110010000111110000011010011111,10000000111110100010100111110001011101110111,36.0
37,10000000000010110000000101110000011100101000,0.033593185804647874,-28.037626275450293,0.6394957,10000000000010110000000101110000011100101000,10000001111010100011000111100000000000011110,36.0
37,10000001111010100011000111100000000000011110,1.4959577312368708,-6.24854713643721,0.9426837,10000000000010110000000101110000011100101000,10000001111010100011000111100000000000011110,36.0
37,10000000101000111010100111110000001000100111,0.4994632004411699,-3.098703169513499,0.990284,10000000101000111010100111110000001000100111,10000001011011110110100111110000111000111100,36.0
37,10000001011011110110100111110000111000111100,1.1212590029857097,-2.9512174013179333,0.9899462,10000000101000111010100111110000001000100111,10000001011011110110100111110000111000111100,36.0
37,10000000000000011110010111110000011100101100,0.005793572853463047,-3.0374295800756386,0.9802872,10000000000000000010010111110000001101101100,10000000100000011110010111110000011100101100,36.0
37,10000000100000000010010111110000001101101100,0.39107808854058135,-3.083205958177075,0.9893665,10000000000000000010010111110000001101101100,10000000100000011110010111110000011100101100,36.0
37,10000000010010110010000111110000010110111111,0.22928720218830279,-3.054834140499622,0.9847613,10000000010010110000000111110000010110111111,10000001011001011110000111110000001000010100,36.0
37,10000001011001011110000111110000001000010110,1.092171929400422,-3.0995137928757117,0.9690177,10000000010010110000000111110000010110111111,10000001011001011110000111110000001000010100,36.0
37,10000000000010110000000111110000010110011111,0.033593185804647874,-3.05636001976967,0.9837041,10000000011010100011010111110000010110111100,10000000000010110000000111110000010110011111,36.0
37,10000000011010100011010111110000010110111100,0.32413013556721637,-3.054977191681189,0.9859655,10000000011010100011010111110000010110111100,10000000000010110000000111110000010110011111,36.0
37,10000001011001011110000111100000000000011110,1.092171929400422,-6.24854713643721,0.9587341,10000001011001011110000111110000001000010100,10000001111010100011000111100000000000011110,36.0
37,10000001111010100011000111110000001000010100,1.4959577312368708,-3.0996091603300897,0.9029897,10000001011001011110000111110000001000010100,10000001111010100011000111100000000000011110,36.0
37,10000000101010111110100111110000001000100111,0.5246402083969599,-3.098703169513499,0.9902658,10000001011001011110000111110000001000010100,10000000101000111010100111110000001000100111,36.0
37,10000001011001011110000111110000001001010100,1.092171929400422,-3.096557401789994,0.9698063,10000001011001011110000111110000001000010100,10000000101000111010100111110000001000100111,36.0
37,10000000010010110110000111110000001000010100,0.23005014182332673,-3.0996091603300897,0.98938,10000000010010110110000111110000001000010100,10000001011001011110000111110000001000010100,36.0
37,10000001011001011110000111110000001000010100,1.092171929400422,-3.0996091603300897,0.968992,10000000010010110110000111110000001000010100,10000001011001011110000111110000001000010100,36.0
37,10000000100000011110010111110000011100101100,0.39641866598574893,-3.0374295800756386,0.9847263,10000000100000011110010111110000011100101100,10000000101000111010000111110000000000011110,36.0
37,10000000101000111010000111110000000000011110,0.4993678329867919,-3.123546391378966,0.9896842,10000000100000011110010111110000011100101100,10000000101000111010000111110000000000011110,36.0
37,10000000101000100110000111010000001000011100,0.4955531348116722,-9.349229180629052,0.9193679,10000000101000100110000111010000001000011100,10000000010000101111110111110000001000010100,36.0
37,10000000010000101111110111110000001000010100,0.20444398032283573,-3.0996091603300897,0.9892702,10000000101000100110000111010000001000011100,10000000010000101111110111110000001000010100,36.0
37,10000000010000110010000111110000011010011100,0.2048731338675367,-3.044296036790854,0.9828165,10000000010000110010000111110000011010011111,10000000101000110110000111110000001000010100,36.0
37,10000000101000110110000111110000001000010111,0.49860489335176794,-3.0994661091485227,0.9902834,10000000010000110010000111110000011010011111,10000000101000110110000111110000001000010100,36.0
37,10000000010001000011100111110000000000101111,0.20821099477076643,-3.122735768016753,0.9902078,10000000101000110111111000110001000110101000,10000000010001000010100111110000000000101111,36.0
37,10000000101000110111111000100001000111101000,0.4989386794420909,6.468607537414442,0.9223981,10000000101000110111111000110001000110101000,10000000010001000010100111110000000000101111,36.0
37,10000000000000011010000111110001000110101111,0.0049829494912501104,-2.9091126702100496,0.9394521,10000000000000000010010111110001001110110110,10000000101000111010000111110000000110101111,36.0
37,10000000101000100010010111110001001110110110,0.49483787890383724,-2.8843648157989605,0.9467606,10000000000000000010010111110001001110110110,10000000101000111010000111110000000110101111,36.0
37,10000000101000111010100111110000001000100111,0.4994632004411699,-3.098703169513499,0.990284,10000000101000111010100111110000001000100111,10010000101000110110000111110000111000100111,36.0
37,10010000101001110110000111110000111000100111,13.0108149077451,-2.9522187595889022,0.507365,10000000101000111010100111110000001000100111,10010000101000110110000111110000111000100111,36.0
37,10000000000000100110000111110100001000010100,0.0072717683963219315,-2.318358974065532,0.4626149,10000000000000100110000111110000011000101100,10000000101000110110000111110000001000010100,36.0
37,10000000101000110110000111110000011000101100,0.49860489335176794,-3.0496366142360216,0.9879897,10000000000000100110000111110000011000101100,10000000101000110110000111110000001000010100,36.0
37,10000000001010100010010111110000010110111111,0.12862685409233166,-3.054834140499622,0.9838628,10000000001010100010010111110000010110111110,10000000010010110000000111110000010110111111,36.0
37,10000000010010110000000111110000010110111110,0.22890573237079082,-3.054881824226811,0.9847641,10000000001010100010010111110000010110111110,10000000010010110000000111110000010110111111,36.0
37,10000000010010100110100111110000111000100111,0.22709375073760896,-2.9522187595889022,0.9596237,10000000010010100110100111110000111000100111,10000000010001000010100111110000000000101111,36.0
37,10000000010001000010100111110000000000101111,0.20802025986201045,-3.122735768016753,0.9902076,10000000010010100110100111110000111000100111,10000000010001000010100111110000000000101111,36.0
37,10000000010010100010001000110000000000100111,0.22623544364820702,9.376885742398684,0.9206843,10000000000000000010010111110001001110110110,10000000010010100010001000110000000000101111,36.0
37,10000000000000000010010111110001001110110110,0.0004529954082954646,-2.8843648157989605,0.9281271,10000000000000000010010111110001001110110110,10000000010010100010001000110000000000101111,36.0
37,10000000010000110010000111110000011010011111,0.2048731338675367,-3.044152985609287,0.9827922,10000000101000100110000111010000001000000111,10000000010000110010000111110000011010011111,36.0
37,10000000101000100110000111010000001000000111,0.4955531348116722,-9.350230538900021,0.9194579,10000000101000100110000111010000001000000111,10000000010000110010000111110000011010011111,36.0
37,10000000101000101010000111110000001000000100,0.4963160744466961,-3.1003720999651136,0.9902823,10000000101000101010000111110000000000101111,10000000010000110110000111110000001000000100,36.0
37,10000000010000110110000111110000000000101111,0.20563607350256063,-3.122735768016753,0.9902048,10000000101000101010000111110000000000101111,10000000010000110110000111110000001000000100,36.0
37,10000000011010100010100111100001001000100111,0.3239870843856494,-6.0283913680056,0.9102045,10000000011010100010100111100001011101110110,10000000101000111010100111110000001000100111,36.0
37,10000000101000111010100111110000011101110110,0.4994632004411699,-3.033900984263653,0.9862988,10000000011010100010100111100001011101110110,10000000101000111010100111110000001000100111,36.0
37,10000000111110100010100111110001011101110111,0.7634403141594674,-2.838540753970321,0.9518361,10000000111110100010100111110001011101110111,10000000010010110000000111110000011100101000,36.0
37,10000000010010110000000111110000011100101000,0.22890573237079082,-3.0376203149843946,0.981948,10000000111110100010100111110001011101110111,10000000010010110000000111110000011100101000,36.0
37,10000000000010110000000101110000011100101000,0.033593185804647874,-28.037626275450293,0.6394957,10000000000010110000000101110000011100101000,10000000101010100110100111110001001101101101,36.0
37,10000000101010100110100111110001001101101101,0.5200625705868163,-2.8878457278837573,0.9498618,10000000000010110000000101110000011100101000,10000000101010100110100111110001001101101101,36.0
37,10000000100000000011010111100000000000011110,0.39126882344933733,-6.24854713643721,0.9625279,10000000100000000011010111110000001101101100,10000000111010100011000111100000000000011110,36.0
37,10000000111010100011000111110000001101101100,0.7147075449723133,-3.083205958177075,0.9895964,10000000100000000011010111110000001101101100,10000000111010100011000111100000000000011110,36.0
37,10000000000000111110010111110000010110111110,0.01189708993365457,-3.054881824226811,0.9834386,10000000000000111110010111110000010110111000,10000000100000011010000111110000010110111110,36.0
37,10000000100000011010000111110000010110111000,0.395608042623536,-3.055167926589945,0.9870058,10000000000000111110010111110000010110111000,10000000100000011010000111110000010110111110,36.0
37,10000000100010011010000111110000001000101000,0.4200221109443021,-3.09865548578631,0.9901545,10000000101000111010100111110000001000100111,10000000100010011010000111110000001000101000,36.0
37,10000000101000111010100111110000001000100111,0.4994632004411699,-3.098703169513499,0.990284,10000000101000111010100111110000001000100111,10000000100010011010000111110000001000101000,36.0
37,10000000010000000010000111110000000000101111,0.1957178582472494,-3.122735768016753,0.9901932,10000000010000000010000111110000011011111110,10000000101000111010000111110000000000101111,36.0
37,00000000101000111010001111110000011011111110,-99.5006560088768,96.96040081033726,0.500205,10000000010000000010000111110000011011111110,10000000101000111010000111110000000000101111,36.0
37,10000000010010110000000111110000011100101000,0.22890573237079082,-3.0376203149843946,0.981948,10000001011011110110100111110000111000101111,10000000010010110000000111110000011100101000,36.0
37,10000001011011110110100111110100111000101111,1.1212590029857097,-2.1705871035068327,0.5854321,10000001011011110110100111110000111000101111,10000000010010110000000111110000011100101000,36.0
37,10000000101000110110000111110000000000011110,0.49860489335176794,-3.123546391378966,0.98969,10000000101000110110000111110000000000011110,10000001010001000010100111110000001000101000,36.0
37,10000001010001000010100111110000001000101000,0.989270446126568,-3.09865548578631,0.9775384,10000000101000110110000111110000000000011110,10000001010001000010100111110000001000101000,36.0
37,10000000010001000010100111110000111000100111,0.20802025986201045,-2.9522187595889022,0.9591425,10000000010001000010100111110000000000101111,10000000010010100110100111110000111000100111,36.0
37,10000000010010100110100111110000000000101111,0.22709375073760896,-3.122735768016753,0.9902288,10000000010001000010100111110000000000101111,10000000010010100110100111110000111000100111,36.0
37,10000000100000011010000111110000000000101110,0.395608042623536,-3.122783451743942,0.9902,10000000010010110000000111110000011100101000,10000000100000011010000111110000000000101110,36.0
37,10000000010010110000000111110000011100101000,0.22890573237079082,-3.0376203149843946,0.981948,10000000010010110000000111110000011100101000,10000000100000011010000111110000000000101110,36.0
37,10000000101000111110010111110000010110111000,0.5001784563490048,-3.055167926589945,0.9884996,10000000101000111010100111110000001000100111,10000000000000111110010111110000010110111000,36.0
37,10000000000000110010100111110000001000100111,0.009655954755771745,-3.098703169513499,0.9887322,10000000101000111010100111110000001000100111,10000000000000111110010111110000010110111000,36.0
37,10000000101000110110000111110000110110111100,0.49860489335176794,-2.957320918398125,0.971305,10000000101000110110000111110000001000010111,10000000101000110110010111110000010110111100,36.0
37,10000000100000110111010111110000001000010111,0.40118703870464856,-3.0994661091485227,0.990114,10000000101000110110000111110000001000010111,10000000101000110110010111110000010110111100,36.0
37,10100000101000110110000111110000001000010100,25.498610853817667,-3.0996091603300897,0.5811677,10000000101000110110000111110000001000010100,10000001111010100011000111100000000000011110,36.0
37,10000001111010100011000111100000000000011110,1.4959577312368708,-6.24854713643721,0.9426837,10000000101000110110000111110000001000010100,10000001111010100011000111100000000000011110,36.0
37,10000000011010100010010111110000010110101100,0.3239394006584604,-3.055740131316213,0.986061,10000000011010100010100111100001011101110110,10000000100000011110010111110000010110101100,36.0
37,10000000100000011110100111100001011101110110,0.3964663497129379,-5.963589182755754,0.881276,10000000011010100010100111100001011101110110,10000000100000011110010111110000010110101100,36.0
37,10000000010010110000000111110000010110111111,0.22890573237079082,-3.054834140499622,0.9847571,10000000010010110000000111110000010110111111,10000000000000011010000111110000000100101111,36.0
37,10000000000000011010000111110000000100101111,0.0049829494912501104,-3.11052873385637,0.9895172,10000000010010110000000111110000010110111111,10000000000000011010000111110000000100101111,36.0
37,10000000000000100010100111110010011000100111,0.006604196215675984,-2.659249939739695,0.7808582,10000000011010101111110111110010010000101111,10000000000000100010100111110000111000100111,36.0
37,10000000010010101111110111110010010000101111,0.22885804864360182,-2.683282538242949,0.8074497,10000000011010101111110111110010010000101111,10000000000000100010100111110000111000100111,36.0
37,10000000010000110110000111110000001000100111,0.20563607350256063,-3.098703169513499,0.9892175,10000000010000110110000111110000001000010100,10000000000010100110100111110000111000100111,36.0
37,10000000000010100110100111010000111000010100,0.031781204171466015,-9.203126240521968,0.8839066,10000000010000110110000111110000001000010100,10000000000010100110100111110000111000100111,36.0
37,10100000010000000010000111110000011011111110,25.195723818713148,-3.0396230315263324,0.6630999,10000000010000000010000111110000011011111110,10000000100000011110000111110000010110111110,36.0
37,10000000100000011110000111110000010110111110,0.39637098225855993,-3.054881824226811,0.9869847,10000000010000000010000111110000011011111110,10000000100000011110000111110000010110111110,36.0
37,10000000010010100010001000110000000000101111,0.22623544364820702,9.377267212216196,0.9207077,10000000101000110110000111110000000000011110,10000000010010100010001000110000000000101111,36.0
37,10000000101000110110000111110000000000011110,0.49860489335176794,-3.123546391378966,0.98969,10000000101000110110000111110000000000011110,10000000010010100010001000110000000000101111,36.0
37,10000000000000000010010111110001001110110110,0.0004529954082954646,-2.8843648157989605,0.9281271,10000001011011110110100111110000111000111100,10000000000000000010010111110001001110110110,36.0
37,10000001011011110110110111110000111000111100,1.1213066867128987,-2.9512174013179333,0.9899456,10000001011011110110100111110000111000111100,10000000000000000010010111110001001110110110,36.0
37,10000000000000000010010111110000001101101100,0.0004529954082954646,-3.083205958177075,0.9872864,10000000111100011010000111110000000000101111,10000000000000000010010111110000001101101100,36.0
37,10000000111100011010000111110000000000101111,0.7374049991142755,-3.122735768016753,0.9854666,10000000111100011010000111110000000000101111,10000000000000000010010111110000001101101100,36.0
37,10000000010010100110100110010000011011101010,0.22709375073760896,-21.790581176419536,0.7118216,10000000010010100110100111110000111000100111,10000000000000100110000111010000011011101010,36.0
37,10000000000000100110000111110000111000100111,0.0072717683963219315,-2.9522187595889022,0.9565741,10000000010010100110100111110000111000100111,10000000000000100110000111010000011011101010,36.0
38,10000000000000000010010111111001001110110110,0.0004529954082954646,-1.3218644432698312,0.0622288,10000000010001000010100111110000000000101111,10000000000000000010010111110001001110110110,37.0
38,10000000010001000010100111110000000000101111,0.20802025986201045,-3.122735768016753,0.9902076,10000000010001000010100111110000000000101111,10000000000000000010010111110001001110110110,37.0
38,10000000010001000010100111110000111010011111,0.20802025986201045,-2.9464967123262227,0.9571457,10000000010001000010100111110000111000100111,10000000010000110010000111110000011010011111,37.0
38,10000000010000110010000111110000011000100111,0.2048731338675367,-3.0498750328719666,0.9837367,10000000010001000010100111110000111000100111,10000000010000110010000111110000011010011111,37.0
38,10000000000010110000000111110000010110011111,0.033593185804647874,-3.05636001976967,0.9837041,10000000000010110000000111110000010110011111,10000000000010110000000111110000010110011111,37.0
38,10000000000010110000000111110000010110011111,0.033593185804647874,-3.05636001976967,0.9837041,10000000000010110000000111110000010110011111,10000000000010110000000111110000010110011111,37.0
38,10000001010001101010000111110000000000011110,0.9968044750224294,-3.123546391378966,0.9711234,10000001010001101010000111110000010100011111,10000000101000110110000111110000000000011110,37.0
38,10000000101000110110000111110000010100011111,0.49860489335176794,-3.0624635368498616,0.9890334,10000001010001101010000111110000010100011111,10000000101000110110000111110000000000011110,37.0
38,10000001111010100011000111100000000000011110,1.4959577312368708,-6.24854713643721,0.9426837,10000001111010100011000111100000000000011110,10000001011001011110000111100000000000011110,37.0
38,10000001011001011110000111100000000000011110,1.092171929400422,-6.24854713643721,0.9587341,10000001111010100011000111100000000000011110,10000001011001011110000111100000000000011110,37.0
38,10000000101010100110100111110001001101101101,0.5200625705868163,-2.8878457278837573,0.9498618,10000000101100111010000111110000000110101111,10000000101010100110100111110001001101101101,37.0
38,10000000101100111010000111110000000110101111,0.5481959696283241,-3.1044252167761783,0.9900925,10000000101100111010000111110000000110101111,10000000101010100110100111110001001101101101,37.0
38,10000000010000110110000111110000111000111100,0.20563607350256063,-2.9512174013179333,0.9587396,10000000010000110110000111110000001000100111,10000001011011110110100111110000111000111100,37.0
38,10000001011011110110100111110000001000100111,1.1212590029857097,-3.098703169513499,0.9663675,10000000010000110110000111110000001000100111,10000001011011110110100111110000111000111100,37.0
38,10000001011001011110000111110000000000101111,1.092171929400422,-3.122735768016753,0.9623166,10000001011001011110000111110000001000010100,10000000010001000011100111110000000000101111,37.0
38,10000000010001000011100111110000001000010100,0.20821099477076643,-3.0996091603300897,0.9892859,10000001011001011110000111110000001000010100,10000000010001000011100111110000000000101111,37.0
38,10000000010000101111110111010010010000101111,0.20444398032283573,-8.933284028359424,0.7394485,10000000010000101111110111110000001000010100,10000000010010101111110111110010010000101111,37.0
38,10000000010010101111110111110000001000010100,0.22885804864360182,-3.0996091603300897,0.9893747,10000000010000101111110111110000001000010100,10000000010010101111110111110010010000101111,37.0
38,10000000010000010110000111110000000000101111,0.1995325564223691,-3.122735768016753,0.9901977,10000000010000110110000111110000000000101111,10000000010000110110000111110000000000101111,37.0
38,10000000110000110110000111110000000000101111,0.5962611666348323,-3.122735768016753,0.9886622,10000000010000110110000111110000000000101111,10000000010000110110000111110000000000101111,37.0
38,10000000111100011010000111110000000110111000,0.7374049991142755,-3.1039960632314774,0.9876436,10000000111100011010000111110000000000101111,10000000101000111110010111110000010110111000,37.0
38,10000010101000111110010111110000010000101111,2.06267882887812,-3.0739076313752207,0.7117826,10000000111100011010000111110000000000101111,10000000101000111110010111110000010110111000,37.0
38,10000000010010101100000110110000011100101000,0.22814279273576688,-15.537623295217344,0.8061292,10000000010010101111110111110010010000101111,10000000010010110000000111110000011100101000,37.0
38,11000000010010110011110111110010010000101111,50.22963290921041,-2.683282538242949,0.540018,10000000010010101111110111110010010000101111,10000000010010110000000111110000011100101000,37.0
38,10000001011001011110000111000000000000011100,1.092171929400422,-12.498643994008063,0.8729455,10000001011001011110000111100000000000011110,10000000100000011110010111110000011100101100,37.0
38,10000000100000011110010111110000011100101110,0.39641866598574893,-3.0373342126212606,0.9847123,10000001011001011110000111100000000000011110,10000000100000011110010111110000011100101100,37.0
38,10000000101000111110010111110000000000101110,0.5001784563490048,-3.122783451743942,0.9897141,10000000101000111110010111110000010110111000,10000000100000011010000111110000000000101110,37.0
38,10000000100000011010000111110000010110111000,0.395608042623536,-3.055167926589945,0.9870058,10000000101000111110010111110000010110111000,10000000100000011010000111110000000000101110,37.0
38,10000000000000100110000111110000011000101100,0.0072717683963219315,-3.0496366142360216,0.9825519,10000000000000100110000111110000011000101100,10000000101000111010100111110000001000100111,37.0
38,10000000101000111010100111110000001000100111,0.4994632004411699,-3.098703169513499,0.990284,10000000000000100110000111110000011000101100,10000000101000111010100111110000001000100111,37.0
38,10000000000000111110010111110000010110011110,0.01189708993365457,-3.056407703496859,0.9836858,10000000000000111110010111110000010110111110,10000000010000110010000111110000011010011100,37.0
38,10000000010000110010000111110000011010011100,0.2048731338675367,-3.044296036790854,0.9828165,10000000000000111110010111110000010110111110,10000000010000110010000111110000011010011100,37.0
38,10000000101000110110000111110000000000011110,0.49860489335176794,-3.123546391378966,0.98969,10000000101000110110000111110000000000011110,10000000010010100010001000110000000000101111,37.0
38,10000000010010100010001000110000000000101111,0.22623544364820702,9.377267212216196,0.9207077,10000000101000110110000111110000000000011110,10000000010010100010001000110000000000101111,37.0
38,10000000000000000010010111110001001110110110,0.0004529954082954646,-2.8843648157989605,0.9281271,10000000100000011010000111110000000000101110,10000000000000000010010111110001001110110110,37.0
38,10000000100000011110000111110000000000101110,0.39637098225855993,-3.122783451743942,0.9901982,10000000100000011010000111110000000000101110,10000000000000000010010111110001001110110110,37.0
38,10000000000000110110000111100000000100011110,0.010323526936417693,-6.236340102276827,0.9612336,10000000000000110110000111110000001000010111,10000001011001011110000111100000000000011110,37.0
38,10000001011001011110000111110000001000010111,1.092171929400422,-3.0994661091485227,0.9690306,10000000000000110110000111110000001000010111,10000001011001011110000111100000000000011110,37.0
38,10000000010010100010001000110000000000101111,0.22623544364820702,9.377267212216196,0.9207077,10000000010010100010001000110000000000101111,10000000000000000010010111110001001110110110,37.0
38,10100000000000000010010111110001001110110110,25.000458955874194,-2.8843648157989605,0.6869979,10000000010010100010001000110000000000101111,10000000000000000010010111110001001110110110,37.0
38,10000000100010011010100111110000001000101000,0.4201174783986801,-3.09865548578631,0.9901547,10000000100010011010000111110000001000101000,10000000111100011010000111110000000000101111,37.0
38,10000000111100011010000111110000000100101111,0.7374049991142755,-3.11052873385637,0.9869582,10000000100010011010000111110000001000101000,10000000111100011010000111110000000000101111,37.0
38,10000000101010100010100111110001011101110111,0.5192996309517923,-2.838540753970321,0.9287421,10000000101010111110100111110000001000100111,10000000111110100010100111110001011101110111,37.0
38,10000000111110111110100111110000001000100111,0.768780891604635,-3.098703169513499,0.9874089,10000000101010111110100111110000001000100111,10000000111110100010100111110001011101110111,37.0
38,10000000111010110000000111110000011100101000,0.7171870987861411,-3.0376203149843946,0.9899887,10000000111100011010000111110000000000101111,10000000010010110000000111110000011100101000,37.0
38,10000000010100011010000111110000000000101111,0.24912363269892523,-3.122735768016753,0.9902508,10000000111100011010000111110000000000101111,10000000010010110000000111110000011100101000,37.0
38,10000000010010110010000111110000010110111000,0.22928720218830279,-3.055167926589945,0.9848101,10000000010010110010000111110000010110111111,10000000010010110000000111110000011100101000,37.0
38,10000000010010110000000111110000011100101110,0.22890573237079082,-3.0373342126212606,0.9818965,10000000010010110010000111110000010110111111,10000000010010110000000111110000011100101000,37.0
38,10000000011000100110000111010000001000011100,0.30024058824552924,-9.349229180629052,0.9185556,10000000010010110000000111110000010110111110,10000000101000100110000111010000001000011100,37.0
38,10000000000010110000000111110000010110111110,0.033593185804647874,-3.054881824226811,0.983465,10000000010010110000000111110000010110111110,10000000101000100110000111010000001000011100,37.0
38,10000001011011100010100111100001001000100111,1.11744430481059,-6.0283913680056,0.943104,10000001011011110110100111110000111000111100,10000000011010100010100111100001001000100111,37.0
38,10000000011010110110100111110000111000111100,0.3278017825607691,-2.9512174013179333,0.9624396,10000001011011110110100111110000111000111100,10000000011010100010100111100001001000100111,37.0
38,10000000010010110000000111110000011100101000,0.22890573237079082,-3.0376203149843946,0.981948,10000000010010110000000111110000011100101000,10000001011001011110000111110000001000010100,37.0
38,10000001011001011110000111110000001000010100,1.092171929400422,-3.0996091603300897,0.968992,10000000010010110000000111110000011100101000,10000001011001011110000111110000001000010100,37.0
38,10000000101000111010100111110000001111100111,0.4994632004411699,-3.0773408597328284,0.9898563,10000000101000111010100111110000011111100111,10000000111010011010000111110000001000101000,37.0
38,10000001111010011010000111110000001000101000,1.494241117058067,-3.09865548578631,0.9038818,10000000101000111010100111110000011111100111,10000000111010011010000111110000001000101000,37.0
38,10000000010001110010000111110000011010011111,0.21708016802791974,-3.044152985609287,0.9829358,10000000010000110010000111110000011010011111,10000000010011000010100111110000010110011111,37.0
38,10000000010011000010100111110000010110011111,0.23243432818277654,-3.05636001976967,0.9850167,10000000010000110010000111110000011010011111,10000000010011000010100111110000010110011111,37.0
38,10000000010010101010000111110000010100011111,0.2277613229182549,-3.0624635368498616,0.9858078,10000000010010100110100111110000111000100111,10000001010001101010000111110000010100011111,37.0
38,10000001010001100111100111110000111000100111,0.9963276377505395,-2.9522187595889022,0.9897794,10000000010010100110100111110000111000100111,10000001010001101010000111110000010100011111,37.0
38,10100000111110100010110111110001011101110111,25.763493958352555,-2.838540753970321,0.4995515,10000000111110100010100111110001011101110111,10000000000000100110000111110000011000101100,37.0
38,10000000000000100110000111110000011000101100,0.0072717683963219315,-3.0496366142360216,0.9825519,10000000111110100010100111110001011101110111,10000000000000100110000111110000011000101100,37.0
38,10000000100000000010010111110000001101101100,0.39107808854058135,-3.083205958177075,0.9893665,10000000100000000010010111110000001101101100,10000000101000110110000111110000011000101100,37.0
38,10000000101000110110000111110000011000101100,0.49860489335176794,-3.0496366142360216,0.9879897,10000000100000000010010111110000001101101100,10000000101000110110000111110000011000101100,37.0
38,10000010010000110010000111110000011000101100,1.7673735063966518,-3.0496366142360216,0.8514458,10000000010000110010000111110000011010011111,10000000000000100110000111110000011000101100,37.0
38,10000000000000100110000111110000011010011111,0.0072717683963219315,-3.044152985609287,0.9815705,10000000010000110010000111110000011010011111,10000000000000100110000111110000011000101100,37.0
38,10000000101000101010000111110000001000101000,0.4963160744466961,-3.09865548578631,0.990284,10000000101000101010000111110000001000000100,10000000111010011010000111110000001000101000,37.0
38,10000000111010011010000111110000001000000100,0.7129909307935094,-3.1003720999651136,0.9884866,10000000101000101010000111110000001000000100,10000000111010011010000111110000001000101000,37.0
38,10000001111010100011000111110000001000010100,1.4959577312368708,-3.0996091603300897,0.9029897,10000001111010100011000111110000001000010100,10000000100000011110010111110000011100101100,37.0
38,10000000100000011110010111110000011100101100,0.39641866598574893,-3.0374295800756386,0.9847263,10000001111010100011000111110000001000010100,10000000100000011110010111110000011100101100,37.0
38,10000000010011000010100111110000010110011111,0.23243432818277654,-3.05636001976967,0.9850167,10000000010010110000000111110000011100101000,10000000010011000010100111110000010110011111,37.0
38,10000000010010110000000111111000011100101000,0.22890573237079082,-1.4751199424552794,0.008269,10000000010010110000000111110000011100101000,10000000010011000010100111110000010110011111,37.0
38,10000000010010110010000111110000010110111111,0.22928720218830279,-3.054834140499622,0.9847613,10000000010010110010000111110000010110111111,10000000010010110000000111110000010110111110,37.0
38,10000000010010110000000111110000010110111110,0.22890573237079082,-3.054881824226811,0.9847641,10000000010010110010000111110000010110111111,10000000010010110000000111110000010110111110,37.0
38,10000000010000110010000111110000011010011111,0.2048731338675367,-3.044152985609287,0.9827922,10000000000010100110100111010000111000010100,10000000010000110010000111110000011010011111,37.0
38,10001000000010100110100111010000111000010100,6.281782694287941,-9.203126240521968,0.1213371,10000000000010100110100111010000111000010100,10000000010000110010000111110000011010011111,37.0
38,10010001010000110010000111110000011010010100,13.486126300365044,-3.044677506608366,0.2138525,10000000010000110010000111110000011010011111,10000000010010110110000111110000001000010100,37.0
38,10000000010010110110000111110000001000011111,0.23005014182332673,-3.0990846393310107,0.9893486,10000000010000110010000111110000011010011111,10000000010010110110000111110000001000010100,37.0
38,10000000000000110010010111110000010110101100,0.009608271028582749,-3.055740131316213,0.9835769,10000000000000110010100111110000001000100111,10000000011010100010010111110000010110101100,37.0
38,10000000011010100010100111110000001000000111,0.3239870843856494,-3.1002290487835467,0.9898357,10000000000000110010100111110000001000100111,10000000011010100010010111110000010110101100,37.0
38,00000000000000100110000111010000010110111110,-99.99275207346727,-9.304883314343286,0.5039775,10000000000000100110000111110000011000101100,10000000100000011110000111110000010110111110,37.0
38,10000000100000011110000111110000011000101100,0.39637098225855993,-3.0496366142360216,0.986367,10000000000000100110000111110000011000101100,10000000100000011110000111110000010110111110,37.0
38,10000000000000111110010111110000010110111110,0.01189708993365457,-3.054881824226811,0.9834386,10000000000000111110010111110000010110111110,10000000010000110010000111110000011010011111,37.0
38,10000000010000110010000111110000011010011111,0.2048731338675367,-3.044152985609287,0.9827922,10000000000000111110010111110000010110111110,10000000010000110010000111110000011010011111,37.0
38,10000000010001000010100111110000000000101111,0.20802025986201045,-3.122735768016753,0.9902076,10000000010001000010100111110000000000101111,10000001000000100110000111010000011011101010,37.0
38,10000001000000100110000111010000011011101010,0.7885219546608795,-9.290578196186587,0.9146447,10000000010001000010100111110000000000101111,10000001000000100110000111010000011011101010,37.0
38,10000000101000111110010111110000010110111000,0.5001784563490048,-3.055167926589945,0.9884996,10000000101000111110010111110000010110111000,10000000010000101111110111110000001000010100,37.0
38,10000100010000101111110111110000001000010100,3.329444725381066,-3.0996091603300897,0.0454861,10000000101000111110010111110000010110111000,10000000010000101111110111110000001000010100,37.0
38,10000000101010111110100111110000000000101111,0.5246402083969599,-3.122735768016753,0.9895141,10000000101010111110100111110000001000100111,10000000111100011010000111110000000000101111,37.0
38,10000000111100011010000111110000001000100111,0.7374049991142755,-3.098703169513499,0.9881411,10000000101010111110100111110000001000100111,10000000111100011010000111110000000000101111,37.0
38,10000000010001000010100111110000000000101111,0.20802025986201045,-3.122735768016753,0.9902076,10000000010001000010100111110000000000101111,10000000100000011010000111110000000000101110,37.0
38,11000000100100011010000111110000000000101110,50.444448100196865,-3.122783451743942,0.533718,10000000010001000010100111110000000000101111,10000000100000011010000111110000000000101110,37.0
38,10000000000000011010000111110000000000101110,0.0049829494912501104,-3.122783451743942,0.9900422,10000000000000100110000111110000011000101100,10000000100000011010000111110000000000101110,37.0
38,10000000100000100110000111110000011000101100,0.3978968615286078,-3.0496366142360216,0.9863914,10000000000000100110000111110000011000101100,10000000100000011010000111110000000000101110,37.0
38,10000000100000110111010111110001001110110110,0.40118703870464856,-2.8843648157989605,0.9407579,10000000100000110111010111110000001000010111,10000000000000000010010111110001001110110110,37.0
38,10000000000000000010010111010000001000010111,0.0004529954082954646,-9.349467599264997,0.9180577,10000000100000110111010111110000001000010111,10000000000000000010010111110001001110110110,37.0
38,10000000100000000011010111100000000000011110,0.39126882344933733,-6.24854713643721,0.9625279,10000000100000000011010111100000000000011110,10000000101100111010000111110000000110101111,37.0
38,10000000101100111010000111110000000110101111,0.5481959696283241,-3.1044252167761783,0.9900925,10000000100000000011010111100000000000011110,10000000101100111010000111110000000110101111,37.0
38,10000001011001011000000111110000011100101000,1.091027519947886,-3.0376203149843946,0.9825134,10000001011001011110000111110000001000010110,10000000010010110000000111110000011100101000,37.0
38,10000000010010110110000111110000001000010110,0.23005014182332673,-3.0995137928757117,0.9893743,10000001011001011110000111110000001000010110,10000000010010110000000111110000011100101000,37.0
39,10000000100000011010000111110000010110111000,0.395608042623536,-3.055167926589945,0.9870058,10000000100000011010000111110000010110111000,10000000100000011110010111110000011100101100,38.0
39,10000000100000011110010111110000011100101100,0.39641866598574893,-3.0374295800756386,0.9847263,10000000100000011010000111110000010110111000,10000000100000011110010111110000011100101100,38.0
39,10000001111010011010000111110000001000101000,1.494241117058067,-3.09865548578631,0.9038818,10000000000000110010010111110000010110101100,10000001111010011010000111110000001000101000,38.0
39,10000000000000110010010111110000010110101100,0.009608271028582749,-3.055740131316213,0.9835769,10000000000000110010010111110000010110101100,10000001111010011010000111110000001000101000,38.0
39,10000000000000111110010111110000010110011111,0.01189708993365457,-3.05636001976967,0.9836782,10000000000000111110010111110000010110011110,10000000010100011010000111110000000000101111,38.0
39,10000000010100011010000111110000000000101110,0.24912363269892523,-3.122783451743942,0.9902513,10000000000000111110010111110000010110011110,10000000010100011010000111110000000000101111,38.0
39,10000000010000110010000111110000011010011101,0.2048731338675367,-3.044248353063665,0.9828084,10000000111110111110100111110000001000100111,10000000010000110010000111110000011010011111,38.0
39,00000000111110111110100111110000001000100111,-99.23124295025896,-3.098703169513499,0.4965945,10000000111110111110100111110000001000100111,10000000010000110010000111110000011010011111,38.0
39,10000001010001000011100111110000001000010100,0.989461181035324,-3.0996091603300897,0.977323,10000001011001011110000111110000001000010100,10000000010001000011100111110000001000010100,38.0
39,10000000011001011110000111110000001000010100,0.3109217431358644,-3.0996091603300897,0.9897503,10000001011001011110000111110000001000010100,10000000010001000011100111110000001000010100,38.0
39,10000000111100011010000111100000000100101111,0.7374049991142755,-6.235529478914614,0.9627728,10000000111100011010000111110000000100101111,10000001011001011110000111100000000000011110,38.0
39,10000001011001011110000111100001000000011110,1.092171929400422,-6.053234589871067,0.9480752,10000000111100011010000111110000000100101111,10000001011001011110000111100000000000011110,38.0
39,10000001011011100010100111100001001000100111,1.11744430481059,-6.0283913680056,0.943104,10000000101100111010000111110000000110101111,10000001011011100010100111100001001000100111,38.0
39,10000000101100111010000111110000000110101111,0.5481959696283241,-3.1044252167761783,0.9900925,10000000101100111010000111110000000110101111,10000001011011100010100111100001001000100111,38.0
39,10000000100000110111010111110001001110110110,0.40118703870464856,-2.8843648157989605,0.9407579,10000000100000110111010111110001001110110110,10000001011001011110000111110000000000101111,38.0
39,10000001011001011110000111110000000000101111,1.092171929400422,-3.122735768016753,0.9623166,10000000100000110111010111110001001110110110,10000001011001011110000111110000000000101111,38.0
39,10000000111010010010100111100001001000100111,0.7115604189778395,-6.0283913680056,0.9235472,10000000111010011010000111110000001000000100,10000001011011100010100111100001001000100111,38.0
39,10000001011011101010000111110000001000000100,1.1188748166262599,-3.1003720999651136,0.9661374,10000000111010011010000111110000001000000100,10000001011011100010100111100001001000100111,38.0
39,10000000100000010010010111110000010110101100,0.3941298470806771,-3.055740131316213,0.9870485,10000000100000000010010111110000001101101100,10000000000000110010010111110000010110101100,38.0
39,10000000000000100010010111110000001101101100,0.006556512488486987,-3.083205958177075,0.9872871,10000000100000000010010111110000001101101100,10000000000000110010010111110000010110101100,38.0
39,10000000010001000010100111110000000000101111,0.20802025986201045,-3.122735768016753,0.9902076,10000000010001000010100111110000000000101111,10000000010010110010000111110000010110111000,38.0
39,10000000010010110010000111110000010100111000,0.22928720218830279,-3.0612714436701367,0.9856644,10000000010001000010100111110000000000101111,10000000010010110010000111110000010110111000,38.0
39,10000001011001011000000111110100001000101000,1.091027519947886,-2.3174052995217522,0.6968901,10000001011001011000000111110000011100101000,10000001111010011010000111110000001000101000,38.0
39,10000001111010011010000111111000011100101000,1.494241117058067,-1.4751199424552794,0.2567567,10000001011001011000000111110000011100101000,10000001111010011010000111110000001000101000,38.0
39,10000000010000110010000111110000001000100111,0.2048731338675367,-3.098703169513499,0.9892142,10000000010000110010000111110000011010011111,10000000111100011010000111110000001000100111,38.0
39,10000000111100011010000111110000011010011111,0.7374049991142755,-3.044152985609287,0.9902452,10000000010000110010000111110000011010011111,10000000111100011010000111110000001000100111,38.0
39,10000000111100011010000111110000000110111000,0.7374049991142755,-3.1039960632314774,0.9876436,10000000110000110110000111110000000000101111,10000000111100011010000111110000000110111000,38.0
39,10000000110000110110000111110000000000101111,0.5962611666348323,-3.122735768016753,0.9886622,10000000110000110110000111110000000000101111,10000000111100011010000111110000000110111000,38.0
39,10000000101000101010000111110000001000101000,0.4963160744466961,-3.09865548578631,0.990284,10000000101000101010000111110000001000101000,10000000100000100110000111110000011000101100,38.0
39,10000000100000100110000111110000011000101100,0.3978968615286078,-3.0496366142360216,0.9863914,10000000101000101010000111110000001000101000,10000000100000100110000111110000011000101100,38.0
39,10000000101000110110000111110000011110011111,0.49860489335176794,-3.031945951448904,0.9860363,10000000101000110110000111110000011000101100,10000000000010110000000111110000010110011111,38.0
39,10000000000010110000000111110000010001101100,0.033593185804647874,-3.070998924016692,0.9858423,10000000101000110110000111110000011000101100,10000000000010110000000111110000010110011111,38.0
39,10000000111010110000000111110000011100101000,0.7171870987861411,-3.0376203149843946,0.9899887,10000001000000100110000111010000011011101010,10000000111010110000000111110000011100101000,38.0
39,10000001000000100110000111010000011011101010,0.7885219546608795,-9.290578196186587,0.9146447,10000001000000100110000111010000011011101010,10000000111010110000000111110000011100101000,38.0
39,11000000100100011010000111110000000000101100,50.444448100196865,-3.12287881919832,0.5337178,11000000100100011010000111110000000000101110,10000000000000110010010111110000010110101100,38.0
39,10000000000000110010010111110000010110101110,0.009608271028582749,-3.055644763861835,0.9835615,11000000100100011010000111110000000000101110,10000000000000110010010111110000010110101100,38.0
39,10000000111100111110000111110001000110101111,0.744271455829491,-2.9091126702100496,0.9723072,10000000101000111010100111110000001111100111,10000000101100111010000111110000000110101111,38.0
39,10000000101000111010100111110000001111100111,0.4994632004411699,-3.0773408597328284,0.9898563,10000000101000111010100111110000001111100111,10000000101100111010000111110000000110101111,38.0
39,10000000110000011110010111110000011100101100,0.5917312125518777,-3.0374295800756386,0.9883883,10000000100000011110010111110000011100101100,10000001011001011110000111110000001000010100,38.0
39,10000001011001011110000111110000001000010100,1.092171929400422,-3.0996091603300897,0.968992,10000000100000011110010111110000011100101100,10000001011001011110000111110000001000010100,38.0
39,10000000010000110010000111110000011000100111,0.2048731338675367,-3.0498750328719666,0.9837367,10000000010000110010000111110000011000100111,10000000010000110010000111110000011010011111,38.0
39,10000000010000110010000111110000011010011111,0.2048731338675367,-3.044152985609287,0.9827922,10000000010000110010000111110000011000100111,10000000010000110010000111110000011010011111,38.0
39,10000000100000011110000111110000000000101110,0.39637098225855993,-3.122783451743942,0.9901982,10000000100000000010010111110000001101101100,10000000100000011110000111110000000000101110,38.0
39,10000000100000000010010111110100001101101100,0.39107808854058135,-2.3019557719125174,0.4789812,10000000100000000010010111110000001101101100,10000000100000011110000111110000000000101110,38.0
39,10000000110001000010100111110000111011011111,0.5986453529942821,-2.943444953786127,0.972542,10000000010010110000000111110000011100101110,10000000010001000010100111110000111010011111,38.0
39,10000000010010110000000111110000011100101110,0.22890573237079082,-3.0373342126212606,0.9818965,10000000010010110000000111110000011100101110,10000000010001000010100111110000111010011111,38.0
39,10000000000000100110000111110000011000101100,0.0072717683963219315,-3.0496366142360216,0.9825519,10000000110000110110000111110000000000101111,10000000000000100110000111110000011000101100,38.0
39,10000000110000110110000111110000000000101111,0.5962611666348323,-3.122735768016753,0.9886622,10000000110000110110000111110000000000101111,10000000000000100110000111110000011000101100,38.0
39,10000000111100011010000111110000001000000111,0.7374049991142755,-3.1002290487835467,0.988003,10000000111100011010000111110000001000100111,10000000010010110110000111110000001000010110,38.0
39,10000000010010110110000111110000000000010110,0.23005014182332673,-3.123927861196478,0.9902476,10000000111100011010000111110000001000100111,10000000010010110110000111110000001000010110,38.0
39,00000000101000110110000111110000000000011110,-99.50141894851183,-3.123546391378966,0.498402,10000000101000110110000111110000000000011110,10000000010001000010100111110000000000101111,38.0
39,10000000010001000010100111110000000000101111,0.20802025986201045,-3.122735768016753,0.9902076,10000000101000110110000111110000000000011110,10000000010001000010100111110000000000101111,38.0
39,10000000101100111010000111110000000110101110,0.5481959696283241,-3.1044729005033673,0.9900913,10000000101100111010000111110000000110101111,10000000010001000011100111110000001000010100,38.0
39,10000000010001000011100111100000001000010100,0.20821099477076643,-6.224609905388334,0.9605464,10000000101100111010000111110000000110101111,10000000010001000011100111110000001000010100,38.0
39,10000000000000101111110111010010010000101111,0.009131433756692786,-8.933284028359424,0.7378035,10000000000000111110010111110000010110111110,10000000010000101111110111010010010000101111,38.0
39,10000000010000111110010111100000010110111110,0.2072096364997975,-6.179882569285056,0.9546374,10000000000000111110010111110000010110111110,10000000010000101111110111010010010000101111,38.0
39,10000000010100011010000111110000000000101111,0.24912363269892523,-3.122735768016753,0.9902508,10000000010100011010000111110000000000101111,10000000101010111110100111110000000000101111,38.0
39,10000000101010111110100111110000000000101111,0.5246402083969599,-3.122735768016753,0.9895141,10000000010100011010000111110000000000101111,10000000101010111110100111110000000000101111,38.0
39,10000000000000111110010111110000011110011111,0.01189708993365457,-3.031945951448904,0.9791802,10000000000000111110010111110000010110011110,10000000010011000010100111110000010110011111,38.0
39,10000000010011000010100111110000010110011110,0.23243432818277654,-3.056407703496859,0.9850235,10000000000000111110010111110000010110011110,10000000010011000010100111110000010110011111,38.0
39,10000000010001000010100111110000011000100111,0.20802025986201045,-3.0498750328719666,0.9837706,10000000010001000010100111110000000000101111,10000000010000110010000111110000011000100111,38.0
39,10000000010000110010000111110000000000101111,0.2048731338675367,-3.122735768016753,0.9902039,10000000010001000010100111110000000000101111,10000000010000110010000111110000011000100111,38.0
39,10000000010000110010000011110000011010011100,0.2048731338675367,-53.04430795772265,0.525737,10000000010000110010000111110000011010011100,10000000010000110010000111110000011010011111,38.0
39,10000000010001110010000111100000011010011111,0.21708016802791974,-6.1691537306675315,0.9527408,10000000010000110010000111110000011010011100,10000000010000110010000111110000011010011111,38.0
39,10000000111010100010100111110000010110011111,0.7146121775179353,-3.05636001976967,0.990284,10000000111010100010100111110000010110011111,10000000010010110000000111110000011100101000,38.0
39,10000000010010110000000111110000011100101000,0.22890573237079082,-3.0376203149843946,0.981948,10000000111010100010100111110000010110011111,10000000010010110000000111110000011100101000,38.0
39,10010000010010110110100111100001001000100111,12.730148489510654,-6.0283913680056,0.153714,10000000010010110110000111110000001000010110,10000001011011100010100111100001001000100111,38.0
39,10000001011011100010000111110000001000010110,1.117348937356212,-3.0995137928757117,0.9665382,10000000010010110110000111110000001000010110,10000001011011100010100111100001001000100111,38.0
39,10000000100000110111010111110001001110110110,0.40118703870464856,-2.8843648157989605,0.9407579,10000000100000110111010111110001001110110110,10000000100000011110000111110000011000101100,38.0
39,10000000100000011110000110110001011000101100,0.39637098225855993,-15.354327047902828,0.7509836,10000000100000110111010111110001001110110110,10000000100000011110000111110000011000101100,38.0
39,10000001011001011110000111110000001000101100,1.092171929400422,-3.098464750877554,0.9692992,10000001011001011110000111110000001000010111,10000000100000100110000111110000011000101100,38.0
39,10000000100000100110000111110000011000010111,0.3978968615286078,-3.0506379725069905,0.986513,10000001011001011110000111110000001000010111,10000000100000100110000111110000011000101100,38.0
39,10000000010001000010100111110000000000101111,0.20802025986201045,-3.122735768016753,0.9902076,10000000010001000010100111110000000000101111,10000000011010100010100111110000001000000111,38.0
39,10000000011010100010100111110000001000000111,0.3239870843856494,-3.1002290487835467,0.9898357,10000000010001000010100111110000000000101111,10000000011010100010100111110000001000000111,38.0
39,10000000000000110110000111100010000100011110,0.010323526936417693,-5.845715009144541,0.7996956,10000000000000110110000111100000000100011110,10000000101000110110000111110000000000011110,38.0
39,10000000101000110110000111110100000000011110,0.49860489335176794,-2.3422962051144083,0.5381062,10000000000000110110000111100000000100011110,10000000101000110110000111110000000000011110,38.0
39,10000000010010101111110111110000001000010101,0.22885804864360182,-3.0995614766029007,0.9893719,10000000010010101111110111110000001000010100,10000000010000110110000111110000111000111100,38.0
39,10000000010000110110000111110000111000101100,0.20563607350256063,-2.9519803409529572,0.959003,10000000010010101111110111110000001000010100,10000000010000110110000111110000111000111100,38.0
39,10000000010001000010100111110001011101110111,0.20802025986201045,-2.838540753970321,0.9085792,10000000010001000010100111110000000000101111,10000000101010100010100111110001011101110111,38.0
39,10000000101010100010100111110000000000101111,0.5192996309517923,-3.122735768016753,0.9895617,10000000010001000010100111110000000000101111,10000000101010100010100111110001011101110111,38.0
39,10000000111010011110000111110000011000101100,0.7137538704285333,-3.0496366142360216,0.9902434,10000000111010011010000111110000001000000100,10000000100000011110000111110000011000101100,38.0
39,10000000100000011010000111110000001000000100,0.395608042623536,-3.1003720999651136,0.9901188,10000000111010011010000111110000001000000100,10000000100000011110000111110000011000101100,38.0
39,10000100000000110010010111110000000000101111,3.134609016086827,-3.122735768016753,0.0965041,10000000000000110010010111110000010110101100,10000000101010111110100111110000000000101111,38.0
39,10000000101010111110100111110000010110101100,0.5246402083969599,-3.055740131316213,0.9888644,10000000000000110010010111110000010110101100,10000000101010111110100111110000000000101111,38.0
39,10000000000000000010010111110000001101101100,0.0004529954082954646,-3.083205958177075,0.9872864,10000000100000000010010111110000001101101100,10000001000000100110000111010000011011101010,38.0
39,10000001000000100110000111010000011011101010,0.7885219546608795,-9.290578196186587,0.9146447,10000000100000000010010111110000001101101100,10000001000000100110000111010000011011101010,38.0
39,10000000100000011110010111110000011100101111,0.39641866598574893,-3.0372865288940716,0.9847053,10000000100000011110010111110000011100101110,10000000101100111010000111110000000110101111,38.0
39,10000000101100111010000111110000000110101111,0.5481959696283241,-3.1044252167761783,0.9900925,10000000100000011110010111110000011100101110,10000000101100111010000111110000000110101111,38.0
39,10000000100000011010000111110000010110111000,0.395608042623536,-3.055167926589945,0.9870058,10000000100000011010000111110000010110111000,10000000010000110010000111110000011010011111,38.0
39,10000000010000110010000111110000011010011111,0.2048731338675367,-3.044152985609287,0.9827922,10000000100000011010000111110000010110111000,10000000010000110010000111110000011010011111,38.0
39,10000000100010011010100111110000001000101000,0.4201174783986801,-3.09865548578631,0.9901547,10000000100010011010100111110000001000101000,10000000000000000010010111110001001110110110,38.0
39,10000000001000000010010111010001001100110110,0.09810926869135983,-9.140469822995627,0.85909,10000000100010011010100111110000001000101000,10000000000000000010010111110001001110110110,38.0
39,10000000010010101010000111110000010100011111,0.2277613229182549,-3.0624635368498616,0.9858078,10000000010010101010000111110000010100011111,10000001011001011110000111110000000000101111,38.0
39,10000001011001011110000111110000000000101111,1.092171929400422,-3.122735768016753,0.9623166,10000000010010101010000111110000010100011111,10000001011001011110000111110000000000101111,38.0
39,10000001111010100011000111100000000000011111,1.4959577312368708,-6.248499452710021,0.9426962,10000001111010100011000111100000000000011110,10000000010010101010000111110000010100011111,38.0
39,10000000010010101010000111110000010100011110,0.2277613229182549,-3.0625112205770506,0.9858141,10000001111010100011000111100000000000011110,10000000010010101010000111110000010100011111,38.0
39,10000000111100011010010111110000000000101110,0.7374526828414645,-3.122783451743942,0.9854587,10000000111100011010000111110000001000100111,10000000101000111110010111110000000000101110,38.0
39,10000000101000111110000111110000001000100111,0.5001307726218158,-3.098703169513499,0.990284,10000000111100011010000111110000001000100111,10000000101000111110010111110000000000101110,38.0
39,10000001011001011110000111110000010101011111,1.092171929400422,-3.059411778309766,0.9784599,10000001011001011110000111110000001000010111,10000000010010101010000111110000010100011111,38.0
39,10000000010010101010000111110000001000010111,0.2277613229182549,-3.0994661091485227,0.9893614,10000001011001011110000111110000001000010111,10000000010010101010000111110000010100011111,38.0
40,10000001011001011110000111100001000000011110,1.092171929400422,-6.053234589871067,0.9480752,10000001011001011110000111100001000000011110,10000000101000101010000111110000001000101000,39.0
40,10000000101000101010000111110000001000101010,0.4963160744466961,-3.098560118331932,0.9902839,10000001011001011110000111100001000000011110,10000000101000101010000111110000001000101000,39.0
40,10000000000000111110010111110000001000010111,0.01189708993365457,-3.0994661091485227,0.9887917,10000000000000111110010111110000010110011111,10000000010010101010000111110000001000010111,39.0
40,10000000010010101010000111110000010110011111,0.2277613229182549,-3.05636001976967,0.9849662,10000000000000111110010111110000010110011111,10000000010010101010000111110000001000010111,39.0
40,11000000100100011010000111110000000000101111,50.444448100196865,-3.122735768016753,0.5337182,11000000100100011010000111110000000000101100,10000000101010111110100111110000000000101111,39.0
40,10000000101010111110100111110000000000101100,0.5246402083969599,-3.12287881919832,0.9895063,11000000100100011010000111110000000000101100,10000000101010111110100111110000000000101111,39.0
40,10000000101100111010000111110000000110101110,0.5481959696283241,-3.1044729005033673,0.9900913,10000000101100111010000111110000000110101110,10000000110000011110010111110000011100101100,39.0
40,10000000110000011110010111110000011100101100,0.5917312125518777,-3.0374295800756386,0.9883883,10000000101100111010000111110000000110101110,10000000110000011110010111110000011100101100,39.0
40,10000000010001000010100111110000000000101111,0.20802025986201045,-3.122735768016753,0.9902076,10000000100000110111010111110001001110110110,10000000010001000010100111110000000000101111,39.0
40,10000000100000110111010111110001001110110110,0.40118703870464856,-2.8843648157989605,0.9407579,10000000100000110111010111110001001110110110,10000000010001000010100111110000000000101111,39.0
40,00000000010010110110000111110000001000000100,-99.76997370004027,-3.1003720999651136,0.5006016,10000000010010110110000111110000000000010110,10000001011011101010000111110000001000000100,39.0
40,10000001011011101010000111110000000000010110,1.1188748166262599,-3.123927861196478,0.9589518,10000000010010110110000111110000000000010110,10000001011011101010000111110000001000000100,39.0
40,10000000010000110010000101110000000000101111,0.2048731338675367,-28.12274172848265,0.6488473,10000000010010101010000111110000010100011111,10000000010000110010000111110000000000101111,39.0
40,10000000010010101010000111110000010100011111,0.2277613229182549,-3.0624635368498616,0.9858078,10000000010010101010000111110000010100011111,10000000010000110010000111110000000000101111,39.0
40,10000000010001000010100111110001000000101111,0.20802025986201045,-2.927423221450624,0.9500587,10000000010001000010100111110000000000101111,10000000000000111110010111110000010110011111,39.0
40,10000000000000111110010111110000010110011111,0.01189708993365457,-3.05636001976967,0.9836782,10000000010001000010100111110000000000101111,10000000000000111110010111110000010110011111,39.0
40,10000001111010011110000111110010000100011110,1.4950040566930909,-2.720714264086311,0.9891441,10000001111010011010000111110000001000101000,10000000000000110110000111100010000100011110,39.0
40,10000000000000110110000111100000001000101000,0.010323526936417693,-6.223656230844554,0.9601261,10000001111010011010000111110000001000101000,10000000000000110110000111100010000100011110,39.0
40,10000000111010011110000111110000011011101010,0.7137538704285333,-3.0405767060701123,0.9900556,10000000111010011110000111110000011000101100,10000001000000100110000111010000011011101010,39.0
40,10000001000000100110000111010000011000101100,0.7885219546608795,-9.299638104352496,0.9159781,10000000111010011110000111110000011000101100,10000001000000100110000111010000011011101010,39.0
40,10000000000010110000000111110000010001101100,0.033593185804647874,-3.070998924016692,0.9858423,10000000101000110110000111110000011110011111,10000000000010110000000111110000010001101100,39.0
40,10000000101000110110000111110000011110011111,0.49860489335176794,-3.031945951448904,0.9860363,10000000101000110110000111110000011110011111,10000000000010110000000111110000010001101100,39.0
40,10000000101010111110100111110000010110101110,0.5246402083969599,-3.055644763861835,0.9888574,10000000101010111110100111110000010110101100,10000000010010110110000111110000000000010110,39.0
40,11000000010010110110000111110000000000010100,50.23006206275511,-3.124023228650856,0.5397575,10000000101010111110100111110000010110101100,10000000010010110110000111110000000000010110,39.0
40,10000000010010101010000111110000010100110110,0.2277613229182549,-3.0613668111245147,0.9856619,10000000010010101010000111110000010100011110,10000000100000110111010111110001001110110110,39.0
40,10000000100000110111010111110001001110011110,0.40118703870464856,-2.8855092252514964,0.9412447,10000000010010101010000111110000010100011110,10000000100000110111010111110001001110110110,39.0
40,10000000101000111110000111110000001000100111,0.5001307726218158,-3.098703169513499,0.990284,10000000101000111110000111110000001000100111,10000000010001000010100111110000011000100111,39.0
40,10000000010001000010100111110000011000100111,0.20802025986201045,-3.0498750328719666,0.9837706,10000000101000111110000111110000001000100111,10000000010001000010100111110000011000100111,39.0
40,10000001011011001110000111100001000100110110,1.1135342391810923,-6.039883146258148,0.945839,10000001011001011110000111100001000000011110,10000000100000110111010111110001001110110110,39.0
40,10000000100000110111010111110001001000011110,0.40118703870464856,-2.903819776492071,0.9487219,10000001011001011110000111100001000000011110,10000000100000110111010111110001001110110110,39.0
40,10000000010000110010000111110000001101101100,0.2048731338675367,-3.083205958177075,0.987978,10000000010000110010000111110000011000100111,10000000000000100010010111110000001101101100,39.0
40,10000000000000100010010111110000011000100111,0.006556512488486987,-3.0498750328719666,0.982593,10000000010000110010000111110000011000100111,10000000000000100010010111110000001101101100,39.0
40,10000000111010110000000111110000011100101000,0.7171870987861411,-3.0376203149843946,0.9899887,10000000111010110000000111110000011100101000,10000000100000011110000110110001011000101100,39.0
40,10000000100000011110000110110001011000101100,0.39637098225855993,-15.354327047902828,0.7509836,10000000111010110000000111110000011100101000,10000000100000011110000110110001011000101100,39.0
40,10000000100000101010000111110000000110111000,0.39865980116363176,-3.1039960632314774,0.9902047,10000000100000100110000111110000011000010111,10000000111100011010000111110000000110111000,39.0
40,10000000111100010110000111110000011000010111,0.7366420594792515,-3.0506379725069905,0.9902841,10000000100000100110000111110000011000010111,10000000111100011010000111110000000110111000,39.0
40,10000000000000110010010111110000000000101111,0.009608271028582749,-3.122735768016753,0.9900411,10000000000000110010010111110000010110101100,10000001011001011110000111110000000000101111,39.0
40,10000001011001011110000111110000010110111100,1.092171929400422,-3.054977191681189,0.9793368,10000000000000110010010111110000010110101100,10000001011001011110000111110000000000101111,39.0
40,10000000111001000010100111110000000000101111,0.6963016262773607,-3.122735768016753,0.9866453,10000000111010110000000111110000011100101000,10000000010001000010100111110000000000101111,39.0
40,10000000010010110000000111110000011100101000,0.22890573237079082,-3.0376203149843946,0.981948,10000000111010110000000111110000011100101000,10000000010001000010100111110000000000101111,39.0
40,10001000000000101010000101110000001000000100,6.2580361981478205,-28.100378060431012,0.5771054,10000000000000110010010111110000010110101100,10000001011011101010000111110000001000000100,39.0
40,10000001011011110010010111110000010110101100,1.1204483796234967,-3.055740131316213,0.9771039,10000000000000110010010111110000010110101100,10000001011011101010000111110000001000000100,39.0
40,10000000100000011110010111110000011100101100,0.39641866598574893,-3.0374295800756386,0.9847263,10000000100000011110010111110000011100101100,10000000111010100010100111110000010110011111,39.0
40,10000000111010100010100111110000010110011111,0.7146121775179353,-3.05636001976967,0.990284,10000000100000011110010111110000011100101100,10000000111010100010100111110000010110011111,39.0
40,10000000111010011110000111110000011000101100,0.7137538704285333,-3.0496366142360216,0.9902434,10000000111010011110000111110000011000101100,10000000100010011010100111110000001000101000,39.0
40,10000000100010011010100111110000001000111000,0.4201174783986801,-3.097892546151286,0.9901371,10000000111010011110000111110000011000101100,10000000100010011010100111110000001000101000,39.0
40,10000001011010100010100111110000001000000101,1.105237270650207,-3.1003244162379247,0.9675292,10000001011001011110000111110000001000101100,10000000011010100010100111110000001000000111,39.0
40,10000000011001011110000111110000001000101100,0.3109217431358644,-3.098464750877554,0.9896969,10000001011001011110000111110000001000101100,10000000011010100010100111110000001000000111,39.0
40,10000000101010111110100111110000010110101100,0.5246402083969599,-3.055740131316213,0.9888644,10000000010000110010000111110000000000101111,10000000101010111110100111110000010110101100,39.0
40,10000000010000110010000111110000000000101111,0.2048731338675367,-3.122735768016753,0.9902039,10000000010000110010000111110000000000101111,10000000101010111110100111110000010110101100,39.0
40,10000000101000111110010111111000011110011111,0.5001784563490048,-1.4694455789197889,0.0027434,10000000101010100010100111110000000000101111,10000000000000111110010111110000011110011111,39.0
40,10000000000010100010100111110000000000101111,0.031018264536442075,-3.122735768016753,0.9900454,10000000101010100010100111110000000000101111,10000000000000111110010111110000011110011111,39.0
40,10000000010010110010000111110000010100111000,0.22928720218830279,-3.0612714436701367,0.9856644,10000000010010110010000111110000010100111000,10000001111010100011000111100000000000011111,39.0
40,00000001111010100111000111100000000000011111,-98.5033031709917,-6.248499452710021,0.4962348,10000000010010110010000111110000010100111000,10000001111010100011000111100000000000011111,39.0
40,10000000101010100010100111110000000000101111,0.5192996309517923,-3.122735768016753,0.9895617,10000000101010100010100111110000000000101111,10000000101000111110000111110000001000100111,39.0
40,11000000101000111110000111110000001000101111,50.50014269355361,-3.098321699695987,0.5311878,10000000101010100010100111110000000000101111,10000000101000111110000111110000001000100111,39.0
40,10000000101000101010000111110000011000101000,0.4963160744466961,-3.0498273491447776,0.9879726,10000000101000101010000111110000001000101000,10000000010010101010000111110000010100011111,39.0
40,10000000010010101010000111110000010100011111,0.2277613229182549,-3.0624635368498616,0.9858078,10000000101000101010000111110000001000101000,10000000010010101010000111110000010100011111,39.0
40,10000000010000011010000111110000010110111000,0.20029549605739305,-3.055167926589945,0.9845086,10000000010000110010000111110000011010011111,10000000100000011010000111110000010110111000,39.0
40,10000000100000110010000111110000011010011111,0.40018568043367964,-3.044152985609287,0.9857311,10000000010000110010000111110000011010011111,10000000100000011010000111110000010110111000,39.0
40,10000000000000000010010111110100001101101100,0.0004529954082954646,-2.3019557719125174,0.4464368,10000000000000111110010111110000011110011111,10000000100000000010010111110100001101101100,39.0
40,10010000100000111110010111110000011110011111,12.90252516329889,-3.031945951448904,0.5703023,10000000000000111110010111110000011110011111,10000000100000000010010111110100001101101100,39.0
40,10000000010001000010110111110001001110110110,0.20806794358919944,-2.8843648157989605,0.9316691,10000000010001000010100111110000000000101111,10000000100000110111010111110001001110110110,39.0
40,10000000100000110111000111110000000000101111,0.40113935497745956,-3.122735768016753,0.9901877,10000000010001000010100111110000000000101111,10000000100000110111010111110001001110110110,39.0
40,10000000111100011010010111110000000000101110,0.7374526828414645,-3.122783451743942,0.9854587,10000000111100011010010111110000000000101110,10000000111100011010010111110000000000101110,39.0
40,10000000111100011010010111110000000000101110,0.7374526828414645,-3.122783451743942,0.9854587,10000000111100011010010111110000000000101110,10000000111100011010010111110000000000101110,39.0
40,10000000010010101010000111110000010110011110,0.2277613229182549,-3.056407703496859,0.9849731,10000000010010101010000111110000010100011110,10000000010011000010100111110000010110011110,39.0
40,10000000010011000010100111110000010100011110,0.23243432818277654,-3.0625112205770506,0.9858603,10000000010010101010000111110000010100011110,10000000010011000010100111110000010110011110,39.0
40,10000000101000111010100111110000000100101111,0.4994632004411699,-3.11052873385637,0.9901454,10000000101000111010100111110000001111100111,10000000111100011010000111100000000100101111,39.0
40,10000000111100011010000111100000001111100111,0.7374049991142755,-6.202341604791073,0.9618783,10000000101000111010100111110000001111100111,10000000111100011010000111100000000100101111,39.0
40,10000000111100111110000111110001000110101111,0.744271455829491,-2.9091126702100496,0.9723072,10000000101100111010000111110000000110101111,10000000111100111110000111110001000110101111,39.0
40,10000000101100111010000111110000000110101011,0.5481959696283241,-3.1046159516849343,0.9900874,10000000101100111010000111110000000110101111,10000000111100111110000111110001000110101111,39.0
40,10000000111010100010100111110000010110011111,0.7146121775179353,-3.05636001976967,0.990284,10000000111010100010100111110000010110011111,10000000100000100110000111110000011000101100,39.0
40,10000000100000100111000111110000011000101100,0.3980875964373638,-3.0496366142360216,0.9863944,10000000111010100010100111110000010110011111,10000000100000100110000111110000011000101100,39.0
40,10000001011011101010000111110000001000000100,1.1188748166262599,-3.1003720999651136,0.9661374,10000001011011101010000111110000001000000100,10000000010010110000000111110000011100101000,39.0
40,10000000010010110000000111110000011100101000,0.22890573237079082,-3.0376203149843946,0.981948,10000001011011101010000111110000001000000100,10000000010010110000000111110000011100101000,39.0
40,10000000010010110000000111110000011100101000,0.22890573237079082,-3.0376203149843946,0.981948,10000000010010110000000111110000011100101000,11000000100100011010000111110000000000101100,39.0
40,11000000100100011010000111110000000000101100,50.444448100196865,-3.12287881919832,0.5337178,10000000010010110000000111110000011100101000,11000000100100011010000111110000000000101100,39.0
40,10000001011010100010100111100001001000100111,1.105237270650207,-6.0283913680056,0.9425071,10000000111100011010000111100000000100101111,10000001011011100010100111100001001000100111,39.0
40,10001000111100011010000111100000000100101111,6.98740648923075,-6.235529478914614,0.9196137,10000000111100011010000111100000000100101111,10000001011011100010100111100001001000100111,39.0
40,10000000100000011010000111110000000000000100,0.395608042623536,-3.1247861682858797,0.99016,10000000100000011010000111110000010110111000,10000000100000011010000111110000001000000100,39.0
40,10000000100000011010000111110000010110111000,0.395608042623536,-3.055167926589945,0.9870058,10000000100000011010000111110000010110111000,10000000100000011010000111110000001000000100,39.0
40,10000000010010110000000111110000011100101000,0.22890573237079082,-3.0376203149843946,0.981948,10000000010000110010000011110000011010011100,10000000010010110000000111110000011100101000,39.0
40,10000000010000110010000011110000011010011100,0.2048731338675367,-53.04430795772265,0.525737,10000000010000110010000011110000011010011100,10000000010010110000000111110000011100101000,39.0
40,10000001011001011110000111110000001000101000,1.092171929400422,-3.09865548578631,0.9692482,10000001011001011110000111110000000000101111,10000001111010011010000111110000001000101000,39.0
40,10000001111010011010000111110000000000101111,1.494241117058067,-3.122735768016753,0.8914697,10000001011001011110000111110000000000101111,10000001111010011010000111110000001000101000,39.0
40,10000000100000110111010111110000001000000111,0.40118703870464856,-3.1002290487835467,0.990133,10000000100000110111010111110001001110110110,10000000011010100010100111110000001000000111,39.0
40,10000000011010000010100111100001001110110110,0.31788356730545786,-6.009365560857191,0.9015802,10000000100000110111010111110001001110110110,10000000011010100010100111110000001000000111,39.0
40,10000000010001000010100111110000001000101000,0.20802025986201045,-3.09865548578631,0.9892247,10000000010001000010100111110000000000101111,10000001111010011010000111110000001000101000,39.0
40,10000001111010011010000111110000000000101111,1.494241117058067,-3.122735768016753,0.8914697,10000000010001000010100111110000000000101111,10000001111010011010000111110000001000101000,39.0
40,10000000010001000010100111110000011010011101,0.20802025986201045,-3.044248353063665,0.9828447,10000000010001000010100111110000000000101111,10000000010000110010000111110000011010011101,39.0
40,10000000010000110010000111110000000000101111,0.2048731338675367,-3.122735768016753,0.9902039,10000000010001000010100111110000000000101111,10000000010000110010000111110000011010011101,39.0
40,10000000010001000010100111110000011101101100,0.20802025986201045,-3.034377821535543,0.9810731,10000000010001000010100111110000011000100111,10000000000000100010010111110000001101101100,39.0
40,10000000000000100010010111110000001000100111,0.006556512488486987,-3.098703169513499,0.9887315,10000000010001000010100111110000011000100111,10000000000000100010010111110000001101101100,39.0
40,10000000111010100110000111010000011011101010,0.7152797496985812,-9.290578196186587,0.9136983,10000000111010100010100111110000010110011111,10000001000000100110000111010000011011101010,39.0
40,10000001000000100010100111110000010110011111,0.7878543824802335,-3.05636001976967,0.9899736,10000000111010100010100111110000010110011111,10000001000000100110000111010000011011101010,39.0
40,10000000000000110110000111000000001000101100,0.010323526936417693,-12.473466986052273,0.8679804,10000000000000110110000111100010000100011110,10000001011001011110000111110000001000101100,39.0
40,10000001011001011110000111110010000100011110,1.092171929400422,-2.720714264086311,0.9488572,10000000000000110110000111100010000100011110,10000001011001011110000111110000001000101100,39.0
40,10000000010010101010100111110000111011011111,0.2278566903726329,-2.943444953786127,0.9565825,10000000010010101010000111110000001000010111,10000000110001000010100111110000111011011111,39.0
40,10000000110001000010000111110000001000010111,0.5985499855399041,-3.0994661091485227,0.9899574,10000000010010101010000111110000001000010111,10000000110001000010100111110000111011011111,39.0
41,00000001011000011010000111110000010000000100,-98.92082188625858,-3.0759580316443476,0.4957098,10000001011001011110000111110000010110111100,10000000100000011010000111110000000000000100,40.0
41,10000000100001011110000111110000010110111100,0.408578016418943,-3.054977191681189,0.987174,10000001011001011110000111110000010110111100,10000000100000011010000111110000000000000100,40.0
41,10000000010010110010000111110000010100111000,0.22928720218830279,-3.0612714436701367,0.9856644,10000000010010110010000111110000010100111000,10000000010010101010100111110000111011011111,40.0
41,10000000010011101010100011110000111011011111,0.24006372453301594,-52.943456874717924,0.5207738,10000000010010110010000111110000010100111000,10000000010010101010100111110000111011011111,40.0
41,10000000000100100010010111110000001000100111,0.05538464913001917,-3.098703169513499,0.9887694,10000000101000101010000111110000001000101010,10000000000000100010010111110000001000100111,40.0
41,10000000101000101010000111110000001000101010,0.4963160744466961,-3.098560118331932,0.9902839,10000000101000101010000111110000001000101010,10000000000000100010010111110000001000100111,40.0
41,10000000000010100010100111110000000000101111,0.031018264536442075,-3.122735768016753,0.9900454,10000000000010100010100111110000000000101111,10000000011010000010100111100001001110110110,40.0
41,00000000011010000010100111100001001110110110,-99.68214027455814,-6.009365560857191,0.5009673,10000000000010100010100111110000000000101111,10000000011010000010100111100001001110110110,40.0
41,10000000011000101010000111110000010100011111,0.3010035278805532,-3.0624635368498616,0.9866028,10000000010010101010000111110000010100011111,10000000101000101010000111110000001000101010,40.0
41,10000000101000101010000111110000001000101010,0.4963160744466961,-3.098560118331932,0.9902839,10000000010010101010000111110000010100011111,10000000101000101010000111110000001000101010,40.0
41,10000001011010100010100111110000000000101100,1.105237270650207,-3.12287881919832,0.96084,10000001011010100010100111110000001000000101,10000000101010111110100111110000000000101100,40.0
41,10000000101010111110100111110000000000000101,0.5246402083969599,-3.1247384845586907,0.9894017,10000001011010100010100111110000001000000101,10000000101010111110100111110000000000101100,40.0
41,10000000101000110110000111110000011110011111,0.49860489335176794,-3.031945951448904,0.9860363,10000000101000101010000111110000001000101010,10000000101000110110000111110000011110011111,40.0
41,00000000101000101010000111110000001000101010,-99.5037077674169,-3.098560118331932,0.4984138,10000000101000101010000111110000001000101010,10000000101000110110000111110000011110011111,40.0
41,10000001011001011110000111110000001000101000,1.092171929400422,-3.09865548578631,0.9692482,10000001011001011110000111110000001000101000,10000000010000110010000111110000000000101111,40.0
41,10000000010000110010000111110000000000101111,0.2048731338675367,-3.122735768016753,0.9902039,10000001011001011110000111110000001000101000,10000000010000110010000111110000000000101111,40.0
41,10000000100000011010000111110000010110111000,0.395608042623536,-3.055167926589945,0.9870058,10000000100000011010000111110000010110111000,10000001111010011110000111110010000100011110,40.0
41,10000001101010011110000111110010000100011110,1.299691510126948,-2.720714264086311,0.975428,10000000100000011010000111110000010110111000,10000001111010011110000111110010000100011110,40.0
41,10000001111010011010000111110000000000111000,1.494241117058067,-3.122306614472052,0.8916975,10000001111010011010000111110000000000101111,10000000100010011010100111110000001000111000,40.0
41,10000000100010011010100111110000001000101111,0.4201174783986801,-3.098321699695987,0.9901472,10000001111010011010000111110000000000101111,10000000100010011010100111110000001000111000,40.0
41,10000000101100111010000111110000000110101011,0.5481959696283241,-3.1046159516849343,0.9900874,10000000111100011010010111110000000000101110,10000000101100111010000111110000000110101011,40.0
41,10000000111100011010010111110000000000101110,0.7374526828414645,-3.122783451743942,0.9854587,10000000111100011010010111110000000000101110,10000000101100111010000111110000000110101011,40.0
41,10000000010001000010100111110001000000101111,0.20802025986201045,-2.927423221450624,0.9500587,10000000010001000010100111110001000000101111,10001000111100011010000111100000000100101111,40.0
41,10001000111100011010000111100000000100101111,6.98740648923075,-6.235529478914614,0.9196137,10000000010001000010100111110001000000101111,10001000111100011010000111100000000100101111,40.0
41,10000000101010111110100111110000011000101000,0.5246402083969599,-3.0498273491447776,0.9883963,10000000101010111110100111110000010110101100,10000000101000101010000111110000011000101000,40.0
41,10000000101000101010000111110000010110101100,0.4963160744466961,-3.055740131316213,0.9884948,10000000101010111110100111110000010110101100,10000000101000101010000111110000011000101000,40.0
41,10000000101000101010000111110000001000111000,0.4963160744466961,-3.097892546151286,0.9902829,10000000101000101010000111110000001000101010,10000000100010011010100111110000001000111000,40.0
41,10000000100010011010100111110000001000101010,0.4201174783986801,-3.098560118331932,0.9901526,10000000101000101010000111110000001000101010,10000000100010011010100111110000001000111000,40.0
41,10000000010011110010000111110000010100111000,0.24149423634868583,-3.0612714436701367,0.9857893,10000000000000111110010111110000001000010111,10000000010010110010000111110000010100111000,40.0
41,10000000000000111110010111110000001000010111,0.01189708993365457,-3.0994661091485227,0.9887917,10000000000000111110010111110000001000010111,10000000010010110010000111110000010100111000,40.0
41,10000000100000110111010111110001001000011110,0.40118703870464856,-2.903819776492071,0.9487219,10000000111010100010100111110000010110011111,10000000100000110111010111110001001000011110,40.0
41,10000000111010100010100111110000010110011111,0.7146121775179353,-3.05636001976967,0.990284,10000000111010100010100111110000010110011111,10000000100000110111010111110001001000011110,40.0
41,10000000010010100010100111100001001000100111,0.22633081110258502,-6.0283913680056,0.9082719,10000000010010101010000111110000010110011111,10000001011010100010100111100001001000100111,40.0
41,10000001011010101010000111110000010100001111,1.1066677824658768,-3.0632264764848856,0.9765747,10000000010010101010000111110000010110011111,10000001011010100010100111100001001000100111,40.0
41,10000000000000111110010111110000001110110110,0.01189708993365457,-3.0796773623650893,0.9868945,10000000000000111110010111110000010110011111,10000000010001000010110111110001001110110110,40.0
41,10000000010001000011110111110001010110011111,0.20825867849795543,-2.861047473203527,0.9203701,10000000000000111110010111110000010110011111,10000000010001000010110111110001001110110110,40.0
41,10000000111010011110000111110000111011101010,0.7137538704285333,-2.942920432787048,0.9783915,10000000111010011110000111110000011011101010,10000000010000011010000111110000010110111000,40.0
41,10000000010000011010000111110000010110111000,0.20029549605739305,-3.055167926589945,0.9845086,10000000111010011110000111110000011011101010,10000000010000011010000111110000010110111000,40.0
41,00000000010010110110000111110000000000101111,-99.76997370004027,-3.122735768016753,0.5006073,00000000010010110110000111110000001000000100,10000000010000110010000111110000000000101111,40.0
41,10000000010000110010000111110000001000000100,0.2048731338675367,-3.1003720999651136,0.9893194,00000000010010110110000111110000001000000100,10000000010000110010000111110000000000101111,40.0
41,10000000010000110010000101110000010110011111,0.2048731338675367,-28.05636598023557,0.6419976,10000000010000110010000101110000000000101111,10000000000000111110010111110000010110011111,40.0
41,10000000000000111110010111110000000000101111,0.01189708993365457,-3.122735768016753,0.9900413,10000000010000110010000101110000000000101111,10000000000000111110010111110000010110011111,40.0
41,10000001000000100110000111010000011000101100,0.7885219546608795,-9.299638104352496,0.9159781,10000001000000100110000111010000011000101100,10000000010010110000000111110000011100101000,40.0
41,10000000010010110000000111110000011100001000,0.22890573237079082,-3.0391461942544424,0.9822201,10000001000000100110000111010000011000101100,10000000010010110000000111110000011100101000,40.0
41,10000000101100111010000111110000000110101011,0.5481959696283241,-3.1046159516849343,0.9900874,10000000010010110000000111110000011100101000,10000000101100111010000111110000000110101011,40.0
41,11000000010010110000000111110000011100101000,50.228917653302574,-3.0376203149843946,0.5398322,10000000010010110000000111110000011100101000,10000000101100111010000111110000000110101011,40.0
41,10000000000000110000010111110000000000101111,0.009226801211070779,-3.122735768016753,0.990041,10000000000000110010010111110000000000101111,10000000010010110000000111110000011100101000,40.0
41,10000000010010110000000111110000011100101000,0.22890573237079082,-3.0376203149843946,0.981948,10000000000000110010010111110000000000101111,10000000010010110000000111110000011100101000,40.0
41,10000000010000011111000111110000000000101111,0.20124917060117298,-3.122735768016753,0.9901997,10000000010000011010000111110000010110111000,10000000100000110111000111110000000000101111,40.0
41,10000000100000110010000111110000010110111000,0.40018568043367964,-3.055167926589945,0.9870725,10000000010000011010000111110000010110111000,10000000100000110111000111110000000000101111,40.0
41,10000000100000110111010111110001001110110110,0.40118703870464856,-2.8843648157989605,0.9407579,10000000101010111110100111110000010110101110,10000000100000110111010111110001001110110110,40.0
41,10000000101010111110100111110000010111101110,0.5246402083969599,-3.0525930053217394,0.9886235,10000000101010111110100111110000010110101110,10000000100000110111010111110001001110110110,40.0
41,10000000111100010110000111110000011000010111,0.7366420594792515,-3.0506379725069905,0.9902841,10000000111100010110000111110000011000010111,10000000100000011010000111110000010110111000,40.0
41,10000000100000011010000111110000010110111000,0.395608042623536,-3.055167926589945,0.9870058,10000000111100010110000111110000011000010111,10000000100000011010000111110000010110111000,40.0
41,10000000010000110010000111110000000000101111,0.2048731338675367,-3.122735768016753,0.9902039,10000000010000110010000111110000000000101111,10000000101010111110100111110000010110101110,40.0
41,10000000101010111110100111110000010110101110,0.5246402083969599,-3.055644763861835,0.9888574,10000000010000110010000111110000000000101111,10000000101010111110100111110000010110101110,40.0
41,10100000100100111110000111110000001000101000,25.451308596446182,-3.09865548578631,0.5963485,10000000100000110111010111110000001000000111,10000001011001011110000111110000001000101000,40.0
41,10000001011001010111010111110000001000000111,1.090884468766319,-3.1002290487835467,0.9689471,10000000100000110111010111110000001000000111,10000001011001011110000111110000001000101000,40.0
41,10010000100000111110010111110000011110011111,12.90252516329889,-3.031945951448904,0.5703023,10010000100000111110010111110000011110011111,10000000111010100010100111110000010110011111,40.0
41,10000000111010100010100111110000010110011111,0.7146121775179353,-3.05636001976967,0.990284,10010000100000111110010111110000011110011111,10000000111010100010100111110000010110011111,40.0
41,10000000111010101010000111110000010100110110,0.7160426893336052,-3.0613668111245147,0.9902543,10000000111010100110000111010000011011101010,10000000010010101010000111110000010100110110,40.0
41,10000000010010100110000111010000011010101010,0.22699838328323096,-9.293629954726683,0.9097295,10000000111010100110000111010000011011101010,10000000010010101010000111110000010100110110,40.0
41,10000000111100011010010111110000000000101110,0.7374526828414645,-3.122783451743942,0.9854587,10000000111100011010010111110000000000101110,10000000101100111010000111110000000110101110,40.0
41,10000000101100111010000111110000000110101110,0.5481959696283241,-3.1044729005033673,0.9900913,10000000111100011010010111110000000000101110,10000000101100111010000111110000000110101110,40.0
41,10000000010010101010100111110000010110011111,0.2278566903726329,-3.05636001976967,0.9849672,10000000010010101010000111110000010110011110,10000000111010100010100111110000010110011111,40.0
41,10000000111010101010000111110000010110011110,0.7160426893336052,-3.056407703496859,0.9902836,10000000010010101010000111110000010110011110,10000000111010100010100111110000010110011111,40.0
41,10000000000000000010011111110100001101101100,0.0004529954082954646,97.69806806995106,0.5036665,10000000000000000010010111110100001101101100,10000000010000110010000111110000001101101100,40.0
41,10000000010000110010000111110000001101101100,0.2048731338675367,-3.083205958177075,0.987978,10000000000000000010010111110100001101101100,10000000010000110010000111110000001101101100,40.0
41,10000000101010111110100111110000010110011110,0.5246402083969599,-3.056407703496859,0.9889131,10000000101010111110100111110000000000101100,10000000010010101010000111110000010110011110,40.0
41,10000000010010101010000111110000000000101100,0.2277613229182549,-3.12287881919832,0.9902316,10000000101010111110100111110000000000101100,10000000010010101010000111110000010110011110,40.0
41,10000000011010011110000111110000011000101100,0.32312877729624745,-3.0496366142360216,0.9852329,10000000111100011010000111100000001111100111,10000000111010011110000111110000011000101100,40.0
41,10000000111100011010000111100000001111100111,0.7374049991142755,-6.202341604791073,0.9618783,10000000111100011010000111100000001111100111,10000000111010011110000111110000011000101100,40.0
41,10000000010010100010000111010000010100111000,0.22623544364820702,-9.311272933786611,0.9130157,10000000010010101010000111110000010100011111,10000000010010110010000111110000010100111000,40.0
41,10100000010010111010000111110000010100011111,25.23081904192425,-3.0624635368498616,0.6557231,10000000010010101010000111110000010100011111,10000000010010110010000111110000010100111000,40.0
41,10000000010000110010000111100000001101101100,0.2048731338675367,-6.208206703235319,0.9587952,10000000010010110000000111110000011100101000,10000000010000110010000111110000001101101100,40.0
41,10000000010010110000000111110000011100101000,0.22890573237079082,-3.0376203149843946,0.981948,10000000010010110000000111110000011100101000,10000000010000110010000111110000001101101100,40.0
41,10010000111100011010010111110000000000011111,13.237455663074414,-3.123498707651777,0.3297852,10000000111100011010010111110000000000101110,10000000010010101010000111110000010100011111,40.0
41,10000000010010100010000111110000010100101110,0.22623544364820702,-3.0617482809420267,0.9856978,10000000111100011010010111110000000000101110,10000000010010101010000111110000010100011111,40.0
41,10000001000000100110000111010000011100101100,0.7885219546608795,-9.287431070192113,0.9141497,10000001000000100110000111010000011000101100,10000000110000011110010111110000011100101100,40.0
41,10000000110000011110011111110000011000101100,0.5917312125518777,96.95038722762757,0.5029656,10000001000000100110000111010000011000101100,10000000110000011110010111110000011100101100,40.0
41,10000000000000110110000111100000001000101000,0.010323526936417693,-6.223656230844554,0.9601261,10000000000000110110000111100000001000101000,10000000010010101010000111110000010100011111,40.0
41,10000000010010101010000111110000010100011111,0.2277613229182549,-3.0624635368498616,0.9858078,10000000000000110110000111100000001000101000,10000000010010101010000111110000010100011111,40.0
41,11000000100000110111010111110001001110011110,50.401198959636446,-2.8855092252514964,0.535983,11000000010010110110000111110000000000010100,10000000100000110111010111110001001110011110,40.0
41,10000000010010110110000111110000000000010100,0.23005014182332673,-3.124023228650856,0.9902487,11000000010010110110000111110000000000010100,10000000100000110111010111110001001110011110,40.0
41,10000001000000100010100111110000010110110110,0.7878543824802335,-3.055263294044323,0.9900096,10000001000000100010100111110000010110011111,10000000010010101010000111110000010100110110,40.0
41,10000000010010101010000111110000010100011111,0.2277613229182549,-3.0624635368498616,0.9858078,10000001000000100010100111110000010110011111,10000000010010101010000111110000010100110110,40.0
41,10000000101000111010100111110000000100101111,0.4994632004411699,-3.11052873385637,0.9901454,10000000101000111010100111110000000100101111,10000000010000011010000111110000010110111000,40.0
41,10000000010000011010000111110000010110111000,0.20029549605739305,-3.055167926589945,0.9845086,10000000101000111010100111110000000100101111,10000000010000011010000111110000010110111000,40.0
41,10000000101000101010000111110000010100110110,0.4963160744466961,-3.0613668111245147,0.9889298,10000000101000101010000111110000001000101010,10000000010010101010000111110000010100110110,40.0
41,10000000010010101010000111110000001000101010,0.2277613229182549,-3.098560118331932,0.9893062,10000000101000101010000111110000001000101010,10000000010010101010000111110000010100110110,40.0
41,10000001011010100010100111110000011100101000,1.105237270650207,-3.0376203149843946,0.9816511,10000001011010100010100111110000001000000101,10000000111010110000000111110000011100101000,40.0
41,10000000111010110000000111110000001000000101,0.7171870987861411,-3.1003244162379247,0.9884106,10000001011010100010100111110000001000000101,10000000111010110000000111110000011100101000,40.0
41,10000000100000111110010111110000010110011111,0.40252218306594045,-3.05636001976967,0.987237,10000000100000011010000111110000000000000100,10000000000000111110010111110000010110011111,40.0
41,10000000000000011010000111110000000000000100,0.0049829494912501104,-3.1247861682858797,0.9901,10000000100000011010000111110000000000000100,10000000000000111110010111110000010110011111,40.0
41,10000000010001000110010111110000011100101100,0.2087355157698454,-3.0374295800756386,0.9816499,10000000010001000010100111110000011000100111,10000000100000011110010111110000011100101100,40.0
41,10000000100000011010100111110000011000100111,0.395703410077914,-3.0498750328719666,0.9863856,10000000010001000010100111110000011000100111,10000000100000011110010111110000011100101100,40.0
41,10000000111010011010010111110001001000011110,0.7130386145206984,-2.903819776492071,0.9687996,10000000111010011110000111110000011011101010,10000000100000110111010111110001001000011110,40.0
41,10000000100000110111000111110000011011101010,0.40113935497745956,-3.0405767060701123,0.9852631,10000000111010011110000111110000011011101010,10000000100000110111010111110001001000011110,40.0
41,00000001111010100111000111100000000000011110,-98.5033031709917,-6.24854713643721,0.4962348,00000001111010100111000111100000000000011111,10000000010010101010000111110000010110011110,40.0
41,10000000010010101010000111110000010110011101,0.2277613229182549,-3.056455387224048,0.9849799,00000001111010100111000111100000000000011111,10000000010010101010000111110000010110011110,40.0
42,10000000101010111110100111110000010110101110,0.5246402083969599,-3.055644763861835,0.9888574,10000000101010111110100111110000011000101000,10000000101010111110100111110000010110101110,41.0
42,10000000101010111110100111110000011000101000,0.5246402083969599,-3.0498273491447776,0.9883963,10000000101010111110100111110000011000101000,10000000101010111110100111110000010110101110,41.0
42,10000000111010100010100111110000010110011111,0.7146121775179353,-3.05636001976967,0.990284,10000000010000110010000111100000001101101100,10000000111010100010100111110000010110011111,41.0
42,10000000010000110010000111100000001101101100,0.2048731338675367,-6.208206703235319,0.9587952,10000000010000110010000111100000001101101100,10000000111010100010100111110000010110011111,41.0
42,10010000010010100010000111010000010100111000,12.726238423881156,-9.311272933786611,0.8183132,10000000010010100010000111010000010100111000,10000001000000100110000111010000011100101100,41.0
42,10000001000000100110000111010000011100101100,0.7885219546608795,-9.287431070192113,0.9141497,10000000010010100010000111010000010100111000,10000001000000100110000111010000011100101100,41.0
42,10000001111010011010100111110000010110011111,1.494336484512445,-3.05636001976967,0.9237836,10000001111010011010000111110000000000111000,10000000111010100010100111110000010110011111,41.0
42,10000000111010100010000111110000000000111000,0.7145168100635573,-3.122306614472052,0.9862041,10000001111010011010000111110000000000111000,10000000111010100010100111110000010110011111,41.0
42,10000000100000110111010111110001001110110110,0.40118703870464856,-2.8843648157989605,0.9407579,10000000100000110111010111110001001110110110,10000000111010011010010111110001001000011110,41.0
42,10000000111010011010010111110001001000011110,0.7130386145206984,-2.903819776492071,0.9687996,10000000100000110111010111110001001110110110,10000000111010011010010111110001001000011110,41.0
42,10100000011100010110000111110000011000010111,25.346022926812864,-3.0506379725069905,0.6286793,10000000111100010110000111110000011000010111,10100000100100111110000111110000001000101000,41.0
42,10100000100100111110000111110000001000101000,25.451308596446182,-3.09865548578631,0.5963485,10000000111100010110000111110000011000010111,10100000100100111110000111110000001000101000,41.0
42,10000000010010110000000111110000011100101000,0.22890573237079082,-3.0376203149843946,0.981948,10000000111010100010100111110000010110011111,10000000010010110000000111110000011100101000,41.0
42,10000000111010100010100111110000010110011111,0.7146121775179353,-3.05636001976967,0.990284,10000000111010100010100111110000010110011111,10000000010010110000000111110000011100101000,41.0
42,10000000000100100010010111110000001000100111,0.05538464913001917,-3.098703169513499,0.9887694,10000000000100100010010111110000001000100111,10000000111010101010000111110000010100110110,41.0
42,10000000111010101010000111110000010100110110,0.7160426893336052,-3.0613668111245147,0.9902543,10000000000100100010010111110000001000100111,10000000111010101010000111110000010100110110,41.0
42,10000000000000110000010111110000000000101111,0.009226801211070779,-3.122735768016753,0.990041,10000000000000110000010111110000000000101111,10000000100000110111010111110001001110110110,41.0
42,10000000100000110111010111110001001110110110,0.40118703870464856,-2.8843648157989605,0.9407579,10000000000000110000010111110000000000101111,10000000100000110111010111110001001110110110,41.0
42,10000000100000011010000111110000010110111000,0.395608042623536,-3.055167926589945,0.9870058,10000000100000011010100111110000011000100111,10000000100000011010000111110000010110111000,41.0
42,10000000100000011010100111110000001000100111,0.395703410077914,-3.098703169513499,0.9900743,10000000100000011010100111110000011000100111,10000000100000011010000111110000010110111000,41.0
42,10000000000100100110010111110000001000101100,0.05614758876504311,-3.098464750877554,0.988752,10000000000100100010010111110000001000100111,10000001011010100010100111110000000000101100,41.0
42,10000001011010100010100111110000000000100111,1.105237270650207,-3.123117237834265,0.9607648,10000000000100100010010111110000001000100111,10000001011010100010100111110000000000101100,41.0
42,10000000111010011010010111110001001000011110,0.7130386145206984,-2.903819776492071,0.9687996,10000000111010011010010111110001001000011110,10000000101000101010000111110000010100110110,41.0
42,10000000100000101010000111110000010100110110,0.39865980116363176,-3.0613668111245147,0.9877051,10000000111010011010010111110001001000011110,10000000101000101010000111110000010100110110,41.0
42,10000000111100010110000111110000011000010111,0.7366420594792515,-3.0506379725069905,0.9902841,10000000111100010110000111110000011000010111,10000000010010101010000111110000010110011101,41.0
42,10000000010010101010000111110000010110011101,0.2277613229182549,-3.056455387224048,0.9849799,10000000111100010110000111110000011000010111,10000000010010101010000111110000010110011101,41.0
42,10000000000000111110010111110000001111110110,0.01189708993365457,-3.0766256038249935,0.9865338,10000000000000111110010111110000001110110110,10000000010000011111000111110000000000101111,41.0
42,10000000010000011011000111110000000000101111,0.20048623096614904,-3.122735768016753,0.9901988,10000000000000111110010111110000001110110110,10000000010000011111000111110000000000101111,41.0
42,10000001011010101010000111110000010100001111,1.1066677824658768,-3.0632264764848856,0.9765747,10000001011010101010000111110000010100001111,10000000101000110110000111110000011110011111,41.0
42,10000000101000110110000011110000011110011111,0.49860489335176794,-53.0319578723807,0.525272,10000001011010101010000111110000010100001111,10000000101000110110000111110000011110011111,41.0
42,10000000111100011010010111110000010110011111,0.7374526828414645,-3.05636001976967,0.9902535,10000000111100011010010111110000000000101110,10000000010010101010100111110000010110011111,41.0
42,10000000010010101010100111110000000000101110,0.2278566903726329,-3.122783451743942,0.9902303,10000000111100011010010111110000000000101110,10000000010010101010100111110000010110011111,41.0
42,10000000111010101010000111110000000100111111,0.7160426893336052,-3.109765794221346,0.9875666,10000000111010101010000111110000010100110110,10000000101000111010100111110000000100101111,41.0
42,10000000111000111010100111110000010100110110,0.6947757470073128,-3.0613668111245147,0.9902836,10000000111010101010000111110000010100110110,10000000101000111010100111110000000100101111,41.0
42,10000000101010111110100111110000010110101110,0.5246402083969599,-3.055644763861835,0.9888574,10000000101010111110100111110000010110101110,10000000111100011010010111110000000000101110,41.0
42,10000000111100011010010111110000000000101110,0.7374526828414645,-3.122783451743942,0.9854587,10000000101010111110100111110000010110101110,10000000111100011010010111110000000000101110,41.0
42,10000000010000110000000111110000011100101000,0.20449166405002472,-3.0376203149843946,0.9816319,10000000010000011111000111110000000000101111,11000000010010110000000111110000011100101000,41.0
42,01000000010010011111000111110000000000101111,-49.77434868200986,-3.122735768016753,0.5290397,10000000010000011111000111110000000000101111,11000000010010110000000111110000011100101000,41.0
42,10000000010010100000000111110000010100101110,0.22585397383069505,-3.0617482809420267,0.985694,10000000010010100010000111110000010100101110,10000000010000110010000111110000000000101111,41.0
42,10100000010000110010000111110000000000101111,25.204879094333435,-3.122735768016753,0.659445,10000000010010100010000111110000010100101110,10000000010000110010000111110000000000101111,41.0
42,10000000010010100010100111110000000000101100,0.22633081110258502,-3.12287881919832,0.9902301,10000000010000110010000111110000000000101111,10000001011010100010100111110000000000101100,41.0
42,10000001011010110010000111110000000000101111,1.1081936617359247,-3.122735768016753,0.9605542,10000000010000110010000111110000000000101111,10000001011010100010100111110000000000101100,41.0
42,10000001011010100010100111110000011100101000,1.105237270650207,-3.0376203149843946,0.9816511,10000001011010100010100111110000011100101000,10000000000010100010100111110000000000101111,41.0
42,10000000000010100010100111100010000000101111,0.031018264536442075,-5.8571114199427114,0.8077667,10000001011010100010100111110000011100101000,10000000000010100010100111110000000000101111,41.0
42,10000000100000011010000111110000010000101111,0.395608042623536,-3.0739076313752207,0.9887742,10000000100000011010000111110000010110111000,10000000010000110010000111110000000000101111,41.0
42,10000000010000110010000111110000000110111000,0.2048731338675367,-3.1039960632314774,0.9895291,10000000100000011010000111110000010110111000,10000000010000110010000111110000000000101111,41.0
42,10000000010010100010000111110000010110101100,0.22623544364820702,-3.055740131316213,0.9848603,10000000010010100010000111010000010100111000,10000000101000101010000111110000010110101100,41.0
42,10000000101000101010000111010000010100111000,0.4963160744466961,-9.311272933786611,0.9147238,10000000010010100010000111010000010100111000,10000000101000101010000111110000010110101100,41.0
42,10000000100000011010000111110000001000000100,0.395608042623536,-3.1003720999651136,0.9901188,10000000100000011010000111110000010110111000,10000000010000110010000111110000001000000100,41.0
42,10000100110000110010000111110000010110111000,3.720498972058053,-3.055167926589945,0.0322545,10000000100000011010000111110000010110111000,10000000010000110010000111110000001000000100,41.0
42,10000000111100110010000111110000001101101100,0.7419826369244191,-3.083205958177075,0.9892323,10000000111100011010010111110000000000101110,10000000010000110010000111110000001101101100,41.0
42,10000000010000011010010111110000000000101110,0.20034317978458205,-3.122783451743942,0.9901995,10000000111100011010010111110000000000101110,10000000010000110010000111110000001101101100,41.0
42,10000001011001011110000111110000001000111000,1.092171929400422,-3.097892546151286,0.969452,10000001011001011110000111110000001000101000,10000000101010111110100111110000010111101110,41.0
42,10000000101010111110100111110000010111101110,0.5246402083969599,-3.0525930053217394,0.9886235,10000001011001011110000111110000001000101000,10000000101010111110100111110000010111101110,41.0
42,10000000101100111010000111110000000110101011,0.5481959696283241,-3.1046159516849343,0.9900874,10000000101100111010000111110000000110101011,10000000101000101010000111110000010110101100,41.0
42,10000000101000101010000111110000010110101100,0.4963160744466961,-3.055740131316213,0.9884948,10000000101100111010000111110000000110101011,10000000101000101010000111110000010110101100,41.0
42,10000000010000110010100111110000000000000101,0.2049685013219147,-3.1247384845586907,0.9902356,10000000010000110010000111110000001000000100,10000000101010111110100111110000000000000101,41.0
42,10000000101010111110000111110000001000000100,0.5245448409425819,-3.1003720999651136,0.9902494,10000000010000110010000111110000001000000100,10000000101010111110100111110000000000000101,41.0
42,10000000000000111110010111110000001110110110,0.01189708993365457,-3.0796773623650893,0.9868945,10000000000000111110010111110000001110110110,10000000101100111010000111110000000110101011,41.0
42,10000000111100111010000111110000000110101011,0.743508516194467,-3.1046159516849343,0.9874344,10000000000000111110010111110000001110110110,10000000101100111010000111110000000110101011,41.0
42,10000000101000101010000111110000001110011101,0.4963160744466961,-3.080869455544814,0.9899698,10000000101000101010000111110000001000111000,10000000010010101010000111110000010110011101,41.0
42,10000000010010101010000111110000010000111000,0.2277613229182549,-3.0734784778305198,0.9871439,10000000101000101010000111110000001000111000,10000000010010101010000111110000010110011101,41.0
42,10000000010010110110000011110000000000000101,0.23005014182332673,-53.124750405490495,0.5289293,10000000010010110110000111110000000000010100,10000000101010111110100111110000000000000101,41.0
42,10000000101010111110100111110000000000010100,0.5246402083969599,-3.124023228650856,0.9894427,10000000010010110110000111110000000000010100,10000000101010111110100111110000000000000101,41.0
42,10000000000000111110010111110000001000101010,0.01189708993365457,-3.098560118331932,0.9887216,10000000000000111110010111110000001000010111,10000000101000101010000111110000001000101010,41.0
42,10000000101000101010000111110000001000010111,0.4963160744466961,-3.0994661091485227,0.9902839,10000000000000111110010111110000001000010111,10000000101000101010000111110000001000101010,41.0
42,10000000101010111110100111110000000000001110,0.5246402083969599,-3.1243093310139898,0.9894264,10000000101010111110100111110000000000000101,10000000111010011010010111110001001000011110,41.0
42,10000000111010011010010111110001000000010101,0.7130386145206984,-2.928662998357538,0.9751886,10000000101010111110100111110000000000000101,10000000111010011010010111110001001000011110,41.0
42,10000000010010101000000111110000000000101100,0.22737985310074293,-3.12287881919832,0.9902312,10000000010010101010000111110000000000101100,10000000100001011110000111110000010110111100,41.0
42,10000000100001011110000111110000010110111100,0.408578016418943,-3.054977191681189,0.987174,10000000010010101010000111110000000000101100,10000000100001011110000111110000010110111100,41.0
42,10000000010010110010000111110000010100111111,0.22928720218830279,-3.0609376575798137,0.9856195,10000000010010110010000111110000010100111000,10000000000000111110010111110000000000101111,41.0
42,10000000000000111110010111110000000000101000,0.01189708993365457,-3.123069554107076,0.9900515,10000000010010110010000111110000010100111000,10000000000000111110010111110000000000101111,41.0
42,10000000010000110010100111110000000110011111,0.2049685013219147,-3.1051881564112023,0.9895928,10000000010000110010000111110000001000000100,10000000111010100010100111110000010110011111,41.0
42,10000000111010100010100111110000011100000100,0.7146121775179353,-3.0393369291631984,0.9900243,10000000010000110010000111110000001000000100,10000000111010100010100111110000010110011111,41.0
42,10000000011010011110000111110000011000101100,0.32312877729624745,-3.0496366142360216,0.9852329,10000000010010110110000111110000000000010100,10000000011010011110000111110000011000101100,41.0
42,10000000010010110110000111110000000000010100,0.23005014182332673,-3.124023228650856,0.9902487,10000000010010110110000111110000000000010100,10000000011010011110000111110000011000101100,41.0
42,10000001100000011110100111110000010111101110,1.1777165359774955,-3.0525930053217394,0.9729354,10000000100000011010100111110000011000100111,10000000101010111110100111110000010111101110,41.0
42,10000000101010111010100111110000011000100111,0.523877268761936,-3.0498750328719666,0.9883892,10000000100000011010100111110000011000100111,10000000101010111110100111110000010111101110,41.0
42,10000001000000100010100111110000010110111000,0.7878543824802335,-3.055167926589945,0.9900126,10000001000000100010100111110000010110110110,10000000010000011010000111110000010110111000,41.0
42,10000000010000011010000111110000010110110110,0.20029549605739305,-3.055263294044323,0.9845229,10000001000000100010100111110000010110110110,10000000010000011010000111110000010110111000,41.0
42,10000000111100010110000111110000011000010111,0.7366420594792515,-3.0506379725069905,0.9902841,10000000111100010110000111110000011000010111,10000000111100010110000111110000011000010111,41.0
42,10000000111100010110000111110000011000010111,0.7366420594792515,-3.0506379725069905,0.9902841,10000000111100010110000111110000011000010111,10000000111100010110000111110000011000010111,41.0
42,10000000010000110010000111110000001000101010,0.2048731338675367,-3.098560118331932,0.9892049,10000000010000110010000111110000000000101111,10000000100010011010100111110000001000101010,41.0
42,10000000100010011010100111110010000000101111,0.4201174783986801,-2.7321106748844812,0.858722,10000000010000110010000111110000000000101111,10000000100010011010100111110000001000101010,41.0
42,10000000100000011010100111110000011000100111,0.395703410077914,-3.0498750328719666,0.9863856,10000000100000011010100111110000011000100111,10000000010000011010000111110000010110111000,41.0
42,10000000010000011010000111110000010110111000,0.20029549605739305,-3.055167926589945,0.9845086,10000000100000011010100111110000011000100111,10000000010000011010000111110000010110111000,41.0
42,10000000010000011010000111110000010110111000,0.20029549605739305,-3.055167926589945,0.9845086,10000000010000110010000111110000000000101111,10000000010000011010000111110000010110111000,41.0
42,10000000010000110010000111110000000000101111,0.2048731338675367,-3.122735768016753,0.9902039,10000000010000110010000111110000000000101111,10000000010000011010000111110000010110111000,41.0
42,10000000111010011110000111110000111011101010,0.7137538704285333,-2.942920432787048,0.9783915,10000000111010011110000111110000111011101010,10000000111010100010100111110000010110011111,41.0
42,10000000111010110010100111110000010110011111,0.717663936058031,-3.05636001976967,0.9902831,10000000111010011110000111110000111011101010,10000000111010100010100111110000010110011111,41.0
42,10000100111010101010000111110000010110011110,3.8410434343918354,-3.056407703496859,0.0595243,10000000111010101010000111110000010110011110,10000000000000110110000111100000001000101000,41.0
42,10000000000000110110000111100000000000101100,0.010323526936417693,-6.247879564256564,0.9619826,10000000111010101010000111110000010110011110,10000000000000110110000111100000001000101000,41.0
42,10000000010000110010000111100000001101101100,0.2048731338675367,-6.208206703235319,0.9587952,10000000010000110010000111100000001101101100,10000000101010111110100111110000011000101000,41.0
42,10000000101010111110100111110000011000101000,0.5246402083969599,-3.0498273491447776,0.9883963,10000000010000110010000111100000001101101100,10000000101010111110100111110000011000101000,41.0
42,10000000100000110010000111110000000000101111,0.40018568043367964,-3.122735768016753,0.99019,10000000100000110010000111110000010110111000,10000000010000110010000111110000000000101111,41.0
42,10000000010000110010000111110000010110111000,0.2048731338675367,-3.055167926589945,0.9845541,10000000100000110010000111110000010110111000,10000000010000110010000111110000000000101111,41.0
42,10000001111010011010000111110000000000010100,1.494241117058067,-3.124023228650856,0.8907847,10000001111010011010000111110000000000111000,10000000010010110110000111110000000000010100,41.0
42,00000000010110110110000111110000000000111000,-99.72114556339874,-3.122306614472052,0.5002037,10000001111010011010000111110000000000111000,10000000010010110110000111110000000000010100,41.0
42,10000000111010100010000111110000010100110110,0.7145168100635573,-3.0613668111245147,0.990258,10000000111010100010100111110000010110011111,10000000111010101010000111110000010100110110,41.0
42,10000000111010101010100111110000010110011111,0.7161380567879831,-3.05636001976967,0.9902837,10000000111010100010100111110000010110011111,10000000111010101010000111110000010100110110,41.0
43,10000001000000100010100111110000010110111000,0.7878543824802335,-3.055167926589945,0.9900126,10000001000000100010100111110000010110111000,10000000111010100010100111110000010110011111,42.0
43,10000000111010100010100111110000010110011111,0.7146121775179353,-3.05636001976967,0.990284,10000001000000100010100111110000010110111000,10000000111010100010100111110000010110011111,42.0
43,10000000111010011010010111110001001000011100,0.7130386145206984,-2.903915143946449,0.9688262,10000000111010011010010111110001001000011110,10000000101010111110100111110000000000010100,42.0
43,10010000101010111110100111100000000000010110,13.02464318862991,-6.248928606254722,0.2210374,10000000111010011010010111110001001000011110,10000000101010111110100111110000000000010100,42.0
43,10000000111100010110000111110000111000010111,0.7366420594792515,-2.952981699223926,0.9814436,10000000000000110110000111100000000000101100,10000000111100010110000111110000011000010111,42.0
43,10000000000000111110000111100000000000101100,0.011849406206465574,-6.247879564256564,0.9619828,10000000000000110110000111100000000000101100,10000000111100010110000111110000011000010111,42.0
43,10000000100000100101010111110001001110110110,0.3977538103470408,-2.8843648157989605,0.940555,10000000100000110111010111110001001110110110,10000000010010110010000111110000010100111111,42.0
43,10000000010010110010000111110000010100111111,0.22928720218830279,-3.0609376575798137,0.9856195,10000000100000110111010111110001001110110110,10000000010010110010000111110000010100111111,42.0
43,10000000010010101010100111110000000000101111,0.2278566903726329,-3.122735768016753,0.9902297,10000000010010101010100111110000000000101110,10000000111010100010100111110000010110011111,42.0
43,10000000111010100010100111110000010110011110,0.7146121775179353,-3.056407703496859,0.990284,10000000010010101010100111110000000000101110,10000000111010100010100111110000010110011111,42.0
43,10000001100000011110100111110000000000101000,1.1777165359774955,-3.123069554107076,0.9518883,10000001100000011110100111110000010111101110,10000000010010100010100111110000000000101100,42.0
43,10000000010010100010100111110000010111101110,0.22633081110258502,-3.0525930053217394,0.9843947,10000001100000011110100111110000010111101110,10000000010010100010100111110000000000101100,42.0
43,10000000101010111110000111110000010110011111,0.5245448409425819,-3.05636001976967,0.9889085,10000000101010111110000111110000001000000100,10000000111010101010100111110000010110011111,42.0
43,10000000111010101010100111110000001000000100,0.7161380567879831,-3.1003720999651136,0.9884268,10000000101010111110000111110000001000000100,10000000111010101010100111110000010110011111,42.0
43,10000000010000011011000111110000000000101111,0.20048623096614904,-3.122735768016753,0.9901988,10000000111000111010100111110000010100110110,10000000010000011011000111110000000000101111,42.0
43,10000000111000111010100111110000010100110110,0.6947757470073128,-3.0613668111245147,0.9902836,10000000111000111010100111110000010100110110,10000000010000011011000111110000000000101111,42.0
43,10000000111100010110000111110000011000010111,0.7366420594792515,-3.0506379725069905,0.9902841,10000000111100010110000111110000011000010111,10000000010010110110000011110000000000000101,42.0
43,10100000010010110110000011110000000000000101,25.230056102289225,-53.124750405490495,0.4953321,10000000111100010110000111110000011000010111,10000000010010110110000011110000000000000101,42.0
43,10010000100000110010000111110010000000101111,12.900188660666629,-2.7321106748844812,0.6178792,10000000100000110010000111110000000000101111,10000000100010011010100111110010000000101111,42.0
43,10000000100010011010100111110000000000101111,0.4201174783986801,-3.122735768016753,0.9901336,10000000100000110010000111110000000000101111,10000000100010011010100111110010000000101111,42.0
43,10000001011010100010100111110000011100101000,1.105237270650207,-3.0376203149843946,0.9816511,10000001011010100010100111110000011100101000,10000000100000011010100111110000001000100111,42.0
43,10000000100000011010100111110000001000100111,0.395703410077914,-3.098703169513499,0.9900743,10000001011010100010100111110000011100101000,10000000100000011010100111110000001000100111,42.0
43,10000000100000011010100111100000010110011101,0.395703410077914,-6.1814561322822925,0.9563936,10000000100000011010100111110000011000100111,10000000010010101010000111110000010110011101,42.0
43,10000000010010101010000111110000011000100111,0.2277613229182549,-3.0498750328719666,0.9839931,10000000100000011010100111110000011000100111,10000000010010101010000111110000010110011101,42.0
43,10000001111010011010100111110000010110011111,1.494336484512445,-3.05636001976967,0.9237836,10000001111010011010100111110000010110011111,10000000010000011010000111110000010110111000,42.0
43,10000000010000011010000111110000010110111000,0.20029549605739305,-3.055167926589945,0.9845086,10000001111010011010100111110000010110011111,10000000010000011010000111110000010110111000,42.0
43,10000000000000111110000111110000111011101010,0.011849406206465574,-2.942920432787048,0.9531714,10000000000000111110010111110000001111110110,10000000111010011110000111110000111011101010,42.0
43,10000000111010011110010111110000001111110110,0.7138015541557223,-3.0766256038249935,0.9898971,10000000000000111110010111110000001111110110,10000000111010011110000111110000111011101010,42.0
43,10000000010000011010000111110000010110111000,0.20029549605739305,-3.055167926589945,0.9845086,10000000010000011010000111110000010110111000,10000000101000101010000111110000001000010111,42.0
43,10000000101000101010000111110001001000010111,0.4963160744466961,-2.904153562582394,0.9544042,10000000010000011010000111110000010110111000,10000000101000101010000111110000001000010111,42.0
43,10000000111000111110100111110000010100111000,0.6955386866423368,-3.0612714436701367,0.9902834,10000000111000111010100111110000010100110110,10000001011001011110000111110000001000111000,42.0
43,10000001011001011110000111010000001000110110,1.092171929400422,-9.347989403722138,0.9217933,10000000111000111010100111110000010100110110,10000001011001011110000111110000001000111000,42.0
43,10000000111010011110000111110000111011101010,0.7137538704285333,-2.942920432787048,0.9783915,10000000111010011110000111110000111011101010,10000000111000111010100111110000010100110110,42.0
43,10000000111000111010100111110000000100110110,0.6947757470073128,-3.110194947766047,0.9879906,10000000111010011110000111110000111011101010,10000000111000111010100111110000010100110110,42.0
43,10000000010000110010100111110000000000000101,0.2049685013219147,-3.1247384845586907,0.9902356,10000001000000100010100111110000010110111000,10000000010000110010100111110000000000000101,42.0
43,10000001000000100010100111110000010110111000,0.7878543824802335,-3.055167926589945,0.9900126,10000001000000100010100111110000010110111000,10000000010000110010100111110000000000000101,42.0
43,10000000010000110010000111110000010110101100,0.2048731338675367,-3.055740131316213,0.9846392,10000000010000110010000111110000000110111000,10000000010010100010000111110000010110101100,42.0
43,10000000010010100010000111110000000110111000,0.22623544364820702,-3.1039960632314774,0.9896075,10000000010000110010000111110000000110111000,10000000010010100010000111110000010110101100,42.0
43,10000000101000101010000111110000010100110110,0.4963160744466961,-3.0613668111245147,0.9889298,10000000101000101010000111110000001110011101,10000000111010100010000111110000010100110110,42.0
43,10000000111010100010000111110000001110011101,0.7145168100635573,-3.080869455544814,0.9897116,10000000101000101010000111110000001110011101,10000000111010100010000111110000010100110110,42.0
43,10000000111000111010100111110000001000101100,0.6947757470073128,-3.098464750877554,0.9889471,10000000111000111010100111110000010100110110,10000000000100100110010111110000001000101100,42.0
43,10000000000100100100010111110000010100110110,0.05576611894753114,-3.0613668111245147,0.9845309,10000000111000111010100111110000010100110110,10000000000100100110010111110000001000101100,42.0
43,10000000010000110010000111100010001101101100,0.2048731338675367,-5.8175816101030335,0.7818904,10000000010000110010000111100000001101101100,10000000101010111110100111110000010111101110,42.0
43,10000000101010111110100111110000010111101110,0.5246402083969599,-3.0525930053217394,0.9886235,10000000010000110010000111100000001101101100,10000000101010111110100111110000010111101110,42.0
43,10000000101010111110100111110000010110111000,0.5246402083969599,-3.055167926589945,0.988822,10000000101010111110100111110000010111101110,10000000010000110010000111110000010110111000,42.0
43,10000000010000110010000111110000010111101110,0.2048731338675367,-3.0525930053217394,0.9841632,10000000101010111110100111110000010111101110,10000000010000110010000111110000010110111000,42.0
43,10000000010010110010000111110000011100111111,0.22928720218830279,-3.0365235892590476,0.981755,10000000010010110010000111110000010100111111,10000000111010100010100111110000010110011111,42.0
43,10000000111010100010100111110000010110011111,0.7146121775179353,-3.05636001976967,0.990284,10000000010010110010000111110000010100111111,10000000111010100010100111110000010110011111,42.0
43,10000000111010011010000111110000010110111000,0.7129909307935094,-3.055167926589945,0.9902826,10000000111010011010010111110001000000010101,10000000010000011010000111110000010110111000,42.0
43,10000000010000011010010111110001000000010101,0.20034317978458205,-2.928662998357538,0.9503321,10000000111010011010010111110001000000010101,10000000010000011010000111110000010110111000,42.0
43,10000000010000110010000111110000000110011101,0.2048731338675367,-3.1052835238655803,0.9895974,10000000010000110010000111110000000000101111,10000000101000101010000111110000001110011101,42.0
43,10000000100000101010000111110000000000101111,0.39865980116363176,-3.122735768016753,0.9901937,10000000010000110010000111110000000000101111,10000000101000101010000111110000001110011101,42.0
43,10000000101010111110000111111000001000000100,0.5245448409425819,-1.5378717274359985,0.0055353,10000000101010111110000111110000001000000100,10000000111010011010010111110001000000010101,42.0
43,10000000111010011010010111110001000000010101,0.7130386145206984,-2.928662998357538,0.9751886,10000000101010111110000111110000001000000100,10000000111010011010010111110001000000010101,42.0
43,10000000010010110000000111110000010100101110,0.22890573237079082,-3.0617482809420267,0.9857243,10000000010010110010000111110000010100111111,10000000010010100000000111110000010100101110,42.0
43,10000000010010100010000111110000010100111111,0.22623544364820702,-3.0609376575798137,0.9855889,10000000010010110010000111110000010100111111,10000000010010100000000111110000010100101110,42.0
43,10000001111010011010100111110010010110011111,1.494336484512445,-2.6657349266373984,0.9836177,10000001111010011010100111110000010110011111,10000000111010101010100111110000010110011111,42.0
43,10000000111010101010100111110000010110011111,0.7161380567879831,-3.05636001976967,0.9902837,10000001111010011010100111110000010110011111,10000000111010101010100111110000010110011111,42.0
43,10000000000000111110010111110000001110110110,0.01189708993365457,-3.0796773623650893,0.9868945,10000000101000101010000111010000010100111000,10000000000000111110010111110000001110110110,42.0
43,10001000101000101010000111010000010100011000,6.746317564563171,-9.31279881305666,0.2919243,10000000101000101010000111010000010100111000,10000000000000111110010111110000001110110110,42.0
43,10000001011010100010000111100000001101101100,1.105141903195829,-6.208206703235319,0.9620156,10000001011010100010100111110000011100101000,10000000010000110010000111100000001101101100,42.0
43,10000000010000110010100111110000011100101000,0.2049685013219147,-3.0376203149843946,0.9816378,10000001011010100010100111110000011100101000,10000000010000110010000111100000001101101100,42.0
43,10000000111100010110000110110000011000010111,0.7366420594792515,-15.55064095273994,0.81135,10000000101000101010000111110000001000010111,10000000111100010110000111110000011000010111,42.0
43,10000000101000101010000111110000001000010111,0.4963160744466961,-3.0994661091485227,0.9902839,10000000101000101010000111110000001000010111,10000000111100010110000111110000011000010111,42.0
43,10000000111010011010010111110000111011101010,0.7130386145206984,-2.942920432787048,0.9783553,10000000111010011010010111110001000000010101,10000000111010011110000111110000111011101010,42.0
43,10000000111010011010000111110001000000010101,0.7129909307935094,-2.928662998357538,0.9751859,10000000111010011010010111110001000000010101,10000000111010011110000111110000111011101010,42.0
43,10000000010000110010100011110000000110011111,0.2049685013219147,-53.10520007734301,0.5282192,10000000010000110010100111110000000110011111,10000000100000011010100111110000001000100111,42.0
43,10000100100000011010100111110000001000100111,3.520704155136144,-3.098703169513499,0.0217665,10000000010000110010100111110000000110011111,10000000100000011010100111110000001000100111,42.0
43,00000000101010111110000111110000001000000111,-99.47547900092101,-3.1002290487835467,0.4981955,10000000101010111110000111110000001000000100,10000000010000110010100111110000000110011111,42.0
43,10000000010000110010100111110000000110011100,0.2049685013219147,-3.1053312075927693,0.9896002,10000000101010111110000111110000001000000100,10000000010000110010100111110000000110011111,42.0
43,10000000101000101010000111110000010110000101,0.4963160744466961,-3.057599796676584,0.9886453,10000000101000101010000111110000010110101100,10000000010000110010100111110000000000000101,42.0
43,10000000010000110010100111110000000000101100,0.2049685013219147,-3.12287881919832,0.9902066,10000000101000101010000111110000010110101100,10000000010000110010100111110000000000000101,42.0
43,10000000111010110010100111110000010110011111,0.717663936058031,-3.05636001976967,0.9902831,10000000111010110010100111110000010110011111,10000001100000011110100111110000010111101110,42.0
43,10000001100000011110100111110000010011101110,1.1777165359774955,-3.0648000394821224,0.9698699,10000000111010110010100111110000010110011111,10000001100000011110100111110000010111101110,42.0
43,10000000110000011010000111110000001000000100,0.5909205891896647,-3.1003720999651136,0.9899767,10000001011010110010000111110000000000101111,10000000100000011010000111110000001000000100,42.0
43,10000001011010110010000111110000000000111111,1.1081936617359247,-3.121972828381729,0.9607952,10000001011010110010000111110000000000101111,10000000100000011010000111110000001000000100,42.0
43,10000000100000010111010111110001001110110110,0.39508352162445703,-2.8843648157989605,0.940398,10000000111100110010000111110000001101101100,10000000100000110111010111110001001110110110,42.0
43,10000000111100110010000111110000001101101100,0.7419826369244191,-3.083205958177075,0.9892323,10000000111100110010000111110000001101101100,10000000100000110111010111110001001110110110,42.0
43,10000000010000011010000011110000010100001111,0.20029549605739305,-53.06323839741669,0.5265525,10000000010000011010000111110000010110111000,10000001011010101010000111110000010100001111,42.0
43,10000001011010101010000111110000010110011000,1.1066677824658768,-3.056693805859993,0.9779526,10000000010000011010000111110000010110111000,10000001011010101010000111110000010100001111,42.0
43,10000000111100010110000111110000000110101011,0.7366420594792515,-3.1046159516849343,0.9876001,10000000111100010110000111110000011000010111,10000000101100111010000111110000000110101011,42.0
43,10000000101100111010000111110000011000010111,0.5481959696283241,-3.0506379725069905,0.9887927,10000000111100010110000111110000011000010111,10000000101100111010000111110000000110101011,42.0
43,10000000101010101110100111100000010110111110,0.5215884498568641,-6.179882569285056,0.9575273,10000000101010111110100111110000010110101110,10000001111010011010000111110000000000010100,42.0
43,10000001111010011010000111110000000000010100,1.494241117058067,-3.124023228650856,0.8907847,10000000101010111110100111110000010110101110,10000001111010011010000111110000000000010100,42.0
43,10000000010010101010000111110000010000111000,0.2277613229182549,-3.0734784778305198,0.9871439,10000000010010101010000111110000010000111000,10000000010000011011000111110000000000101111,42.0
43,10000000010000011011000111110000000100101111,0.20048623096614904,-3.11052873385637,0.9898303,10000000010010101010000111110000010000111000,10000000010000011011000111110000000000101111,42.0
43,10000000111010100010100111110000010110011111,0.7146121775179353,-3.05636001976967,0.990284,10000000111010100010100111110000010110011111,10000000101100111010000111110000000110101011,42.0
43,10000000101100111000000111110000000110101011,0.5478144998108121,-3.1046159516849343,0.9900892,10000000111010100010100111110000010110011111,10000000101100111010000111110000000110101011,42.0
43,10000000010000011010000111110010010110111000,0.20029549605739305,-2.6645428334576735,0.7910999,10100000100100111110000111110000001000101000,10000000010000011010000111110000010110111000,42.0
43,10100000100100111110000111110000001000101000,25.451308596446182,-3.09865548578631,0.5963485,10100000100100111110000111110000001000101000,10000000010000011010000111110000010110111000,42.0
43,10000000101010111110100111110010011000101000,0.5246402083969599,-2.659202256012506,0.8206326,10000000101010111110100111110000011000101000,10000000111100010110000111110000011000010111,42.0
43,10000000111100011110000111110000011000010111,0.7381679387492994,-3.0506379725069905,0.9902841,10000000101010111110100111110000011000101000,10000000111100010110000111110000011000010111,42.0
43,10000001011000110000010111110000000000101111,1.0834458073248356,-3.122735768016753,0.9632451,10000001011010100010100111110000000000100111,10000000000000110000010111110000000000101111,42.0
43,10000000000010100010100111110000000000100111,0.031018264536442075,-3.123117237834265,0.9900569,10000001011010100010100111110000000000100111,10000000000000110000010111110000000000101111,42.0
43,10000000111010101010000111110000010100110110,0.7160426893336052,-3.0613668111245147,0.9902543,10000000111010101010000111110000010100110110,10000000101000101010000111110000010110101100,42.0
43,10000000101000101010000111110000010110101100,0.4963160744466961,-3.055740131316213,0.9884948,10000000111010101010000111110000010100110110,10000000101000101010000111110000010110101100,42.0
43,10000001011010110010000111110000000000101111,1.1081936617359247,-3.122735768016753,0.9605542,10000001011010110010000111110000000000101111,10000000010000110010000111100000001101101100,42.0
43,10000000010000110010000111100000001101101100,0.2048731338675367,-6.208206703235319,0.9587952,10000001011010110010000111110000000000101111,10000000010000110010000111100000001101101100,42.0
43,10000000111010011110000111110000111011101010,0.7137538704285333,-2.942920432787048,0.9783915,10000000111010011110000111110000111011101010,10000000111010110010100111110000010110011111,42.0
43,10000000111010110010100111110001010110011111,0.717663936058031,-2.861047473203527,0.9556574,10000000111010011110000111110000111011101010,10000000111010110010100111110000010110011111,42.0
44,10000000010000110010100111110000011100101000,0.2049685013219147,-3.0376203149843946,0.9816378,10000000101010111110100111110010011000101000,10000000010000110010100111110000011100101000,43.0
44,10000000101010111110100111110010011000101000,0.5246402083969599,-2.659202256012506,0.8206326,10000000101010111110100111110010011000101000,10000000010000110010100111110000011100101000,43.0
44,10010000010010101110000111110000000000101111,12.728527242786228,-3.122735768016753,0.6718837,10000000010010110000000111110000010100101110,10000000010010101010100111110000000000101111,43.0
44,10000000010010110000000111110000010100101110,0.22890573237079082,-3.0617482809420267,0.9857243,10000000010010110000000111110000010100101110,10000000010010101010100111110000000000101111,43.0
44,10000000111010011010010111110000111011101010,0.7130386145206984,-2.942920432787048,0.9783553,10000000111000111010100111110000000100110110,10000000111010011010010111110000111011101010,43.0
44,10000000111000111010100111110000000100110110,0.6947757470073128,-3.110194947766047,0.9879906,10000000111000111010100111110000000100110110,10000000111010011010010111110000111011101010,43.0
44,10000000010000110010100111110000000110011100,0.2049685013219147,-3.1053312075927693,0.9896002,10000000010000110010100111110000000110011100,00000000101010111110000111110000001000000111,43.0
44,01000000101010111110000111111000001000000111,-49.475467079989215,-1.5377286762544315,0.5016187,10000000010000110010100111110000000110011100,00000000101010111110000111110000001000000111,43.0
44,10000000010010101010100111110000001110011101,0.2278566903726329,-3.080869455544814,0.987909,10000000010010101010100111110000000000101111,10000000111010100010000111110000001110011101,43.0
44,10000000111010100010000111110000000000101111,0.7145168100635573,-3.122735768016753,0.9861511,10000000010010101010100111110000000000101111,10000000111010100010000111110000001110011101,43.0
44,10000000010000011011000111110000000000110111,0.20048623096614904,-3.122354298199241,0.9901917,10000000010000011011000111110000000000101111,10000000111100010110000110110000011000010111,43.0
44,10000000111100011110000110110000011000001111,0.7381679387492994,-15.551022422557452,0.8114238,10000000010000011011000111110000000000101111,10000000111100010110000110110000011000010111,43.0
44,10000000100000010111010111110001001110101010,0.39508352162445703,-2.8849370205252285,0.9406426,10000000100000010111010111110001001110110110,10000000111010011110000111110000111011101010,43.0
44,10000000111010011110000111110000111011110110,0.7137538704285333,-2.94234822806078,0.9782717,10000000100000010111010111110001001110110110,10000000111010011110000111110000111011101010,43.0
44,10000000111100110010000111110000001101101100,0.7419826369244191,-3.083205958177075,0.9892323,10000000010000110010100111110000000110011100,10000000111100110010000111110000001101101100,43.0
44,10000000010000110010100111110000000110011100,0.2049685013219147,-3.1053312075927693,0.9896002,10000000010000110010100111110000000110011100,10000000111100110010000111110000001101101100,43.0
44,10000000101010111110100111110000010111101110,0.5246402083969599,-3.0525930053217394,0.9886235,10000000101010111110100111110000010111101110,10000000111010100010100111110000010110011110,43.0
44,10000000111010100010100111110000010110011110,0.7146121775179353,-3.056407703496859,0.990284,10000000101010111110100111110000010111101110,10000000111010100010100111110000010110011110,43.0
44,10000000111100110010000111110000001101100111,0.7419826369244191,-3.08344437681302,0.9892174,10000000111100110010000111110000001101101100,10000000000010100010100111110000000000100111,43.0
44,10000000000010100010100111110000000000101100,0.031018264536442075,-3.12287881919832,0.9900497,10000000111100110010000111110000001101101100,10000000000010100010100111110000000000100111,43.0
44,10000001011010101010000111110000010110011000,1.1066677824658768,-3.056693805859993,0.9779526,10000001011010101010000111110000010110011000,10000000101010111110100111110000010110111000,43.0
44,10000000101010111110100101110000010110111000,0.5246402083969599,-28.055173887055844,0.6423593,10000001011010101010000111110000010110011000,10000000101010111110100111110000010110111000,43.0
44,10000000111010011110010111110000001111110110,0.7138015541557223,-3.0766256038249935,0.9898971,10000000111010011110010111110000001111110110,10000001100000011110100111110000010011101110,43.0
44,10000001100000011110100111110000010011101110,1.1777165359774955,-3.0648000394821224,0.9698699,10000000111010011110010111110000001111110110,10000001100000011110100111110000010011101110,43.0
44,10000000010010101010000111110000011000000100,0.2277613229182549,-3.0515439633235815,0.9842513,10000000010010101010000111110000011000100111,10000000110000011010000111110000001000000100,43.0
44,10000000110000011010000111110000001000100111,0.5909205891896647,-3.098703169513499,0.990031,10000000010010101010000111110000011000100111,10000000110000011010000111110000001000000100,43.0
44,10000001111010011010110111110000010100110110,1.494384168239634,-3.0613668111245147,0.9215421,10000001111010011010100111110010010110011111,10000000000100100100010111110000010100110110,43.0
44,10000000000100100100000111110010010110011111,0.055718435220342144,-2.6657349266373984,0.7865289,10000001111010011010100111110010010110011111,10000000000100100100010111110000010100110110,43.0
44,10000000101000101010000111110000010110000100,0.4963160744466961,-3.057647480403773,0.988649,10000000101000101010000111110000010110000101,10000000111000111010100111110000010100110110,43.0
44,10000001111000111010100111110000010100110101,1.4760259332718704,-3.0614144948517037,0.9254718,10000000101000101010000111110000010110000101,10000000111000111010100111110000010100110110,43.0
44,10000000010010100010000111110000000110111111,0.22623544364820702,-3.1036622771411544,0.9895902,10000000010010100010000111110000000110111000,10000000010010100010000111110000010100111111,43.0
44,10000000010010100010000111110000010100111000,0.22623544364820702,-3.0612714436701367,0.9856339,10000000010010100010000111110000000110111000,10000000010010100010000111110000010100111111,43.0
44,10000000111010011010010111110001001000011100,0.7130386145206984,-2.903915143946449,0.9688262,10000000111010011010010111110001001000011100,10000000100000010111010111110001001110110110,43.0
44,10000000100000010111010111110001001110110110,0.39508352162445703,-2.8843648157989605,0.940398,10000000111010011010010111110001001000011100,10000000100000010111010111110001001110110110,43.0
44,10000000101100111010000111100000001101101100,0.5481959696283241,-6.208206703235319,0.9609177,10000000101100111010000111110000011000010111,10000000010000110010000111100000001101101100,43.0
44,10000000010000110010000111110000011000010111,0.2048731338675367,-3.0506379725069905,0.9838578,10000000101100111010000111110000011000010111,10000000010000110010000111100000001101101100,43.0
44,10000000010000110010000111110000010111101100,0.2048731338675367,-3.0526883727761174,0.9841779,10000000010000110010000111110000010111101110,10000000010000110010100111110000000110011100,43.0
44,10000000010000110010100111110000000110011110,0.2049685013219147,-3.1052358401383913,0.9895952,10000000010000110010000111110000010111101110,10000000010000110010100111110000000110011100,43.0
44,10000000010010111010000111110000010000111000,0.23081308145835067,-3.0734784778305198,0.987169,10000000010010101010000111110000010000111000,10000000010010101010000111110000010000111000,43.0
44,10000000010010101010000111110000010000111000,0.2277613229182549,-3.0734784778305198,0.9871439,10000000010010101010000111110000010000111000,10000000010010101010000111110000010000111000,43.0
44,10000000010000110010100111110000000000000101,0.2049685013219147,-3.1247384845586907,0.9902356,10000000010000110010100111110000011100101000,10000000010000110010100111110000000000000101,43.0
44,10000000010000110010100111110000011100101000,0.2049685013219147,-3.0376203149843946,0.9816378,10000000010000110010100111110000011100101000,10000000010000110010100111110000000000000101,43.0
44,10000000111010011010010111110000001000101111,0.7130386145206984,-3.098321699695987,0.9886495,10000000111010011010010111110001001000011100,10000000100010011010100111110000000000101111,43.0
44,10000000100010011110100111110001001000011100,0.420880418033704,-2.903915143946449,0.9498448,10000000111010011010010111110001001000011100,10000000100010011010100111110000000000101111,43.0
44,10100000000000111110100111110000010111101110,25.011950734126742,-3.0525930053217394,0.6854906,10000000000000111110000111110000111011101010,10000000010010100010100111110000010111101110,43.0
44,10000000010000100010000111110000111011101010,0.20182137532744093,-2.942920432787048,0.9557114,10000000000000111110000111110000111011101010,10000000010010100010100111110000010111101110,43.0
44,10000001111010011010100101110010010110011111,1.494336484512445,-27.665740887103297,0.5673299,10000001111010011010100111110010010110011111,10000000111010100010100111110000010110011111,43.0
44,11000000111010100010100111110000010110011111,50.71462409844972,-3.05636001976967,0.5182947,10000001111010011010100111110010010110011111,10000000111010100010100111110000010110011111,43.0
44,10000000000000111110000111110000000000100111,0.011849406206465574,-3.123117237834265,0.9900529,10000000000000111110000111100000000000101100,10000000000010100010100111110000000000100111,43.0
44,10000000000010100010100111100000000000101100,0.031018264536442075,-6.247879564256564,0.9619863,10000000000000111110000111100000000000101100,10000000000010100010100111110000000000100111,43.0
44,10000000111010100010000111110000000100110110,0.7145168100635573,-3.110194947766047,0.9875587,10000000111010100010000111110000001110011101,10000000111000111010100111110000000100110110,43.0
44,10000000111000111010100111110000001110011101,0.6947757470073128,-3.080869455544814,0.9899012,10000000111010100010000111110000001110011101,10000000111000111010100111110000000100110110,43.0
44,10000001011010100010100111110000010110011111,1.105237270650207,-3.05636001976967,0.9781269,10000001011010100010100111110000011100101000,10000000111010100010100111110000010110011111,43.0
44,10000000111010100010100111110000011100101000,0.7146121775179353,-3.0376203149843946,0.9899682,10000001011010100010100111110000011100101000,10000000111010100010100111110000010110011111,43.0
44,10000001100000011110100111010000000000101000,1.1777165359774955,-9.37307104422355,0.9210187,10000001100000011110100111110000000000101000,10000000000100100100010111110000010100110110,43.0
44,10000000000100100100010011110000010100110110,0.05576611894753114,-53.06137873205631,0.5264593,10000001100000011110100111110000000000101000,10000000000100100100010111110000010100110110,43.0
44,10000000111010011110000011110000111111101010,0.7137538704285333,-52.930725319558455,0.5203127,10000000111100110010000111110000001101101100,10000000111010011110000111110000111011101010,43.0
44,10000000111100110010000110110000001101101100,0.7419826369244191,-15.583208938410024,0.8160219,10000000111100110010000111110000001101101100,10000000111010011110000111110000111011101010,43.0
44,10000000100000101010000111110000000000101111,0.39865980116363176,-3.122735768016753,0.9901937,10000000100000101010000111110000000000101111,10000000000000111110000111100000000000101100,43.0
44,10000000000000111110000111100000000000101100,0.011849406206465574,-6.247879564256564,0.9619828,10000000100000101010000111110000000000101111,10000000000000111110000111100000000000101100,43.0
44,10010000010000110010000111110000010110011111,12.704876114100486,-3.05636001976967,0.6965029,10000000010000110010000111100010001101101100,10000000101010111110000111110000010110011111,43.0
44,10000000101010111110000111100010001101101100,0.5245448409425819,-5.8175816101030335,0.7964539,10000000010000110010000111100010001101101100,10000000101010111110000111110000010110011111,43.0
44,10000001100000111010100111110000001000101100,1.183057113422663,-3.098464750877554,0.9595049,10000001100000011110100111110000010011101110,10000000111000111010100111110000001000101100,43.0
44,10000000111000011110100111110000010011101110,0.6894351695621452,-3.0648000394821224,0.9902758,10000001100000011110100111110000010011101110,10000000111000111010100111110000001000101100,43.0
44,10000000000010100010100111110000010110111000,0.031018264536442075,-3.055167926589945,0.9835072,10000000000010100010100111110000000000100111,10000000010000011010000111110000010110111000,43.0
44,10000000010000011010000111110000000000100111,0.20029549605739305,-3.123117237834265,0.9902054,10000000000010100010100111110000000000100111,10000000010000011010000111110000010110111000,43.0
44,10000000100000010111010111110001001110110110,0.39508352162445703,-2.8843648157989605,0.940398,10000001100000011110100111110000000000101000,10000000100000010111010111110001001110110110,43.0
44,10000001100000011110100111110000000000101000,1.1777165359774955,-3.123069554107076,0.9518883,10000001100000011110100111110000000000101000,10000000100000010111010111110001001110110110,43.0
44,10000001111010101010000111110000010110011111,1.4972928755981627,-3.05636001976967,0.9231426,10000000111010101010100111110000010110011111,10000000101010111110100111110010011000101000,43.0
44,10000000101010111110100111110010011000101000,0.5246402083969599,-2.659202256012506,0.8206326,10000000111010101010100111110000010110011111,10000000101010111110100111110010011000101000,43.0
44,10000000101010101110100111100000010110111110,0.5215884498568641,-6.179882569285056,0.9575273,10000000111100010110000111110000111000010111,10000000101010101110100111100000010110111110,43.0
44,00000000111100010110000111110000111000010111,-99.26338178238434,-2.952981699223926,0.496743,10000000111100010110000111110000111000010111,10000000101010101110100111100000010110111110,43.0
44,10000000111010101010100111110000010110011111,0.7161380567879831,-3.05636001976967,0.9902837,10000000111010101010100111110000010110011111,10000000010010101010000111110000010000111000,43.0
44,10000000010010101010000111110000010000111001,0.2277613229182549,-3.0734307941033308,0.9871386,10000000111010101010100111110000010110011111,10000000010010101010000111110000010000111000,43.0
44,10000001111010000010100111110000010110011111,1.4897588467023013,-3.05636001976967,0.9247685,10000001111010011010100111110000010110011111,10000000111010100010100111110000010110011111,43.0
44,10000000111010111010100111110000010110011111,0.7191898153280789,-3.05636001976967,0.9902823,10000001111010011010100111110000010110011111,10000000111010100010100111110000010110011111,43.0
44,10000000010010110000100111110000011100101000,0.2290010998251688,-3.0376203149843946,0.9819493,10000000101010101110100111100000010110111110,10000000010000110010100111110000011100101000,43.0
44,10000000101010101110100111100000010110111110,0.5215884498568641,-6.179882569285056,0.9575273,10000000101010101110100111100000010110111110,10000000010000110010100111110000011100101000,43.0
44,10000000111100000010001111110000010100111111,0.7328273613041318,96.93908618428378,0.5028928,10000000111100010110000110110000011000010111,10000000010010100010000111110000010100111111,43.0
44,10000000010010110110000110110000011000010111,0.23005014182332673,-15.55064095273994,0.8086242,10000000111100010110000110110000011000010111,10000000010010100010000111110000010100111111,43.0
44,10000001111010011010000111110000000000010100,1.494241117058067,-3.124023228650856,0.8907847,10000001111010011010000111110000000000010100,10000001011010101010000111110000010110011000,43.0
44,10000001011010101010000111110000010110011000,1.1066677824658768,-3.056693805859993,0.9779526,10000001111010011010000111110000000000010100,10000001011010101010000111110000010110011000,43.0
44,10000000111100110010100111110000011110011111,0.7420780043787971,-3.031945951448904,0.9899988,10000000111100010110000111110000011000010111,10000000111010110010100111110000010110011111,43.0
44,10000000111010010110000111110000111000010111,0.7122279911584855,-2.952981699223926,0.9803313,10000000111100010110000111110000011000010111,10000000111010110010100111110000010110011111,43.0
44,10000000101000101010000111110000000000010111,0.4963160744466961,-3.123880177469289,0.9896915,10000000101000101010000111110000001000010111,10000000111010011110000111110000111011101010,43.0
44,10000000111010011110000111110000111011101010,0.7137538704285333,-2.942920432787048,0.9783915,10000000101000101010000111110000001000010111,10000000111010011110000111110000111011101010,43.0
44,10000000111010011010010111110001001000011100,0.7130386145206984,-2.903915143946449,0.9688262,10000000111010011010010111110001001000011100,10000000111100110010000111110000001101101100,43.0
44,10000100111100110010000111110000001101101100,3.8669833819826493,-3.083205958177075,0.0745123,10000000111010011010010111110001001000011100,10000000111100110010000111110000001101101100,43.0
44,10000000000000111110010111110000001110110110,0.01189708993365457,-3.0796773623650893,0.9868945,10000000000000111110010111110000001110110110,10000000101000101010000111110001001000010111,43.0
44,10000000101000101010000111110001001000010111,0.4963160744466961,-2.904153562582394,0.9544042,10000000000000111110010111110000001110110110,10000000101000101010000111110001001000010111,43.0
44,10000000101010111110100111110010011000101000,0.5246402083969599,-2.659202256012506,0.8206326,10000000111100110010000111110000001101101100,10000000101010111110100111110010011000101000,43.0
44,10000000111100100010000110110000001101101110,0.7389308783843234,-15.583113570955646,0.8159927,10000000111100110010000111110000001101101100,10000000101010111110100111110010011000101000,43.0
44,10000000000010100010100111110000001000000100,0.031018264536442075,-3.1003720999651136,0.9888701,10000000000010100010100111110000000000100111,10000000110000011010000111110000001000000100,43.0
44,10000000110000010010000111110000000000100111,0.5893947099196168,-3.123117237834265,0.9887336,10000000000010100010100111110000000000100111,10000000110000011010000111110000001000000100,43.0
44,10000000101100111010000111110000011000010111,0.5481959696283241,-3.0506379725069905,0.9887927,10000000101100111010000111110000011000010111,10000001100000011110100111110000000000101000,43.0
44,10000001100000011110100111110000000000101000,1.1777165359774955,-3.123069554107076,0.9518883,10000000101100111010000111110000011000010111,10000001100000011110100111110000000000101000,43.0
44,10000000000000111110000111110000111010111000,0.011849406206465574,-2.9453046191464978,0.9540603,10000000000000111110000111110000111011101010,10000000010000011010000111110010010110111000,43.0
44,10000000010000011010000111110010010111101010,0.20029549605739305,-2.6621586470982237,0.7892124,10000000000000111110000111110000111011101010,10000000010000011010000111110010010110111000,43.0
44,10000000010010110010000101110000011100111111,0.22928720218830279,-28.036529549724946,0.6394716,10000000010010101010000111110000010000111000,10000000010010110010000111110000011100111111,43.0
44,10001000010010101011000111110000010000111000,6.4779535479434855,-3.0734784778305198,0.4088092,10000000010010101010000111110000010000111000,10000000010010110010000111110000011100111111,43.0
45,10000000100000101010000111110000000000101111,0.39865980116363176,-3.122735768016753,0.9901937,10000000101010111110100111110010011000101000,10000000100000101010000111110000000000101111,44.0
45,10000000101010111110100111110010011000101000,0.5246402083969599,-2.659202256012506,0.8206326,10000000101010111110100111110010011000101000,10000000100000101010000111110000000000101111,44.0
45,10000000110000010010000111110000000000100111,0.5893947099196168,-3.123117237834265,0.9887336,10000000010000110010100111110000000000000101,10000000110000010010000111110000000000100111,44.0
45,10000000010000110010100111110000000000000101,0.2049685013219147,-3.1247384845586907,0.9902356,10000000010000110010100111110000000000000101,10000000110000010010000111110000000000100111,44.0
45,10000000010010110110000110110000011000010111,0.23005014182332673,-15.55064095273994,0.8086242,10000000010010110110000110110000011000010111,10000000111100110010000111110000001101100111,44.0
45,10000000111100110010000101110000001101100111,0.7419826369244191,-28.08345033727892,0.6460528,10000000010010110110000110110000011000010111,10000000111100110010000111110000001101100111,44.0
45,10000000010010101010000111110000010000111001,0.2277613229182549,-3.0734307941033308,0.9871386,10000000010010101010000111110000010000111001,10000000010000110010100111110000000110011100,44.0
45,10000000010000110010100111110000000110011100,0.2049685013219147,-3.1053312075927693,0.9896002,10000000010010101010000111110000010000111001,10000000010000110010100111110000000110011100,44.0
45,10000000111010100010100111110000000000100111,0.7146121775179353,-3.123117237834265,0.986101,10000000111010100010100111110000011100101000,10000000010000011010000111110000000000100111,44.0
45,10000000010000011110000111110000011100101000,0.201058435692417,-3.0376203149843946,0.9815899,10000000111010100010100111110000011100101000,10000000010000011010000111110000000000100111,44.0
45,10000000010010101110100111100000010110111111,0.22861963000765684,-6.179834885557867,0.9547593,10000000010010101010000111110000010000111000,10000000101010101110100111100000010110111110,44.0
45,10000000101010101010000111110000010000111000,0.5207301427674622,-3.0734784778305198,0.9898427,10000000010010101010000111110000010000111000,10000000101010101110100111100000010110111110,44.0
45,10000000000000111110000111110000000000101000,0.011849406206465574,-3.123069554107076,0.9900515,10000000000000111110000111110000000000100111,10000001100000011110100111110000000000101000,44.0
45,10000001100000011110100111110000000000100111,1.1777165359774955,-3.123117237834265,0.9518714,10000000000000111110000111110000000000100111,10000001100000011110100111110000000000101000,44.0
45,10000001011010101010000111110000010110011000,1.1066677824658768,-3.056693805859993,0.9779526,10000000101010111110100111110000010111101110,10000001011010101010000111110000010110011000,44.0
45,10000000101010111110100111110000010111101110,0.5246402083969599,-3.0525930053217394,0.9886235,10000000101010111110100111110000010111101110,10000001011010101010000111110000010110011000,44.0
45,10000000111100000110001011110000011101101000,0.7335903009391558,46.9654433644875,0.5463856,10000000111100000010001111110000010100111111,10000000111010100010100111110000011100101000,44.0
45,10000000111010100010100111110000010100111111,0.7146121775179353,-3.0609376575798137,0.9902618,10000000111100000010001111110000010100111111,10000000111010100010100111110000011100101000,44.0
45,10000000010000110010100111110000000110011110,0.2049685013219147,-3.1052358401383913,0.9895952,10000000010000110010100111110000000110011110,10000000111010011110010111110000001111110110,44.0
45,10010000111010011111010111110000001111110110,13.213995269297428,-3.0766256038249935,0.3509017,10000000010000110010100111110000000110011110,10000000111010011110010111110000001111110110,44.0
45,10000000111010011110000111010000000000101000,0.7137538704285333,-9.37307104422355,0.9215967,10000000111010011110000111110000111011101010,10000001100000011110100111010000000000101000,44.0
45,10000001100000011110100111110000111011101010,1.1777165359774955,-2.942920432787048,0.9893205,10000000111010011110000111110000111011101010,10000001100000011110100111010000000000101000,44.0
45,10000000000000111110010111110000001110110110,0.01189708993365457,-3.0796773623650893,0.9868945,10000000000000111110010111110000001110110110,10000000111000011110100111110000010011101110,44.0
45,10000000111000011110100111110000010011101110,0.6894351695621452,-3.0648000394821224,0.9902758,10000000000000111110010111110000001110110110,10000000111000011110100111110000010011101110,44.0
45,10000001100000011110100111110000000000101000,1.1777165359774955,-3.123069554107076,0.9518883,10000001100000011110100111110000000000101000,10000001100000011110100111110000000000101000,44.0
45,10000001000000011110100111110000000000101000,0.7870914428452096,-3.123069554107076,0.9836647,10000001100000011110100111110000000000101000,10000001100000011110100111110000000000101000,44.0
45,10000100010010110000000111110000010100101111,3.353906477429021,-3.0617005972148377,0.0478543,10000000010010110000000111110000010100101110,10000000111100110010000111110000001101100111,44.0
45,10000000111100110010000111110000001101100110,0.7419826369244191,-3.083492060540209,0.9892144,10000000010010110000000111110000010100101110,10000000111100110010000111110000001101100111,44.0
45,10000001000000011110100111110000000000101100,0.7870914428452096,-3.12287881919832,0.9836944,10000001100000011110100111110000000000101000,10000000000010100010100111110000001000000100,44.0
45,10000000000010100010100111110000001000000000,0.031018264536442075,-3.1005628348738696,0.9888843,10000001100000011110100111110000000000101000,10000000000010100010100111110000001000000100,44.0
45,10000001100000011110000111110000000000101000,1.1776211685231175,-3.123069554107076,0.9519011,10000001100000011110100111110000000000101000,10000000111010011110000111110000111011101010,44.0
45,10000000111010011110000111110000111011101010,0.7137538704285333,-2.942920432787048,0.9783915,10000001100000011110100111110000000000101000,10000000111010011110000111110000111011101010,44.0
45,10000000101100110010100111110000011100011111,0.5467654578126542,-3.0380494685290955,0.9876692,10000000101100111010000111110000011000010111,10000000111100110010100111110000011110011111,44.0
45,10000000111100111010000111110000011000010111,0.743508516194467,-3.0506379725069905,0.990282,10000000101100111010000111110000011000010111,10000000111100110010100111110000011110011111,44.0
45,10000010111100110010000111110000001101100111,2.3044830094535342,-3.08344437681302,0.5749907,10000000111100110010000111110000001101100111,10000000100000010111010111110001001110110110,44.0
45,10000000100000010111010111010001001110110110,0.39508352162445703,-9.134366305915435,0.8599388,10000000111100110010000111110000001101100111,10000000100000010111010111110001001110110110,44.0
45,10000000000000111110010111110000001110110110,0.01189708993365457,-3.0796773623650893,0.9868945,10000000000000111110010111110000001110110110,10000000111100100010000110110000001101101110,44.0
45,10000000111100100010000110110000001101101110,0.7389308783843234,-15.583113570955646,0.8159927,10000000000000111110010111110000001110110110,10000000111100100010000110110000001101101110,44.0
45,10000000100000010110100111110000000100101000,0.39494047044289005,-3.110862519946693,0.9902772,10000000100000010111010111110001001110110110,10000001100000011110100111110000000000101000,44.0
45,10000001100000011111010111110001001110110110,1.1778595871590625,-2.8843648157989605,0.9897697,10000000100000010111010111110001001110110110,10000001100000011110100111110000000000101000,44.0
45,10000000010010110000000111110000010100100111,0.22890573237079082,-3.0620820670323496,0.9857686,10000000010010110000000111110000010100101110,10000000010000011010000111110000000000100111,44.0
45,10000001010000011010000111110000000000101110,0.9815456823219506,-3.122783451743942,0.9725437,10000000010010110000000111110000010100101110,10000000010000011010000111110000000000100111,44.0
45,10000000000000111110000101110000001101101100,0.011849406206465574,-28.083211918642974,0.6450041,10000000000000111110000111110000000000100111,10000000101100111010000111100000001101101100,44.0
45,10000000101100111010000111100001000000100111,0.5481959696283241,-6.052805436326366,0.9262484,10000000000000111110000111110000000000100111,10000000101100111010000111100000001101101100,44.0
45,10000000000100100100000111110010010110011111,0.055718435220342144,-2.6657349266373984,0.7865289,10000000000100100100000111110010010110011111,10000000110000011010000111110000001000100111,44.0
45,10000000110000011010000111110000001000100111,0.5909205891896647,-3.098703169513499,0.990031,10000000000100100100000111110010010110011111,10000000110000011010000111110000001000100111,44.0
45,10000000111010100010000111110000000000101111,0.7145168100635573,-3.122735768016753,0.9861511,10000000111010100010000111110000000000101111,10000000111010101010100111110000010110011111,44.0
45,10000000111010101010100111110000010110011111,0.7161380567879831,-3.05636001976967,0.9902837,10000000111010100010000111110000000000101111,10000000111010101010100111110000010110011111,44.0
45,10000000010010111010000111110000010000111000,0.23081308145835067,-3.0734784778305198,0.987169,10000000010010111010000111110000010000111000,10000000101010111110100111110010011000101000,44.0
45,10000000101010111110100111110010011000101000,0.5246402083969599,-2.659202256012506,0.8206326,10000000010010111010000111110000010000111000,10000000101010111110100111110010011000101000,44.0
45,10000000011010011010010111110000111011101010,0.3224135213884125,-2.942920432787048,0.9594828,10000000010000110010000111110000011000010111,10000000111010011010010111110000111011101010,44.0
45,10000000110000110010000111110000011000011111,0.5954982269998084,-3.0502565026894786,0.9893625,10000000010000110010000111110000011000010111,10000000111010011010010111110000111011101010,44.0
45,10000000111100110010000111110000001101100111,0.7419826369244191,-3.08344437681302,0.9892174,10000000111000111010100111110000000100110110,10000000111100110010000111110000001101100111,44.0
45,10000000111000111010100111110000000100110110,0.6947757470073128,-3.110194947766047,0.9879906,10000000111000111010100111110000000100110110,10000000111100110010000111110000001101100111,44.0
45,10000000010000110010000111110000011000010111,0.2048731338675367,-3.0506379725069905,0.9838578,10000000010000110010000111110000011000010111,10000000111010010110000111110000111000010111,44.0
45,10000000111010110110000111110000111000010111,0.718331508238677,-2.952981699223926,0.9806121,10000000010000110010000111110000011000010111,10000000111010010110000111110000111000010111,44.0
45,10000000000010100010100111100000000000101100,0.031018264536442075,-6.247879564256564,0.9619863,10000000100000010111010111110001001110110110,10000000000010100010100111100000000000101100,44.0
45,10000000100000010111010111110001001110110110,0.39508352162445703,-2.8843648157989605,0.940398,10000000100000010111010111110001001110110110,10000000000010100010100111100000000000101100,44.0
45,10000000010010101010000110110000011000010111,0.2277613229182549,-15.55064095273994,0.808618,10000000010010101010000111110000010000111001,10000000010010110110000110110000011000010111,44.0
45,10000000010010110110000111110000010000111001,0.23005014182332673,-3.0734307941033308,0.9871574,10000000010010101010000111110000010000111001,10000000010010110110000110110000011000010111,44.0
45,10000000111000111010100111110000000100010111,0.6947757470073128,-3.1116731433089058,0.9878518,10000000111000111010100111110000000100110110,10000000111010010110000111110000111000010111,44.0
45,10000000111010010110000111110000111000110110,0.7122279911584855,-2.9515035036810673,0.9800464,10000000111000111010100111110000000100110110,10000000111010010110000111110000111000010111,44.0
45,10000000101000111010100111110000010110011111,0.4994632004411699,-3.05636001976967,0.9885872,10000000101000101010000111110001001000010111,10000000111010101010100111110000010110011111,44.0
45,10000000111010101010000111110001001010010111,0.7160426893336052,-2.8980500455022025,0.9673727,10000000101000101010000111110001001000010111,10000000111010101010100111110000010110011111,44.0
45,10000000000010100010100111110000000000101100,0.031018264536442075,-3.12287881919832,0.9900497,10000000000010100010100111110000000000101100,10000000111010011110010111110000001111110110,44.0
45,10000000111010011110010111110000001111110110,0.7138015541557223,-3.0766256038249935,0.9898971,10000000000010100010100111110000000000101100,10000000111010011110010111110000001111110110,44.0
45,10000000101010111110100111110000000000100111,0.5246402083969599,-3.123117237834265,0.9894933,10000000101010111110100111110010011000101000,10000000110000010010000111110000000000100111,44.0
45,10000000110000010010010111110010011000101000,0.5894423936468058,-2.659202256012506,0.830412,10000000101010111110100111110010011000101000,10000000110000010010000111110000000000100111,44.0
45,10000000010000101011000111100000010000111000,0.2035379895062448,-6.198479222888764,0.9575225,10000000010000110010100111110000011100101000,10001000010010101011000111110000010000111000,44.0
45,10001000010010110010100111110000011100101000,6.479384059759155,-3.0376203149843946,0.4212195,10000000010000110010100111110000011100101000,10001000010010101011000111110000010000111000,44.0
45,10001000100000010111010111100000010110111110,6.645085011740932,-6.179882569285056,0.8263376,10000000100000010111010111110001001110110110,10000000101010101110100111100000010110111110,44.0
45,10000000101010101110100111110001001110110110,0.5215884498568641,-2.8843648157989605,0.9486202,10000000100000010111010111110001001110110110,10000000101010101110100111100000010110111110,44.0
45,10100001111010011010100101110010010110100111,26.494342444978344,-27.665359417285785,0.5287591,10000001111010011010100101110010010110011111,10000000010000011010000111110000000000100111,44.0
45,10000000011000011010000111110000000000011111,0.2979517693404574,-3.123498707651777,0.9902835,10000001111010011010100101110010010110011111,10000000010000011010000111110000000000100111,44.0
45,10000000111000111010100111110000000110011110,0.6947757470073128,-3.1052358401383913,0.9884262,10000000111000111010100111110000001110011101,10000000010000110010100111110000000110011110,44.0
45,10000000010000110010100111110000001110011101,0.2049685013219147,-3.080869455544814,0.9877517,10000000111000111010100111110000001110011101,10000000010000110010100111110000000110011110,44.0
45,10000000101100111010000111110000011000011111,0.5481959696283241,-3.0502565026894786,0.9887639,10000000101100111010000111110000011000010111,10000000111010111010100111110000010110011111,44.0
45,10000000111010011010100111110000010110010111,0.7130862982478874,-3.056741489587182,0.990284,10000000101100111010000111110000011000010111,10000000111010111010100111110000010110011111,44.0
45,10000000101010111110100111110010011000101000,0.5246402083969599,-2.659202256012506,0.8206326,10000000101010111110100111110010011000101000,10000000010010110110000110110000011000010111,44.0
45,10000000010010110110000110110000011000010111,0.23005014182332673,-15.55064095273994,0.8086242,10000000101010111110100111110010011000101000,10000000010010110110000110110000011000010111,44.0
45,10000000111100110010100111110000010100110101,0.7420780043787971,-3.0614144948517037,0.9901524,10000000111100110010100111110000011110011111,10000001111000111010100111110000010100110101,44.0
45,10000001110000111010100111110000011110011111,1.378369659988806,-3.031945951448904,0.9545753,10000000111100110010100111110000011110011111,10000001111000111010100111110000010100110101,44.0
45,10000000010000110010100111110000000110011100,0.2049685013219147,-3.1053312075927693,0.9896002,10000000010010101010100111110000001110011101,10000000010000110010100111110000000110011100,44.0
45,10100000010010101010100111110000001110011101,25.22786265083853,-3.080869455544814,0.6558704,10000000010010101010100111110000001110011101,10000000010000110010100111110000000110011100,44.0
45,10000000111010011110000111110001001110110110,0.7137538704285333,-2.8843648157989605,0.9630878,10000000111010011110000111110000111011101010,10000000100000010111010111110001001110110110,44.0
45,10000000100000010111010111110000111011101010,0.39508352162445703,-2.942920432787048,0.9624249,10000000111010011110000111110000111011101010,10000000100000010111010111110001001110110110,44.0
45,10000001100000011110100111110000000000101000,1.1777165359774955,-3.123069554107076,0.9518883,10000001100000011110100111110000000000101000,10000001111000111010100111110000010100110101,44.0
45,10000001111000111010100111110000010100110101,1.4760259332718704,-3.0614144948517037,0.9254718,10000001100000011110100111110000000000101000,10000001111000111010100111110000010100110101,44.0
45,10000000010010011110100111110000000000101000,0.22556787146756108,-3.123069554107076,0.9902321,10000000010010100010000111110000010100111000,10000001100000011110100111110000000000101000,44.0
45,10000001100000100010000111110000010100111000,1.1783841081581414,-3.0612714436701367,0.9707156,10000000010010100010000111110000010100111000,10000001100000011110100111110000000000101000,44.0
45,10000000111100110000000111110000001101101100,0.7416011671069072,-3.083205958177075,0.989238,10000000111100110010000111110000001101101100,10000000010010110010000101110000011100111111,44.0
45,10000000010010110010000101110000011100111111,0.22928720218830279,-28.036529549724946,0.6394716,10000000111100110010000111110000001101101100,10000000010010110010000101110000011100111111,44.0
45,10000000010000110010000111110000010111101100,0.2048731338675367,-3.0526883727761174,0.9841779,10000000010000110010000111110000010111101100,10000000010010110000100111110000011100101000,44.0
45,10000000010010110000100111110000011100101000,0.2290010998251688,-3.0376203149843946,0.9819493,10000000010000110010000111110000010111101100,10000000010010110000100111110000011100101000,44.0
45,10000000010011110000100111110000001101001100,0.24120813398555185,-3.084731837447123,0.9883552,10000000010010110000100111110000011100101000,10000000111100110010000111110000001101101100,44.0
45,10000000111100110010000111110000011100101000,0.7419826369244191,-3.0376203149843946,0.990153,10000000010010110000100111110000011100101000,10000000111100110010000111110000001101101100,44.0
45,10000000010010100010000111110000010000111000,0.22623544364820702,-3.0734784778305198,0.9871314,10000000010010100010000111110000000110111111,10000000010010101010000111110000010000111000,44.0
45,10000000010010101010000111110000000110111111,0.2277613229182549,-3.1036622771411544,0.989596,10000000010010100010000111110000000110111111,10000000010010101010000111110000010000111000,44.0
45,10000000111010100110100111110000010110011110,0.7153751171529592,-3.056407703496859,0.9902838,10000000010000110010100111110000000110011110,10000000111010100010100111110000010110011110,44.0
45,10000000010000110010100111110000000110011110,0.2049685013219147,-3.1052358401383913,0.9895952,10000000010000110010100111110000000110011110,10000000111010100010100111110000010110011110,44.0
46,10000000111000111010100111110000000110011110,0.6947757470073128,-3.1052358401383913,0.9884262,10000000111000111010100111110000000110011110,10000000010010110000000111110000010100100111,45.0
46,10000000010010110000000111110000010100100111,0.22890573237079082,-3.0620820670323496,0.9857686,10000000111000111010100111110000000110011110,10000000010010110000000111110000010100100111,45.0
46,10000000000000111110000101110000001000010111,0.011849406206465574,-28.09947206961442,0.646673,10000000000000111110000101110000001101101100,10000000010010110110000110110000011000010111,45.0
46,10000000010010110110000110110000011101101100,0.23005014182332673,-15.534380801768492,0.8054819,10000000000000111110000101110000001101101100,10000000010010110110000110110000011000010111,45.0
46,10000000111010100110100111100001000000100111,0.7153751171529592,-6.052805436326366,0.9322656,10000000111010100110100111110000010110011110,10000000101100111010000111100001000000100111,45.0
46,10000000101100111010000111110000010110011110,0.5481959696283241,-3.056407703496859,0.9891955,10000000111010100110100111110000010110011110,10000000101100111010000111100001000000100111,45.0
46,10000000010010110110000110110000011010010111,0.23005014182332673,-15.544537435659748,0.8074834,10000000010010110110000110110000011000010111,10000000101010101010000111110000010000111000,45.0
46,10000000101010101010000111110000010000111000,0.5207301427674622,-3.0734784778305198,0.9898427,10000000010010110110000110110000011000010111,10000000101010101010000111110000010000111000,45.0
46,10000000111010100010000111110000000000101100,0.7145168100635573,-3.12287881919832,0.9861334,10000000111010100010000111110000000000101111,10000000000000111110000101110000001101101100,45.0
46,10000000000000111110000101110000001101101111,0.011849406206465574,-28.083068867461407,0.6449887,10000000111010100010000111110000000000101111,10000000000000111110000101110000001101101100,45.0
46,10000000010010010001100111110000011100101111,0.22308831765373327,-3.0372865288940716,0.9818097,10000000010010110000100111110000011100101000,10000001110000111010100111110000011110011111,45.0
46,10000001110000111010000111110000011110011000,1.378274292534428,-3.032279737539227,0.9544782,10000000010010110000100111110000011100101000,10000001110000111010100111110000011110011111,45.0
46,10000000111010100010100111110000011100101000,0.7146121775179353,-3.0376203149843946,0.9899682,10000000111010100010100111110000010100111111,10000000111100110010000111110000011100101000,45.0
46,10000000111100110010000111110000010100111111,0.7419826369244191,-3.0609376575798137,0.9901632,10000000111010100010100111110000010100111111,10000000111100110010000111110000011100101000,45.0
46,10000000010000110010100111110100011100101000,0.2049685013219147,-2.256370128719837,0.4108774,10000000010000110010100111110000000110011100,10000000111100110010000111110000011100101000,45.0
46,10000000111100110010000111110000000110011100,0.7419826369244191,-3.1053312075927693,0.9873984,10000000010000110010100111110000000110011100,10000000111100110010000111110000011100101000,45.0
46,10000000110000011110100111110000000000100111,0.5917788962790667,-3.123117237834265,0.9886989,10000000110000010010010111110010011000101000,10000001100000011110100111110000000000100111,45.0
46,10000001100000010010010111110010011000101000,1.1753800333452347,-2.659202256012506,0.9386937,10000000110000010010010111110010011000101000,10000001100000011110100111110000000000100111,45.0
46,10000000111100110010000111110000001101100010,0.7419826369244191,-3.083682795448965,0.9892023,10000000111100110010000111110000001101100111,10000001100000011110100111110000111011101010,45.0
46,10000001100000011110100111010000111011101111,1.1777165359774955,-9.192683504267578,0.9033076,10000000111100110010000111110000001101100111,10000001100000011110100111110000111011101010,45.0
46,10000000111010100110100111110000010110001110,0.7153751171529592,-3.057170643131883,0.9902825,10000000111010100110100111110000010110011110,10000000000100100100000111110010010110011111,45.0
46,10000000000100100100000111110010010110011111,0.055718435220342144,-2.6657349266373984,0.7865289,10000000111010100110100111110000010110011110,10000000000100100100000111110010010110011111,45.0
46,10000000011010011010001111110000000110111111,0.3223658376612235,96.89636156472244,0.5025614,10000000011010011010010111110000111011101010,10000000010010101010000111110000000110111111,45.0
46,10000000010010101010110111110000111011101010,0.2279043740998219,-2.942920432787048,0.9563964,10000000011010011010010111110000111011101010,10000000010010101010000111110000000110111111,45.0
46,10000000101100110010100111010000000000101000,0.5467654578126542,-9.37307104422355,0.9211892,10000000101100110010100111110000011100011111,10000000111010011110000111010000000000101000,45.0
46,10000000111010011110000110110000011100011111,0.7137538704285333,-15.538052448762045,0.809005,10000000101100110010100111110000011100011111,10000000111010011110000111010000000000101000,45.0
46,10000000111100111010100111110000000100000111,0.743603883648845,-3.1124360829439297,0.9865725,10000000111000111010100111110000000100010111,10000000000010100010100111100000000000101100,45.0
46,10000000000010100010100111100000000000001100,0.031018264536442075,-6.249405443526612,0.9620667,10000000111000111010100111110000000100010111,10000000000010100010100111100000000000101100,45.0
46,10000001100000011110100111110000001110011101,1.1777165359774955,-3.080869455544814,0.9654613,10000001100000011110100111110000000000101000,10000000010000110010100111110000001110011101,45.0
46,10000000010000110010100111110000000000101000,0.2049685013219147,-3.123069554107076,0.9902099,10000001100000011110100111110000000000101000,10000000010000110010100111110000001110011101,45.0
46,10000001100000011110100111110000111011101010,1.1777165359774955,-2.942920432787048,0.9893205,10000001100000011110100111110000111011101010,10000000111010100010000111110000000000101111,45.0
46,10000000111010100010000111110100000000101111,0.7145168100635573,-2.3414855817521953,0.5902825,10000001100000011110100111110000111011101010,10000000111010100010000111110000000000101111,45.0
46,10000001100000011110001111110000000000101000,1.1776211685231175,96.87695428775652,0.502463,10000001100000011110000111110000000000101000,10000001000000011110100111110000000000101000,45.0
46,10000001000000011110100111110000000000101000,0.7870914428452096,-3.123069554107076,0.9836647,10000001100000011110000111110000000000101000,10000001000000011110100111110000000000101000,45.0
46,10000000111010100010000111110000000000101111,0.7145168100635573,-3.122735768016753,0.9861511,10000000111010101010100111110000010110011111,10000000111010100010000111110000000000101111,45.0
46,10000000111010101010100111110000010110011111,0.7161380567879831,-3.05636001976967,0.9902837,10000000111010101010100111110000010110011111,10000000111010100010000111110000000000101111,45.0
46,10000000101010111110000111110000010111101110,0.5245448409425819,-3.0525930053217394,0.9886222,10000000101010111110100111110000010111101110,10000001010000011010000111110000000000101110,45.0
46,10000001000000011010000111110000000000101110,0.7862331357558077,-3.122783451743942,0.9837427,10000000101010111110100111110000010111101110,10000001010000011010000111110000000000101110,45.0
46,10000000010011110000100111110000010000111000,0.24120813398555185,-3.0734784778305198,0.9872563,10000000010011110000100111110000001101001100,10000000010000101011000111100000010000111000,45.0
46,10000000010000101011000111100100001101001100,0.2035379895062448,-5.42848239624081,0.4383868,10000000010011110000100111110000001101001100,10000000010000101011000111100000010000111000,45.0
46,10000000010000110010100111110000001110111001,0.2049685013219147,-3.0795343111835223,0.9876172,10000000010000110010100111110000001110011101,10000000010010110110000111110000010000111001,45.0
46,10000000010010110110000111110000010000011101,0.23005014182332673,-3.0747659384646226,0.9873031,10000000010000110010100111110000001110011101,10000000010010110110000111110000010000111001,45.0
46,10000000111100110010000101110000010011101110,0.7419826369244191,-28.06480599994802,0.6440577,10000000111100110010000101110000001101100111,10000000111000011110100111110000010011101110,45.0
46,10000000111000011110100111110000001101100111,0.6894351695621452,-3.08344437681302,0.9898474,10000000111100110010000101110000001101100111,10000000111000011110100111110000010011101110,45.0
46,10000000000000111110010111110000001110110110,0.01189708993365457,-3.0796773623650893,0.9868945,10000000000000111110010111110000001110110110,10000000101000111010100111110000010110011111,45.0
46,10000000101000111010100111110000010110011111,0.4994632004411699,-3.05636001976967,0.9885872,10000000000000111110010111110000001110110110,10000000101000111010100111110000010110011111,45.0
46,10000000101000010110100111110000000100101000,0.4925967437259544,-3.110862519946693,0.9901624,10000000000000111110000111110000000000101000,10000000100000010110100111110000000100101000,45.0
46,10000000000000111110000111110000100000101000,0.011849406206465574,-3.0254132808240115,0.9777818,10000000000000111110000111110000000000101000,10000000100000010110100111110000000100101000,45.0
46,10000000101010111110100111110000001101100010,0.5246402083969599,-3.083682795448965,0.9901761,10000000101010111110100111110010011000101000,10000000111100110010000111110000001101100110,45.0
46,10000000111100110010000111110010011000101000,0.7419826369244191,-2.659202256012506,0.8564026,10000000101010111110100111110010011000101000,10000000111100110010000111110000001101100110,45.0
46,10000000111100110010000110110000001101100110,0.7419826369244191,-15.583495040773158,0.8160566,10000000111100110010000111110000001101100110,10000000000010100010100111110000000000101100,45.0
46,10000000000010100010100111110000000000101100,0.031018264536442075,-3.12287881919832,0.9900497,10000000111100110010000111110000001101100110,10000000000010100010100111110000000000101100,45.0
46,10000000101010100010000111110000000100101111,0.5192042634974143,-3.11052873385637,0.990061,10000000101010101010000111110000010000111000,10000000111010100010000111110000000000101111,45.0
46,10000000111010101010001111110000010000111000,0.7160426893336052,96.92654536403307,0.5028018,10000000101010101010000111110000010000111000,10000000111010100010000111110000000000101111,45.0
46,10000000111000011110100111110000010011101110,0.6894351695621452,-3.0648000394821224,0.9902758,10000000111000011110100111110000010011101110,10000001100000011111010111110001001110110110,45.0
46,10000001100000011111010111110001001110110110,1.1778595871590625,-2.8843648157989605,0.9897697,10000000111000011110100111110000010011101110,10000001100000011111010111110001001110110110,45.0
46,10000000011000111010100111110000010110011111,0.30415065387502693,-3.05636001976967,0.9858783,10000000010010101010000111110000000110111111,10000000101000111010100111110000010110011111,45.0
46,10000000100010101010000111110000001110111111,0.42307386948439785,-3.0792482088203883,0.9893825,10000000010010101010000111110000000110111111,10000000101000111010100111110000010110011111,45.0
46,10010000110000010010000111110000000000100111,13.089397690152566,-3.123117237834265,0.4252405,10000000110000010010000111110000000000100111,10000000111010101010100111110000010110011111,45.0
46,10000000111010101010100111110000010110011110,0.7161380567879831,-3.056407703496859,0.9902836,10000000110000010010000111110000000000100111,10000000111010101010100111110000010110011111,45.0
46,10100000010010101010100111110000010000111001,25.22786265083853,-3.0734307941033308,0.6560569,10100000010010101010100111110000001110011101,10000000010010101010000111110000010000111001,45.0
46,10000000010010101010000111110000001110011101,0.2277613229182549,-3.080869455544814,0.9879083,10100000010010101010100111110000001110011101,10000000010010101010000111110000010000111001,45.0
46,10000001101000011110100101110000001101101100,1.2753728092605598,-28.083211918642974,0.6478646,10000001100000011110100111110000000000101000,10000000000000111110000101110000001101101100,45.0
46,10100001000000111110000111110000000000101000,25.79310555293692,-3.123069554107076,0.4774813,10000001100000011110100111110000000000101000,10000000000000111110000101110000001101101100,45.0
46,10000000010000110010100111110000010110011111,0.2049685013219147,-3.05636001976967,0.9847316,10000000010000110010100111110000000110011100,10000000111010101010100111110000010110011111,45.0
46,10010000111010101010100111110000000110011100,13.216141037020932,-3.1053312075927693,0.3453957,10000000010000110010100111110000000110011100,10000000111010101010100111110000010110011111,45.0
46,10000000101000010111010111010001001110110110,0.4927397949075214,-9.134366305915435,0.8620219,10000000101100111010000111100001000000100111,10000000100000010111010111010001001110110110,45.0
46,10000000100101111010000111100001000000100111,0.46274673050564274,-6.052805436326366,0.9236325,10000000101100111010000111100001000000100111,10000000100000010111010111010001001110110110,45.0
46,10000001100000110010100111110000000110011110,1.1815312341526152,-3.1052358401383913,0.9574987,10000001100000011110100111110000000000101000,10000000010000110010100111110000000110011110,45.0
46,10000000010000011110100111110000000000101000,0.20115380314679498,-3.123069554107076,0.9902056,10000001100000011110100111110000000000101000,10000000010000110010100111110000000110011110,45.0
46,10100000101000111010000111110001001110110110,25.49937379345269,-2.8843648157989605,0.5891005,10000000101000111010100111110000010110011111,10000000111010011110000111110001001110110110,45.0
46,10000000111010011110100111110000010110011111,0.7138492378829113,-3.05636001976967,0.9902841,10000000101000111010100111110000010110011111,10000000111010011110000111110001001110110110,45.0
46,10000000010010100010000111110000010000111000,0.22623544364820702,-3.0734784778305198,0.9871314,10000000010010100010000111110000010000111000,10000000111100110000000111110000001101101100,45.0
46,10000000111100110000000111110000001101101100,0.7416011671069072,-3.083205958177075,0.989238,10000000010010100010000111110000010000111000,10000000111100110000000111110000001101101100,45.0
46,10000001110000101010100111110000011110011111,1.3753179014487102,-3.031945951448904,0.9550368,10000001110000111010100111110000011110011111,10000000101000111010100111110000010110011111,45.0
46,10010000101000111010100111110000010110011111,12.99946618067412,-3.05636001976967,0.4984431,10000001110000111010100111110000011110011111,10000000101000111010100111110000010110011111,45.0
46,10000000110000010010000111110000000000100111,0.5893947099196168,-3.123117237834265,0.9887336,10000000110000010010000111110000000000100111,10000000111100010110000111110000011000010111,45.0
46,10000000111100010110000111110000011000010111,0.7366420594792515,-3.0506379725069905,0.9902841,10000000110000010010000111110000000000100111,10000000111100010110000111110000011000010111,45.0
46,10000001111000111010100111110000010100110101,1.4760259332718704,-3.0614144948517037,0.9254718,10000000010011110000100111110000001101001100,10000001111000111010100111110000010100110101,45.0
46,10000000010011110000100111110000001101001100,0.24120813398555185,-3.084731837447123,0.9883552,10000000010011110000100111110000001101001100,10000001111000111010100111110000010100110101,45.0
46,10000000010010101110100111100000010110111111,0.22861963000765684,-6.179834885557867,0.9547593,10000000010010101110100111100000010110111111,10000000111000011110100111110000010011101110,45.0
46,10000000111000011110100111110000010011101110,0.6894351695621452,-3.0648000394821224,0.9902758,10000000010010101110100111100000010110111111,10000000111000011110100111110000010011101110,45.0
46,10000000010000110010100111111000001110011000,0.2049685013219147,-1.518607501651644,0.0038083,10000000010000110010100111110000001110011101,10000000101010111110100111110010011000101000,45.0
46,10010000101010111110100111110010011000101101,13.02464318862991,-2.658963837376561,0.5421412,10000000010000110010100111110000001110011101,10000000101010111110100111110010011000101000,45.0
46,10000000111010100110100111110000010110011110,0.7153751171529592,-3.056407703496859,0.9902838,10000000111010100110100111110000010110011110,10000000010000101011000111100000010000111000,45.0
46,10000000010000101011000111100000010000111000,0.2035379895062448,-6.198479222888764,0.9575225,10000000111010100110100111110000010110011110,10000000010000101011000111100000010000111000,45.0
46,10000000111100110010000111110000010000111000,0.7419826369244191,-3.0734784778305198,0.989752,10000000111100110010000101110000001101100111,10000000010010111010000111110000010000111000,45.0
46,10000000010010111010000101110000001101100111,0.23081308145835067,-28.08345033727892,0.645131,10000000111100110010000101110000001101100111,10000000010010111010000111110000010000111000,45.0
46,10000000010000110010100111110000000000000101,0.2049685013219147,-3.1247384845586907,0.9902356,10000000010000110010100111110000000000000101,10001000010010110010100111110000011100101000,45.0
46,10001000010010110010101111110000011100101000,6.479384059759155,96.9624035268792,0.5041831,10000000010000110010100111110000000000000101,10001000010010110010100111110000011100101000,45.0
46,10000000111010100010000111110000000000101111,0.7145168100635573,-3.122735768016753,0.9861511,10000000111010100010000111110000000000101111,10000000101000111010100111110000010110011111,45.0
46,10000000101000111010100111110000010110011111,0.4994632004411699,-3.05636001976967,0.9885872,10000000111010100010000111110000000000101111,10000000101000111010100111110000010110011111,45.0
46,10000000111010100110100111110000010110011110,0.7153751171529592,-3.056407703496859,0.9902838,10000000111010100110100111110000010110011110,10000000101010111110100111110010011000101000,45.0
46,10000000101010111110100111110010011000101000,0.5246402083969599,-2.659202256012506,0.8206326,10000000111010100110100111110000010110011110,10000000101010111110100111110010011000101000,45.0
46,10000000000010100010100111100000000000100111,0.031018264536442075,-6.248117982892509,0.9619992,10000000000010100010100111100000000000101100,10000000110000010010000111110000000000100111,45.0
46,10000000110000010010000111110000000000101100,0.5893947099196168,-3.12287881919832,0.9887518,10000000000010100010100111100000000000101100,10000000110000010010000111110000000000100111,45.0
46,11000000101010111110100111110000000000100111,50.52465212932876,-3.123117237834265,0.5298461,10000000101010111110100111110000000000100111,10000000111010011010100111110000010110010111,45.0
46,10000000111010011010100111110000010110010111,0.7130862982478874,-3.056741489587182,0.990284,10000000101010111110100111110000000000100111,10000000111010011010100111110000010110010111,45.0
46,10000000101100111010000111110000011000010111,0.5481959696283241,-3.0506379725069905,0.9887927,10000000101100111010000111100001000000100111,10000000010010110110000110110000011000010111,45.0
46,10000000010010110110000110100001000000100111,0.23005014182332673,-18.552808416559316,0.7298194,10000000101100111010000111100001000000100111,10000000010010110110000110110000011000010111,45.0
47,10000000110000010010000111110000000001100110,0.5893947099196168,-3.120113163021358,0.9889552,10000000110000010010000111110000000000101100,10000000101010111110000111110000010111101110,46.0
47,10000000101010111110000111110000010110101100,0.5245448409425819,-3.055740131316213,0.9888632,10000000110000010010000111110000000000101100,10000000101010111110000111110000010111101110,46.0
47,10010000101010111110100111110010011000101101,13.02464318862991,-2.658963837376561,0.5421412,10010000101010111110100111110010011000101101,10000000111010100010000111110000000000101111,46.0
47,10000000111010100010000111110000000000101111,0.7145168100635573,-3.122735768016753,0.9861511,10010000101010111110100111110010011000101101,10000000111010100010000111110000000000101111,46.0
47,10000001000000011010000111110000000000101110,0.7862331357558077,-3.122783451743942,0.9837427,10000001000000011010000111110000000000101110,10000000010010110110000110110000011010010111,46.0
47,10000000010010110110000110110000011010010111,0.23005014182332673,-15.544537435659748,0.8074834,10000001000000011010000111110000000000101110,10000000010010110110000110110000011010010111,46.0
47,10000000111100110010000111110000000110011110,0.7419826369244191,-3.1052358401383913,0.9874082,10000000111100110010000111110000001101100010,10000001100000110010100111110000000110011110,46.0
47,10000000100000110010100111110000001101100010,0.40028104788805763,-3.083682795448965,0.9894626,10000000111100110010000111110000001101100010,10000001100000110010100111110000000110011110,46.0
47,10000001100000010010010111010010011000101000,1.1753800333452347,-8.90920374612898,0.773816,10000001100000010010010111110010011000101000,10000000111010101010100111110000010110011111,46.0
47,10000000111010101010100111110000010110011111,0.7161380567879831,-3.05636001976967,0.9902837,10000001100000010010010111110010011000101000,10000000111010101010100111110000010110011111,46.0
47,10000000111010101110101111110000000000101000,0.7169009964230071,96.87695428775652,0.5024279,10000000111010100010100111110000011100101000,10000001000000011110100111110000000000101000,46.0
47,00000001000000010010100011110000011100101000,-99.21522121792346,-53.03763223591619,0.5009936,10000000111010100010100111110000011100101000,10000001000000011110100111110000000000101000,46.0
47,10000000101000111010100111110000000000101000,0.4994632004411699,-3.123069554107076,0.9897061,10000000101000111010100111110000010110011111,10000000101100110010100111010000000000101000,46.0
47,10000000101100110010100111010000010110011111,0.5467654578126542,-9.306361509886145,0.9143988,10000000101000111010100111110000010110011111,10000000101100110010100111010000000000101000,46.0
47,10000000111010100110100111110000011110011111,0.7153751171529592,-3.031945951448904,0.9897518,10000000111010100110100111110000010110001110,10000001110000101010100111110000011110011111,46.0
47,11000001110000101010100111110000010110001110,51.37532982238051,-3.057170643131883,0.4722697,10000000111010100110100111110000010110001110,10000001110000101010100111110000011110011111,46.0
47,10100000010010101010100111110000010000111000,25.22786265083853,-3.0734784778305198,0.6560557,10100000010010101010100111110000010000111001,10000000010000011110100111110000000000101000,46.0
47,10000000010001011110100111110000000000101001,0.21336083730717803,-3.123021870379887,0.9902184,10100000010010101010100111110000010000111001,10000000010000011110100111110000000000101000,46.0
47,10001000010000110010101111110000011100101000,6.454969991438389,96.9624035268792,0.5041772,10001000010010110010101111110000011100101000,10000000111010011110000110110000011100011111,46.0
47,10000000111010011110001110110000011100011111,0.7137538704285333,84.46197139310155,0.5057008,10001000010010110010101111110000011100101000,10000000111010011110000110110000011100011111,46.0
47,10000000111010100010000110110000011010010111,0.7145168100635573,-15.544537435659748,0.8101539,10000000111010100010000111110000000000101111,10000000010010110110000110110000011010010111,46.0
47,10000000010010110110000111110000000000101111,0.23005014182332673,-3.122735768016753,0.990232,10000000111010100010000111110000000000101111,10000000010010110110000110110000011010010111,46.0
47,10000000010011110000100111110000001101001100,0.24120813398555185,-3.084731837447123,0.9883552,10000000010011110000100111110000001101001100,10000000111010100110100111110000010110001110,46.0
47,10000000111010100110100111110000010110001110,0.7153751171529592,-3.057170643131883,0.9902825,10000000010011110000100111110000001101001100,10000000111010100110100111110000010110001110,46.0
47,10000000101100111010000111110000011000010111,0.5481959696283241,-3.0506379725069905,0.9887927,10000000101100111010000111110000011000010111,10000000010010110000000111110000010100100111,46.0
47,10000000010010110000000111110000010100100111,0.22890573237079082,-3.0620820670323496,0.9857686,10000000101100111010000111110000011000010111,10000000010010110000000111110000010100100111,46.0
47,10000000100010101010000111110000001110111111,0.42307386948439785,-3.0792482088203883,0.9893825,10000000100010101010000111110000001110111111,10000000010010111010000101110000001101100111,46.0
47,10000000010010111010000101110000001101100111,0.23081308145835067,-28.08345033727892,0.645131,10000000100010101010000111110000001110111111,10000000010010111010000101110000001101100111,46.0
47,11000000010011110000100111110000010000111000,50.241220054917335,-3.0734784778305198,0.5396552,10000000010011110000100111110000010000111000,10000000010000110010100111110100011100101000,46.0
47,10000000010000110010100111110100011100101000,0.2049685013219147,-2.256370128719837,0.4108774,10000000010011110000100111110000010000111000,10000000010000110010100111110100011100101000,46.0
47,10000000111010011110000110110000010110011111,0.7137538704285333,-15.55636300000262,0.8120956,10000000111010011110000110110000011100011111,10000000011000111010100111110000010110011111,46.0
47,10000000011000111010100111110000011100011111,0.30415065387502693,-3.0380494685290955,0.9831631,10000000111010011110000110110000011100011111,10000000011000111010100111110000010110011111,46.0
47,10001000010010110010101111110000011100101000,6.479384059759155,96.9624035268792,0.5041831,10001000010010110010101111110000011100101000,10000000111000011110100111110000010011101110,46.0
47,10000000111000011110100111110000010011101110,0.6894351695621452,-3.0648000394821224,0.9902758,10001000010010110010101111110000011100101000,10000000111000011110100111110000010011101110,46.0
47,10000001000000011010000111110000000000101110,0.7862331357558077,-3.122783451743942,0.9837427,10000000111100010110000111110000011000010111,10000001000000011010000111110000000000101110,46.0
47,10000000111100010110000111110000011000010111,0.7366420594792515,-3.0506379725069905,0.9902841,10000000111100010110000111110000011000010111,10000001000000011010000111110000000000101110,46.0
47,10000000100010101010100111110000010110011110,0.42316923693877584,-3.056407703496859,0.9875364,10000000100010101010000111110000001110111111,10000000111010101010100111110000010110011110,46.0
47,10000000111010101010000101110000001110111111,0.7160426893336052,-28.079254169286287,0.6455516,10000000100010101010000111110000001110111111,10000000111010101010100111110000010110011110,46.0
47,10000000111100110000000111110000001101101100,0.7416011671069072,-3.083205958177075,0.989238,10000000111100110010000111110000010100111111,10000000111100110000000111110000001101101100,46.0
47,10000000111100110010000011110000010100111111,0.7419826369244191,-53.06094957851161,0.5266582,10000000111100110010000111110000010100111111,10000000111100110000000111110000001101101100,46.0
47,10000001111000111010100111110000010100101111,1.4760259332718704,-3.0617005972148377,0.9253464,10000001111000111010100111110000010100110101,10000000111010100010000111110000000000101111,46.0
47,10000000111010100010000111110001000000110101,0.7145168100635573,-2.92713711908749,0.9749135,10000001111000111010100111110000010100110101,10000000111010100010000111110000000000101111,46.0
47,10000000000010100010100111100000000000100111,0.031018264536442075,-6.248117982892509,0.9619992,10000000000010100010100111100000000000100111,10000000111000011110100111110000010011101110,46.0
47,10000000111000011110100111110000010011101110,0.6894351695621452,-3.0648000394821224,0.9902758,10000000000010100010100111100000000000100111,10000000111000011110100111110000010011101110,46.0
47,10000000111010011010100111110000010110010111,0.7130862982478874,-3.056741489587182,0.990284,10000001110000101010100111110000011110011111,10000000111010011010100111110000010110010111,46.0
47,10000001111000101010100111110000011110011111,1.4729741747317746,-3.031945951448904,0.9383558,10000001110000101010100111110000011110011111,10000000111010011010100111110000010110010111,46.0
47,10000000101000111010100111110000010110011111,0.4994632004411699,-3.05636001976967,0.9885872,10000000101000111010100111110000010110011111,10000000010000101011000111100100001101001100,46.0
47,10000000010000101011000111100100001101001100,0.2035379895062448,-5.42848239624081,0.4383868,10000000101000111010100111110000010110011111,10000000010000101011000111100100001101001100,46.0
47,10000001100000011110100111110000111011101100,1.1777165359774955,-2.94282506533267,0.9893259,10000001100000011110100111110000111011101010,10000000111100110000000111110000001101101100,46.0
47,10000100111100110000100111110000001101101010,3.8666972796195154,-3.083301325631453,0.0744405,10000001100000011110100111110000111011101010,10000000111100110000000111110000001101101100,46.0
47,11000000111010100010000111110000000000101111,50.71452873099534,-3.122735768016753,0.5180188,10000000111010100010000111110000000000101111,10000000010000101011000111100000010000111000,46.0
47,10000000010000101011000111100000010000111000,0.2035379895062448,-6.198479222888764,0.9575225,10000000111010100010000111110000000000101111,10000000010000101011000111100000010000111000,46.0
47,10000000000010011110100111110000111011101010,0.030255324901418135,-2.942920432787048,0.9532208,10000000000010100010100111100000000000100111,10000001100000011110100111110000111011101010,46.0
47,10000011100000100010100111100000000000100111,2.7409798481416345,-6.248117982892509,0.7153958,10000000000010100010100111100000000000100111,10000001100000011110100111110000111011101010,46.0
47,11000000111010100110100111110000011100101000,50.71538703808474,-3.0376203149843946,0.51832,10000000111010100010100111110000011100101000,10000000111100110010000111110000001101100010,46.0
47,10000000111100110010000111110000001101100000,0.7419826369244191,-3.083778162903343,0.9891963,10000000111010100010100111110000011100101000,10000000111100110010000111110000001101100010,46.0
47,10000000111010101010100111110000010110011110,0.7161380567879831,-3.056407703496859,0.9902836,10000000010000110010100111110000000000101000,10000000111010101010100111110000010110011110,46.0
47,10000000010000110010100111110000000000101000,0.2049685013219147,-3.123069554107076,0.9902099,10000000010000110010100111110000000000101000,10000000111010101010100111110000010110011110,46.0
47,10000000010010100010000111110000010000110111,0.22623544364820702,-3.0735261615577087,0.9871367,10000000010010100010000111110000010000111000,10000000111100010110000111110000011000010111,46.0
47,10000000111100010110000111110000011000011000,0.7366420594792515,-3.0505902887798015,0.990284,10000000010010100010000111110000010000111000,10000000111100010110000111110000011000010111,46.0
47,10000000111010011110100111110000000000100111,0.7138492378829113,-3.123117237834265,0.9861227,10000000111010011110100111110000010110011111,11000000101010111110100111110000000000100111,46.0
47,11000000101010111110100111110000010111011111,50.52465212932876,-3.0533082612295743,0.5300713,10000000111010011110100111110000010110011111,11000000101010111110100111110000000000100111,46.0
47,10000000101000010110100111110000000110011111,0.4925967437259544,-3.1051881564112023,0.990254,10000000101000010110100111110000000100101000,10000000111010101010100111110000010110011111,46.0
47,10000000111010101010100111110000010100101000,0.7161380567879831,-3.0620343833051606,0.9902466,10000000101000010110100111110000000100101000,10000000111010101010100111110000010110011111,46.0
47,10000000010011110000100111110000001110011101,0.24120813398555185,-3.080869455544814,0.9880057,10000000010011110000100111110000001101001100,10000000010010101010000111110000001110011101,46.0
47,10000000010010101010000111110000001101001100,0.2277613229182549,-3.084731837447123,0.9882655,10000000010011110000100111110000001101001100,10000000010010101010000111110000001110011101,46.0
47,10000000111100111010100111110000000100000111,0.743603883648845,-3.1124360829439297,0.9865725,10000000111100111010100111110000000100000111,10000001100000110010100111110000000110011110,46.0
47,10000001100000110010100111110000000110011110,1.1815312341526152,-3.1052358401383913,0.9574987,10000000111100111010100111110000000100000111,10000001100000110010100111110000000110011110,46.0
47,10000000010011110000100111110000010000111000,0.24120813398555185,-3.0734784778305198,0.9872563,10000000010011110000100111110000010000111000,10000000111010100110100111100001000000100111,46.0
47,10000000111010100110100111100001000000100111,0.7153751171529592,-6.052805436326366,0.9322656,10000000010011110000100111110000010000111000,10000000111010100110100111100001000000100111,46.0
47,10000000111100110010100111110000011110011111,0.7420780043787971,-3.031945951448904,0.9899988,10000000111100110010000110110000001101100110,10000001110000101010100111110000011110011111,46.0
47,10000001110000101010000110111000001101100110,1.3752225339943323,-14.020994668244043,0.153559,10000000111100110010000110110000001101100110,10000001110000101010100111110000011110011111,46.0
47,10000000101010100010000111110000000100101111,0.5192042634974143,-3.11052873385637,0.990061,10000000101010100010000111110000000100101111,10000000111100110010000110110000001101100110,46.0
47,10000000111000110010000110110000001101100110,0.6931545002828869,-15.583495040773158,0.8157811,10000000101010100010000111110000000100101111,10000000111100110010000110110000001101100110,46.0
47,10000000100101111010000111100001000000100111,0.46274673050564274,-6.052805436326366,0.9236325,10000000111010100010000111110000000000101100,10000000100101111010000111100001000000100111,46.0
47,10000000111010100010000111110000000000101100,0.7145168100635573,-3.12287881919832,0.9861334,10000000111010100010000111110000000000101100,10000000100101111010000111100001000000100111,46.0
47,10000000101000010110100111110100000100101000,0.4925967437259544,-2.3296123336821353,0.5246377,10000000101000010110100111110000000100101000,10000000111100010110000111110000011000010111,46.0
47,10000000111100010110000111110000011000010111,0.7366420594792515,-3.0506379725069905,0.9902841,10000000101000010110100111110000000100101000,10000000111100010110000111110000011000010111,46.0
47,10000001000000011110100111110000000000101000,0.7870914428452096,-3.123069554107076,0.9836647,10000000110000010010000111110000000000101100,10000001000000011110100111110000000000101000,46.0
47,10000000110000010010000111110000000000100100,0.5893947099196168,-3.123260289015832,0.9887227,10000000110000010010000111110000000000101100,10000001000000011110100111110000000000101000,46.0
47,10000000011000111010100111110000010110011111,0.30415065387502693,-3.05636001976967,0.9858783,10000000011000111010100111110000010110011111,10000001100000011110100111010000111011101111,46.0
47,10000001100000011110100111010000111011101111,1.1777165359774955,-9.192683504267578,0.9033076,10000000011000111010100111110000010110011111,10000001100000011110100111010000111011101111,46.0
47,10000000010010101010100111010000000000101000,0.2278566903726329,-9.37307104422355,0.9204394,10000000010010101010110111110000111011101010,10000000101100110010100111010000000000101000,46.0
47,00000000101110110010110111110000111011101010,-99.42879663200299,-2.942920432787048,0.4978109,10000000010010101010110111110000111011101010,10000000101100110010100111010000000000101000,46.0
47,10000000101010011110100111110000000000101000,0.5185366913167684,-3.123069554107076,0.9895508,10000000101010100010000111110000000100101111,10000000010000011110100111110000000000101000,46.0
47,10000000010000100010000111110000000100101111,0.20182137532744093,-3.11052873385637,0.9898339,10000000101010100010000111110000000100101111,10000000010000011110100111110000000000101000,46.0
47,10000000101000111010100111110000010000100111,0.4994632004411699,-3.0742891011927327,0.989724,10000000101000111010100111110000010110011111,10000000100101111010000111100001000000100111,46.0
47,10000000100101111010000111100001000110011111,0.46274673050564274,-6.034876354903304,0.9166744,10000000101000111010100111110000010110011111,10000000100101111010000111100001000000100111,46.0
47,10000001111000111010100111110000010100101010,1.4760259332718704,-3.0619390158507827,0.9252418,10000001111000111010100111110000010100110101,10000001100000011110100111110000111011101010,46.0
47,10000001100000011110100111110000111011110101,1.1777165359774955,-2.942395911787969,0.9893502,10000001111000111010100111110000010100110101,10000001100000011110100111110000111011101010,46.0
47,10000000110000010010100111110001000000101000,0.5894900773739948,-2.927757007540947,0.9677611,10000000110000010010000111110000000000101100,10000000010000110010100111110000000000101000,46.0
47,10000000010000110010000111110000000000101100,0.2048731338675367,-3.12287881919832,0.9902065,10000000110000010010000111110000000000101100,10000000010000110010100111110000000000101000,46.0
47,10000001100000011110100111010000111011101111,1.1777165359774955,-9.192683504267578,0.9033076,10000001100000011110100111010000111011101111,10000000000010100010100111100000000000001100,46.0
47,10000000000010100010100111100000000000001100,0.031018264536442075,-6.249405443526612,0.9620667,10000001100000011110100111010000111011101111,10000000000010100010100111100000000000001100,46.0
47,10000001111010100110100111110000010110001110,1.4966253034175168,-3.057170643131883,0.9229277,10000000111010100110100111110000010110001110,10000000111010100110100111100001000000100111,46.0
47,10000000111010100110100111100001000000100111,0.7153751171529592,-6.052805436326366,0.9322656,10000000111010100110100111110000010110001110,10000000111010100110100111100001000000100111,46.0
47,10000000010010101010000111110000001101100010,0.2277613229182549,-3.083682795448965,0.9881713,10000000010010101010000111110000001110011101,10000000111100110010000111110000001101100010,46.0
47,10000000111100110010000111110000001110011101,0.7419826369244191,-3.080869455544814,0.9893731,10000000010010101010000111110000001110011101,10000000111100110010000111110000001101100010,46.0
47,10000001000000011010000111110000000000101111,0.7862331357558077,-3.122735768016753,0.9837501,10000001000000011010000111110000000000101110,10000000000000111110000101110000001101101111,46.0
47,10000000000000111110000101110000001101101110,0.011849406206465574,-28.083116551188596,0.6449939,10000001000000011010000111110000000000101110,10000000000000111110000101110000001101101111,46.0
48,10000000101001110010100111110000010000100111,0.510144355331505,-3.0742891011927327,0.9898022,10000000101000111010100111110000010000100111,10000001100000011110100111010000111011101111,47.0
48,10000001100000011110100111010000111011101111,1.1777165359774955,-9.192683504267578,0.9033076,10000000101000111010100111110000010000100111,10000001100000011110100111010000111011101111,47.0
48,10000000111100110000100111110000010000111000,0.7416965345612851,-3.0734784778305198,0.989755,10000000111100110010000111110000001101100000,10000000010011110000100111110000010000111000,47.0
48,10000000010011110010000111110000001101100000,0.24149423634868583,-3.083778162903343,0.9882736,10000000111100110010000111110000001101100000,10000000010011110000100111110000010000111000,47.0
48,10000000010011110000100111110000010110011110,0.24120813398555185,-3.056407703496859,0.9851203,10000000010011110000100111110000010000111000,10000000100010101010100111110000010110011110,47.0
48,10000000100010101010100111110000010000111000,0.42316923693877584,-3.0734784778305198,0.9890114,10000000010011110000100111110000010000111000,10000000100010101010100111110000010110011110,47.0
48,10000000111010100010000111110000010110011111,0.7145168100635573,-3.05636001976967,0.990284,10000000111010100010000111110000000000101111,10000000111010101010100111110000010110011111,47.0
48,10000100111010101010100111110000000000101111,3.8411388018462134,-3.122735768016753,0.0765657,10000000111010100010000111110000000000101111,10000000111010101010100111110000010110011111,47.0
48,10000000100010101010100101110000001101100010,0.42316923693877584,-28.083688755914864,0.6453938,10000000100010101010100111110000010110011110,10000000010010101010000111110000001101100010,47.0
48,10000000010010101010000111110000010110011110,0.2277613229182549,-3.056407703496859,0.9849731,10000000100010101010100111110000010110011110,10000000010010101010000111110000001101100010,47.0
48,10001000111010100110100111110000010110001110,6.965376607269434,-3.057170643131883,0.1067145,10000001100000011110100111010000111011101111,10000000111010100110100111110000010110001110,47.0
48,10000001100000011110100111010000111011101111,1.1777165359774955,-9.192683504267578,0.9033076,10000001100000011110100111010000111011101111,10000000111010100110100111110000010110001110,47.0
48,10000001100000011110100111110000110000101000,1.1777165359774955,-2.9765851441824793,0.9864421,10000001100000011110100111110000111011110101,10000000101000111010100111110000000000101000,47.0
48,10000000101000111010100111110000101011110101,0.4994632004411699,-2.991224048429501,0.9793185,10000001100000011110100111110000111011110101,10000000101000111010100111110000000000101000,47.0
48,10000000111000011110100111110000010011101110,0.6894351695621452,-3.0648000394821224,0.9902758,10000000111100110010100111110000011110011111,10000000111000011110100111110000010011101110,47.0
48,10000000111100110010100111110000011110011111,0.7420780043787971,-3.031945951448904,0.9899988,10000000111100110010100111110000011110011111,10000000111000011110100111110000010011101110,47.0
48,10000000111110100010000111110000010000110111,0.7633449467050895,-3.0735261615577087,0.9894919,10000000111100110010000111110000000110011110,10000000010010100010000111110000010000110111,47.0
48,10000000010000110010000111110000000110011110,0.2048731338675367,-3.1052358401383913,0.9895949,10000000111100110010000111110000000110011110,10000000010010100010000111110000010000110111,47.0
48,10000001111000111010100111110000010000111000,1.4760259332718704,-3.0734784778305198,0.9200854,10000001111000111010100111110000010100101111,10000000010011110000100111110000010000111000,47.0
48,10000000010011110000100111110000010000101111,0.24120813398555185,-3.0739076313752207,0.9873027,10000001111000111010100111110000010100101111,10000000010011110000100111110000010000111000,47.0
48,10000000111010011110100111110000000000100101,0.7138492378829113,-3.123212605288643,0.9861108,10000000111010011110100111110000000000100111,10000000111100110000000111110000001101101100,47.0
48,10000000111100110000000110110000001101101111,0.7416011671069072,-15.583065887228457,0.8160023,10000000111010011110100111110000000000100111,10000000111100110000000111110000001101101100,47.0
48,10000000111010100010000110110000011010010111,0.7145168100635573,-15.544537435659748,0.8101539,10000000111010100010000110110000011010010111,10000000111010100010000110110000011010010111,47.0
48,10000000111010100010000110110000011010010111,0.7145168100635573,-15.544537435659748,0.8101539,10000000111010100010000110110000011010010111,10000000111010100010000110110000011010010111,47.0
48,10000000101000111010100111110000010011101110,0.4994632004411699,-3.0648000394821224,0.9891988,10000000101000111010100111110000010110011111,10000000111000011110100111110000010011101110,47.0
48,10000000111000011110100111110000010110011111,0.6894351695621452,-3.05636001976967,0.9902562,10000000101000111010100111110000010110011111,10000000111000011110100111110000010011101110,47.0
48,10000001000000011010000111110000000001101110,0.7862331357558077,-3.119731693203846,0.9842066,10000001000000011010000111110000000000101110,10000000011000111010100111110000011100011111,47.0
48,10000000011001111010100111110001001100011111,0.31635768803541,-2.891565058604499,0.9393223,10000001000000011010000111110000000000101110,10000000011000111010100111110000011100011111,47.0
48,10000000111010011110100111110000000000101111,0.7138492378829113,-3.122735768016753,0.98617,10000000111010011110100111110000000000100111,10000000111010100010000111110000000000101111,47.0
48,00000000111010100010000111110000000000100111,-99.28550703180004,-3.123117237834265,0.496899,10000000111010011110100111110000000000100111,10000000111010100010000111110000000000101111,47.0
48,10000010110000010010000111110000001110011101,2.151895082448746,-3.080869455544814,0.6612253,10000000110000010010000111110000000000100100,10000000111100110010000111110000001110011101,47.0
48,10000000111100110010000111110000000000100100,0.7419826369244191,-3.123260289015832,0.9852495,10000000110000010010000111110000000000100100,10000000111100110010000111110000001110011101,47.0
48,10000000111010101010100111110000010110011010,0.7161380567879831,-3.056598438405615,0.9902833,10000000111010101010100111110000010110011111,10000000111010101010100111110000010110011110,47.0
48,10000000111010101010100111110000010110011111,0.7161380567879831,-3.05636001976967,0.9902837,10000000111010101010100111110000010110011111,10000000111010101010100111110000010110011110,47.0
48,10000000101010011110000110110000010110011111,0.5184413238623904,-15.55636300000262,0.8108411,10000000101010011110100111110000000000101000,10000000111010011110000110110000010110011111,47.0
48,10000000111010011110100111110000000000101000,0.7138492378829113,-3.123069554107076,0.9861286,10000000101010011110100111110000000000101000,10000000111010011110000110110000010110011111,47.0
48,10000000010100101011000111100000010000111000,0.252366126147777,-6.198479222888764,0.9577695,10000000010000101011000111100000010000111000,10000000110000010010000111110000000000100100,47.0
48,10000000110000010010000111110000000000100100,0.5893947099196168,-3.123260289015832,0.9887227,10000000010000101011000111100000010000111000,10000000110000010010000111110000000000100100,47.0
48,10000001000000011110100111110000000100000111,0.7870914428452096,-3.1124360829439297,0.9852172,10000001000000011110100111110000000000101000,10000000111100111010100111110000000100000111,47.0
48,10000000111100111010100111110000000000101000,0.743603883648845,-3.123069554107076,0.9852229,10000001000000011110100111110000000000101000,10000000111100111010100111110000000100000111,47.0
48,10000001011000101010100111110000011110011111,1.0823490815994887,-3.031945951448904,0.9838848,10000001111000101010100111110000011110011111,10000000010010110000000111110000010100100111,47.0
48,10000000010010110000000111110000010100110111,0.22890573237079082,-3.0613191273973257,0.9856669,10000001111000101010100111110000011110011111,10000000010010110000000111110000010100100111,47.0
48,10000000101010100010000111110000000100101111,0.5192042634974143,-3.11052873385637,0.990061,10000000101010100010000111110000000100101111,10000001111000111010100111110000010100101111,47.0
48,10000001111000111010100111110000010100101111,1.4760259332718704,-3.0617005972148377,0.9253464,10000000101010100010000111110000000100101111,10000001111000111010100111110000010100101111,47.0
48,10000001000000011010000111110000000000101110,0.7862331357558077,-3.122783451743942,0.9837427,10000001000000011010000111110000000000101110,10000000101000111010100111110000000000101000,47.0
48,10000000101000111010100111110000000000101000,0.4994632004411699,-3.123069554107076,0.9897061,10000001000000011010000111110000000000101110,10000000101000111010100111110000000000101000,47.0
48,10000000010010101010000111110000001101100111,0.2277613229182549,-3.08344437681302,0.9881496,10000000010010101010000111110000001101100010,10000000111010100110100111100001000000100111,47.0
48,10000000111010100110100111100001000000100010,0.7153751171529592,-6.053043854962311,0.9323441,10000000010010101010000111110000001101100010,10000000111010100110100111100001000000100111,47.0
48,10000001100000011010000111110000001110111111,1.1768582288880935,-3.0792482088203883,0.9660186,10000001100000011110100111110000111011101100,10000000100010101010000111110000001110111111,47.0
48,10001000100010101110100111110000111011101100,6.673933666690274,-2.94282506533267,0.3036421,10000001100000011110100111110000111011101100,10000000100010101010000111110000001110111111,47.0
48,10000000111010100010000111110000000000101111,0.7145168100635573,-3.122735768016753,0.9861511,10000000111000011110100111110000010011101110,10000000111010100010000111110000000000101111,47.0
48,10000000111000011110100111110000010011101110,0.6894351695621452,-3.0648000394821224,0.9902758,10000000111000011110100111110000010011101110,10000000111010100010000111110000000000101111,47.0
48,10000101100000011110100111110000111011101100,4.302717281035726,-2.94282506533267,0.2443051,10000001100000011110100111110000111011101100,10000000101100110010100111010000010110011111,47.0
48,10000000101100110010100111010000010110011111,0.5467654578126542,-9.306361509886145,0.9143988,10000001100000011110100111110000111011101100,10000000101100110010100111010000010110011111,47.0
48,10000000111010100010000111110001000000110100,0.7145168100635573,-2.927184802814679,0.9749248,10000000111010100010000111110001000000110101,10000001100000011110100111010000111011101111,47.0
48,10000001100000011110100111010000111011101111,1.1777165359774955,-9.192683504267578,0.9033076,10000000111010100010000111110001000000110101,10000001100000011110100111010000111011101111,47.0
48,10000001000000011010000111110000000000010111,0.7862331357558077,-3.123880177469289,0.9835719,10000001000000011010000111110000000000101110,10000000101100111010000111110000011000010111,47.0
48,10000000101100111010000111110000011000101110,0.5481959696283241,-3.0495412467816436,0.988709,10000001000000011010000111110000000000101110,10000000101100111010000111110000011000010111,47.0
48,10000000010011110000100111110000010000111000,0.24120813398555185,-3.0734784778305198,0.9872563,10000000111000011110100111110000010011101110,11000000010011110000100111110000010000111000,47.0
48,11000000111000011110100111110010010011101110,50.68944709049393,-2.6741749463498508,0.5214824,10000000111000011110100111110000010011101110,11000000010011110000100111110000010000111000,47.0
48,10000000100010101010100111110000010110011100,0.42316923693877584,-3.056503070951237,0.9875462,10000000101010011110100111110000000000101000,10000000100010101010100111110000010110011110,47.0
48,10000000101010011110100111110000000000101000,0.5185366913167684,-3.123069554107076,0.9895508,10000000101010011110100111110000000000101000,10000000100010101010100111110000010110011110,47.0
48,10000000101000111010100111110001000000101000,0.4994632004411699,-2.927757007540947,0.9626637,10000000101000111010100111110000010000100111,10000000110000010010100111110001000000101000,47.0
48,10000000110000010010100111110000010000100111,0.5894900773739948,-3.0742891011927327,0.9902183,10000000101000111010100111110000010000100111,10000000110000010010100111110001000000101000,47.0
48,10000000101000111010100111110000001101100000,0.4994632004411699,-3.083778162903343,0.9900771,10000000101000111010100111110000010110011111,10000000111100110010000111110000001101100000,47.0
48,10000000111100110010000111110000010110011111,0.7419826369244191,-3.05636001976967,0.9902407,10000000101000111010100111110000010110011111,10000000111100110010000111110000001101100000,47.0
48,10000000101100110010100111010000010110011111,0.5467654578126542,-9.306361509886145,0.9143988,10000000101100110010100111010000010110011111,10000000111100110010000111110000001110011101,47.0
48,10000000111100110010000111100000001110001101,0.7419826369244191,-6.2066331402380825,0.962134,10000000101100110010100111010000010110011111,10000000111100110010000111110000001110011101,47.0
48,11000000000011100010100111110000001101100010,50.04323721962862,-3.083682795448965,0.5391896,10000000000010100010100111100000000000001100,10000000100000110010100111110000001101100010,47.0
48,10000000100000110010100111100000000000001100,0.40028104788805763,-6.249405443526612,0.9625692,10000000000010100010100111100000000000001100,10000000100000110010100111110000001101100010,47.0
48,10000000111100010110000111110000011110011111,0.7366420594792515,-3.031945951448904,0.9899541,10000000111100010110000111110000011000010111,10000000111010100110100111110000011110011111,47.0
48,10000000111010100110100111110000011000010111,0.7153751171529592,-3.0506379725069905,0.9902586,10000000111100010110000111110000011000010111,10000000111010100110100111110000011110011111,47.0
48,10000000111010100110100111100101000000100101,0.7153751171529592,-5.271650617516187,0.3353572,10000000111010100110100111100001000000100111,10000000010011110000100111110000001110011101,47.0
48,10000000010011110000100111110000001110011111,0.24120813398555185,-3.080774088090436,0.9879968,10000000111010100110100111100001000000100111,10000000010011110000100111110000001110011101,47.0
48,10001000010000100010100111110000001101001100,6.451918232898294,-3.084731837447123,0.4253699,10000000010000100010000111110000000100101111,10000000010011110000100111110000001101001100,47.0
48,10000000010011110000000111110000000100101111,0.24111276653117386,-3.11052873385637,0.9899436,10000000010000100010000111110000000100101111,10000000010011110000100111110000001101001100,47.0
48,10000000011000011110100111010000111011101111,0.29881007642985935,-9.192683504267578,0.8818988,10000000011000111010100111110000011100011111,10000001100000011110100111010000111011101111,47.0
48,10000001100000111010100111110000011100011111,1.183057113422663,-3.0380494685290955,0.9758125,10000000011000111010100111110000011100011111,10000001100000011110100111010000111011101111,47.0
48,10000000111000010110000111110000011000010111,0.6878139228377194,-3.0506379725069905,0.9901594,10000000111000011110100111110000010011101110,10000000111100010110000111110000011000010111,47.0
48,10000000111100011110100111110100010011101110,0.7382633062036774,-2.283549853217565,0.5431745,10000000111000011110100111110000010011101110,10000000111100010110000111110000011000010111,47.0
48,10000001000000011010000011110000000000101111,0.7862331357558077,-53.12274768894856,0.5290446,10000001000000011010000111110000000000101111,10000000111100110010000111110000001110011101,47.0
48,10000000111100110010000111110000001110011101,0.7419826369244191,-3.080869455544814,0.9893731,10000001000000011010000111110000000000101111,10000000111100110010000111110000001110011101,47.0
48,10000000011000111010100111110000010110011111,0.30415065387502693,-3.05636001976967,0.9858783,10000000011000111010100111110000010110011111,10000000111100110000000111110000001101101100,47.0
48,10000000111100110000000111110000001101101100,0.7416011671069072,-3.083205958177075,0.989238,10000000011000111010100111110000010110011111,10000000111100110000000111110000001101101100,47.0
48,10000000100010101010100111110000010110011110,0.42316923693877584,-3.056407703496859,0.9875364,10000000100010101010100111110000010110011110,10000001000000011010000111110000000000101111,47.0
48,10000001000000011010000111110000000000101111,0.7862331357558077,-3.122735768016753,0.9837501,10000000100010101010100111110000010110011110,10000001000000011010000111110000000000101111,47.0
48,10000000101000111010100111110000000000101000,0.4994632004411699,-3.123069554107076,0.9897061,10000000101000111010100111110000000000101000,10000001111000111010100111110000010100101010,47.0
48,10000001111000111010100111110000010100101010,1.4760259332718704,-3.0619390158507827,0.9252418,10000000101000111010100111110000000000101000,10000001111000111010100111110000010100101010,47.0
48,10000000111100110010000011110000000000101110,0.7419826369244191,-53.122795372675746,0.5290242,10000000111100110010000011110000010100111111,10000001000000011010000111110000000000101110,47.0
48,10000001000000011010000111110000010100111111,0.7862331357558077,-3.0609376575798137,0.9898171,10000000111100110010000011110000010100111111,10000001000000011010000111110000000000101110,47.0
48,10000000111010011110000111110000010001110111,0.7137538704285333,-3.070474403017613,0.9900957,10000000111010011110100111110000000000100111,10000000010010100010000111110000010000110111,47.0
48,10000000010010100010100111110000000000100111,0.22633081110258502,-3.123117237834265,0.9902335,10000000111010011110100111110000000000100111,10000000010010100010000111110000010000110111,47.0
48,10000000101100110010101111110000000000101100,0.5467654578126542,96.87714502266527,0.5024208,10000000101100110010100111010000010110011111,10000000110000010010000111110000000000100100,47.0
48,10000000110000010010000111010000010110011111,0.5893947099196168,-9.306361509886145,0.9148032,10000000101100110010100111010000010110011111,10000000110000010010000111110000000000100100,47.0
48,10000001100000011110000110110000010110011111,1.1776211685231175,-15.55636300000262,0.816023,10000001100000011110100111010000111011101111,10000000111010011110000110110000010110011111,47.0
48,10000000111010011110100111010000111011101111,0.7138492378829113,-9.192683504267578,0.8897121,10000001100000011110100111010000111011101111,10000000111010011110000110110000010110011111,47.0
48,10000000111010101010000111010000111011101111,0.7160426893336052,-9.192683504267578,0.8897672,10000000111010101010000101110000001110111111,10000001100000011110100111010000111011101111,47.0
48,10000001100000011110100101110000001110111111,1.1777165359774955,-28.079254169286287,0.6471037,10000000111010101010000101110000001110111111,10000001100000011110100111010000111011101111,47.0
48,10000000100101111010000111100001000110011111,0.46274673050564274,-6.034876354903304,0.9166744,10000000100101111010000111100001000110011111,10000000000010100010100111100000000000001100,47.0
48,10000000000010100010100111100000000000001100,0.031018264536442075,-6.249405443526612,0.9620667,10000000100101111010000111100001000110011111,10000000000010100010100111100000000000001100,47.0
49,10000000100000110010100111100000000000001100,0.40028104788805763,-6.249405443526612,0.9625692,10000000100000110010100111100000000000001100,10000000000010100010100111100000000000001100,48.0
49,10000000000010100010100111100000000000001100,0.031018264536442075,-6.249405443526612,0.9620667,10000000100000110010100111100000000000001100,10000000000010100010100111100000000000001100,48.0
49,10000000010011110010100111110000000000101000,0.24158960380306382,-3.123069554107076,0.9902477,10000000010011110000100111110000001110011111,10000000101000111010100111110000000000101000,48.0
49,10000000101000111000110111110000001110011111,0.4991294143508469,-3.080774088090436,0.9899821,10000000010011110000100111110000001110011111,10000000101000111010100111110000000000101000,48.0
49,10000000010010100010100111110000000000100111,0.22633081110258502,-3.123117237834265,0.9902335,10000000010010100010100111110000000000100111,10000000011000111010100111110000010110011111,48.0
49,10000000011000111010100111110000110110011111,0.30415065387502693,-2.9587037464866057,0.9640256,10000000010010100010100111110000000000100111,10000000011000111010100111110000010110011111,48.0
49,10000000111100110010000111100000001110001101,0.7419826369244191,-6.2066331402380825,0.962134,10000000111100110010000111100000001110001101,10000000101010011110100111110000000000101000,48.0
49,10000000101010011110100111110000000000101000,0.5185366913167684,-3.123069554107076,0.9895508,10000000111100110010000111100000001110001101,10000000101010011110100111110000000000101000,48.0
49,10000000101000111010100111110000010011101110,0.4994632004411699,-3.0648000394821224,0.9891988,10000000101000111010100111110000010011101110,10000000101000111010100111110000000000101000,48.0
49,10000000101000111010100111110000000000101000,0.4994632004411699,-3.123069554107076,0.9897061,10000000101000111010100111110000010011101110,10000000101000111010100111110000000000101000,48.0
49,10000000100010101010100111110000010110101111,0.42316923693877584,-3.055597080134646,0.9874525,10000000100010101010100111110000010110011100,10000001100000011110100111010000111011101111,48.0
49,10000001100000011110100111010000111011011100,1.1777165359774955,-9.193589495084169,0.9035299,10000000100010101010100111110000010110011100,10000001100000011110100111010000111011101111,48.0
49,10000001111000111010100111110000011110011111,1.4760259332718704,-3.031945951448904,0.937769,10000001111000111010100111110000010100101010,10000000111100010110000111110000011110011111,48.0
49,10000000111100010110000111110000010100101010,0.7366420594792515,-3.0619390158507827,0.9901692,10000001111000111010100111110000010100101010,10000000111100010110000111110000011110011111,48.0
49,10000000111010100110100111110000011000010111,0.7153751171529592,-3.0506379725069905,0.9902586,10000000111010100110100111110000011000010111,10000001000000011010000111110000000000101110,48.0
49,10000001000000011010000111110000000000101110,0.7862331357558077,-3.122783451743942,0.9837427,10000000111010100110100111110000011000010111,10000001000000011010000111110000000000101110,48.0
49,10000000100010101011100111110000010110011100,0.4233599718475318,-3.056503070951237,0.9875489,10000000100010101010100111110000010110011100,10000000101100111010000111110000011000101110,48.0
49,10000000101100111010000111110000011000101110,0.5481959696283241,-3.0495412467816436,0.988709,10000000100010101010100111110000010110011100,10000000101100111010000111110000011000101110,48.0
49,10000000111110100010000111110000010000110111,0.7633449467050895,-3.0735261615577087,0.9894919,10000000111110100010000111110000010000110111,10000000010010110000000111110000010100110111,48.0
49,10000000010010110000000111110000010100110111,0.22890573237079082,-3.0613191273973257,0.9856669,10000000111110100010000111110000010000110111,10000000010010110000000111110000010100110111,48.0
49,10000000010011110010000111110000001101100000,0.24149423634868583,-3.083778162903343,0.9882736,10000000111100110010000111110000001110011101,10000000010011110010000111110000001101100000,48.0
49,10000000111100110010000111110000001110011101,0.7419826369244191,-3.080869455544814,0.9893731,10000000111100110010000111110000001110011101,10000000010011110010000111110000001101100000,48.0
49,10000000111010100010000111110000010100101111,0.7145168100635573,-3.0617005972148377,0.9902546,10000000111010100010000111110000000000101111,10000001111000111010100111110000010100101111,48.0
49,10000001111000111010100111110000000000101111,1.4760259332718704,-3.122735768016753,0.8960288,10000000111010100010000111110000000000101111,10000001111000111010100111110000010100101111,48.0
49,00000000111010100110100111100001000010111111,-99.28464872471064,-6.045557509793639,0.4977833,10000000111010100110100111100001000000100010,10000001100000011010000111110000001110111111,48.0
49,10000001100000011010000111110000001100100010,1.1768582288880935,-3.0867345539890607,0.9638442,10000000111010100110100111100001000000100010,10000001100000011010000111110000001110111111,48.0
49,10000000010011111010000111110000001101100000,0.2430201156187337,-3.083778162903343,0.9882842,10000000010011110010000111110000001101100000,10000000101000111010100111110000000000101000,48.0
49,10000000101000111010100111110000000000101000,0.4994632004411699,-3.123069554107076,0.9897061,10000000010011110010000111110000001101100000,10000000101000111010100111110000000000101000,48.0
49,10000000101000111010100111110100001000010111,0.4994632004411699,-2.318215922883965,0.5150441,10000000101000111010100111110000000000101000,10000000111010100110100111110000011000010111,48.0
49,10100000111010100110100111110000010000101000,25.715381077618858,-3.0742414174655437,0.5070376,10000000101000111010100111110000000000101000,10000000111010100110100111110000011000010111,48.0
49,10000000111010011110100111110000000000101111,0.7138492378829113,-3.122735768016753,0.98617,10000000111010011110100111110000000000100101,10000000111010100010000111110000000000101111,48.0
49,10000000111010100010000111110000000000100101,0.7145168100635573,-3.123212605288643,0.9860918,10000000111010011110100111110000000000100101,10000000111010100010000111110000000000101111,48.0
49,10000001000001011010000111110000010000110111,0.7984401699161907,-3.0735261615577087,0.9889372,10000001000000011010000111110000000000010111,10000000111110100010000111110000010000110111,48.0
49,10000000111110100010000111110000000000010111,0.7633449467050895,-3.123880177469289,0.9844333,10000001000000011010000111110000000000010111,10000000111110100010000111110000010000110111,48.0
49,10000000111100110010001111110000000000100100,0.7419826369244191,96.87676355284776,0.5024279,10000000111100110010000111110000010110011111,10000000110000010010000111110000000000100100,48.0
49,10000000110000010010000111110000010110011111,0.5893947099196168,-3.05636001976967,0.98963,10000000111100110010000111110000010110011111,10000000110000010010000111110000000000100100,48.0
49,10000001000000011010100111110000000000100111,0.7863285032101857,-3.123117237834265,0.9836872,10000001000000011010000111110000000000101111,10000000010010100010100111110000000000100111,48.0
49,10000000010010100010000111110000000000101111,0.22623544364820702,-3.122735768016753,0.9902279,10000001000000011010000111110000000000101111,10000000010010100010100111110000000000100111,48.0
49,10000000010000111010100111110000101011110101,0.20649438059196257,-2.991224048429501,0.9711108,10000000010010100010100111110000000000100111,10000000101000111010100111110000101011110101,48.0
49,10000000101010100010100111110000000000100111,0.5192996309517923,-3.123117237834265,0.9895415,10000000010010100010100111110000000000100111,10000000101000111010100111110000101011110101,48.0
49,10000000111100110000000111110000010100111111,0.7416011671069072,-3.0609376575798137,0.9901651,10000000111100110010000111110000010110011111,10000001000000011010000111110000010100111111,48.0
49,10000001000000011010000111110000010110011111,0.7862331357558077,-3.05636001976967,0.9899876,10000000111100110010000111110000010110011111,10000001000000011010000111110000010100111111,48.0
49,10000000111100110000000111110000001101101100,0.7416011671069072,-3.083205958177075,0.989238,10000000111100110000000111110000001101101100,10000000111010011110100111110000000000100101,48.0
49,10000000111010011110100111111000000000100101,0.7138492378829113,-1.5607122327595278,0.023808,10000000111100110000000111110000001101101100,10000000111010011110100111110000000000100101,48.0
49,10000001100000011110100101110000001110111111,1.1777165359774955,-28.079254169286287,0.6471037,10000001100000011110100101110000001110111111,10000000111010100010000110110000011010010111,48.0
49,10000000111010100110000110110000011010010111,0.7152797496985812,-15.544537435659748,0.8101599,10000001100000011110100101110000001110111111,10000000111010100010000110110000011010010111,48.0
49,10000001011000101010100111110000010100110111,1.0823490815994887,-3.0613191273973257,0.9787768,10000001011000101010100111110000011110011111,10000000010010110000000111110000010100110111,48.0
49,10000000010010110000000111110000011110011111,0.22890573237079082,-3.031945951448904,0.980897,10000001011000101010100111110000011110011111,10000000010010110000000111110000010100110111,48.0
49,10000000111100100010000111110000010110011111,0.7389308783843234,-3.05636001976967,0.9902496,10000000111100110010000111110000001110011101,10000000111100110010000111110000010110011111,48.0
49,10000000111100110010000111110000001010011101,0.7419826369244191,-3.093076489705197,0.988526,10000000111100110010000111110000001110011101,10000000111100110010000111110000010110011111,48.0
49,10000000111010011110100111110000000000101000,0.7138492378829113,-3.123069554107076,0.9861286,10000000111010011110100111110000000000101111,10000000111010011110100111110000000000101000,48.0
49,10000000111010011110100111110000000000101111,0.7138492378829113,-3.122735768016753,0.98617,10000000111010011110100111110000000000101111,10000000111010011110100111110000000000101000,48.0
49,10000000111100110010100111110000011110010111,0.7420780043787971,-3.032327421266416,0.9900111,10000000111100110010100111110000011110011111,10000000100010101010100111110000010110011110,48.0
49,10000000100010101010100111110000010110011110,0.42316923693877584,-3.056407703496859,0.9875364,10000000111100110010100111110000011110011111,10000000100010101010100111110000010110011110,48.0
49,10000000111000011110100111110000010000111000,0.6894351695621452,-3.0734784778305198,0.9901572,10000000111000011110100111110000010110011111,10000000010011110000100111110000010000111000,48.0
49,10000000010011110000100111110000010110011111,0.24120813398555185,-3.05636001976967,0.9851135,10000000111000011110100111110000010110011111,10000000010011110000100111110000010000111000,48.0
49,10000000010000010010000111110000000000100100,0.19876961678734517,-3.123260289015832,0.9902062,10000000110000010010000111110000000000100100,10000000111100010110000111110000011000010111,48.0
49,10000000111100010110000111110000011000010111,0.7366420594792515,-3.0506379725069905,0.9902841,10000000110000010010000111110000000000100100,10000000111100010110000111110000011000010111,48.0
49,10000000010011110000100111110000001110011101,0.24120813398555185,-3.080869455544814,0.9880057,10000000010011110000100111110000010000101111,10000000111100110010000111110000001110011101,48.0
49,10000000111100110010000111110000010000101111,0.7419826369244191,-3.0739076313752207,0.9897327,10000000010011110000100111110000010000101111,10000000111100110010000111110000001110011101,48.0
49,10000000111100110000100111110000010000111000,0.7416965345612851,-3.0734784778305198,0.989755,10000000101000111010100111110000010011101110,10000000111100110000100111110000010000111000,48.0
49,10000000101000111010100111110000010011101110,0.4994632004411699,-3.0648000394821224,0.9891988,10000000101000111010100111110000010011101110,10000000111100110000100111110000010000111000,48.0
49,10000000111100110010100111110000010100110111,0.7420780043787971,-3.0613191273973257,0.9901545,10000000111100110010100111110000011110011111,10000000010010110000000111110000010100110111,48.0
49,10000000010010110000000111110000011110011111,0.22890573237079082,-3.031945951448904,0.980897,10000000111100110010100111110000011110011111,10000000010010110000000111110000010100110111,48.0
49,10000000111100100010000111110000000000101111,0.7389308783843234,-3.122735768016753,0.9854183,10000000111100110010000111110000000000100100,10000000111100110000000110110000001101101111,48.0
49,10000000111100110000000110110000001101100100,0.7416011671069072,-15.583590408227536,0.816066,10000000111100110010000111110000000000100100,10000000111100110000000110110000001101101111,48.0
49,10000000111000011110100111110000000000100100,0.6894351695621452,-3.123260289015832,0.9867607,10000000111000011110100111110000010011101110,10000000110000010010000111110000000000100100,48.0
49,10000000110000010010000111110000010011101110,0.5893947099196168,-3.0648000394821224,0.9899826,10000000111000011110100111110000010011101110,10000000110000010010000111110000000000100100,48.0
49,10000000010100101011000111100000010001101110,0.252366126147777,-6.195904301620558,0.9574135,10000000010100101011000111100000010000111000,10000000111000011110100111110000010011101110,48.0
49,10000000011000011110100111110000010010111000,0.29881007642985935,-3.0673749607503282,0.9871426,10000000010100101011000111100000010000111000,10000000111000011110100111110000010011101110,48.0
49,10000000111100110010000111110000000100101111,0.7419826369244191,-3.11052873385637,0.9868364,10000000111100110010000111110000010110011111,10000000101010100010000111110000000100101111,48.0
49,10000000101010100010000111110000010110011111,0.5192042634974143,-3.05636001976967,0.9888416,10000000111100110010000111110000010110011111,10000000101010100010000111110000000100101111,48.0
49,10000000101000111010100111110000001101100000,0.4994632004411699,-3.083778162903343,0.9900771,10000000101000111010100111110000001101100000,10000000010010110000000111110000010100110111,48.0
49,10000000010010110000000111110000010100110111,0.22890573237079082,-3.0613191273973257,0.9856669,10000000101000111010100111110000001101100000,10000000010010110000000111110000010100110111,48.0
49,10000000010100101010100111100000000000001100,0.252270758693399,-6.249405443526612,0.9623005,10000000010100101011000111100000010000111000,10000000000010100010100111100000000000001100,48.0
49,10000000000010100011000111100000010000111000,0.031113631990820068,-6.198479222888764,0.9570582,10000000010100101011000111100000010000111000,10000000000010100010100111100000000000001100,48.0
49,10000000010011110000000111110000000100101111,0.24111276653117386,-3.11052873385637,0.9899436,10000000010011110000000111110000000100101111,10000001100000011110100111010000111011101111,48.0
49,10000001110000010110110111010000111011101111,1.3715508870007653,-9.192683504267578,0.9093314,10000000010011110000000111110000000100101111,10000001100000011110100111010000111011101111,48.0
49,10000001100000011110100101110000000001101110,1.1777165359774955,-28.119737653669745,0.6504553,10000001100000011110100101110000001110111111,10000001000000011010000111110000000001101110,48.0
49,10000001000000011010000111110000001110111111,0.7862331357558077,-3.0792482088203883,0.9887497,10000001100000011110100101110000001110111111,10000001000000011010000111110000000001101110,48.0
49,10000000111100011110100111010000111011101111,0.7382633062036774,-9.192683504267578,0.8903328,10000000111100110010000011110000000000101110,10000001100000011110100111010000111011101111,48.0
49,10000001100000110010000011111000000000101110,1.1814358666982372,-51.560295000146624,0.4676968,10000000111100110010000011110000000000101110,10000001100000011110100111010000111011101111,48.0
49,10010000010010101010000111110000010110011110,12.727764303151204,-3.056407703496859,0.682445,10000000010010101010000111110000010110011110,10000000111100110010100111110000011110011111,48.0
49,10000000111100110010100111110000011110011111,0.7420780043787971,-3.031945951448904,0.9899988,10000000010010101010000111110000010110011110,10000000111100110010100111110000011110011111,48.0
49,10000000111000011110100111110000010011101110,0.6894351695621452,-3.0648000394821224,0.9902758,10000000101010100010000111110000000100101111,10000000111000011110100111110000010011101110,48.0
49,10000000101010100010000111110000000100101011,0.5192042634974143,-3.110719468765126,0.9900554,10000000101010100010000111110000000100101111,10000000111000011110100111110000010011101110,48.0
49,10000000110000010010000111110000000000100100,0.5893947099196168,-3.123260289015832,0.9887227,10000000110000010010000111110000000000100100,10000000010011110000100111110000010000111000,48.0
49,10000000010011110000100111110000010000111000,0.24120813398555185,-3.0734784778305198,0.9872563,10000000110000010010000111110000000000100100,10000000010011110000100111110000010000111000,48.0
49,10000000011010111010100111110000010110011111,0.328564722195793,-3.05636001976967,0.9862022,10000000011000111010100111110000010110011111,10000001000000011010000111110000000001101110,48.0
49,10000001000000011010000111110000000011101110,0.7862331357558077,-3.1136281761236546,0.9850834,10000000011000111010100111110000010110011111,10000001000000011010000111110000000001101110,48.0
49,10000001000000011010000111110000010100111111,0.7862331357558077,-3.0609376575798137,0.9898171,10000001000000011010000111110000000000010111,10000001000000011010000111110000010100111111,48.0
49,10000001000000011010000111110000000000010111,0.7862331357558077,-3.123880177469289,0.9835719,10000001000000011010000111110000000000010111,10000001000000011010000111110000010100111111,48.0
49,11000000010010110010100111010000010110011111,50.229394490574464,-9.306361509886145,0.4974409,10000000010010110000000111110000010100110111,10000000101100110010100111010000010110011111,48.0
49,10000000101100110000000111110000010100110111,0.5462886205407642,-3.0613191273973257,0.9894697,10000000010010110000000111110000010100110111,10000000101100110010100111010000010110011111,48.0
49,10000000110010010010100111110000010000100111,0.6139041456947609,-3.0742891011927327,0.9902721,10000001000000011010000111110000000000010111,10000000110000010010100111110000010000100111,48.0
49,10000001000000011010000111110000000000010111,0.7862331357558077,-3.123880177469289,0.9835719,10000001000000011010000111110000000000010111,10000000110000010010100111110000010000100111,48.0
49,10000000111010101010100111110000000100101111,0.7161380567879831,-3.11052873385637,0.9874872,10000000111010101010100111110000010110011111,10000000101010100010000111110000000100101111,48.0
49,10000000101010100010000110110000010110011111,0.5192042634974143,-15.55636300000262,0.8108454,10000000111010101010100111110000010110011111,10000000101010100010000111110000000100101111,48.0
49,10000000101000111010100111110000001101100000,0.4994632004411699,-3.083778162903343,0.9900771,10000000101000111010100111110000001101100000,10000000101010100010000111110000000100101111,48.0
49,10000000101010100010000111110000000100101111,0.5192042634974143,-3.11052873385637,0.990061,10000000101000111010100111110000001101100000,10000000101010100010000111110000000100101111,48.0
50,10000000101010100010000111110000000100101111,0.5192042634974143,-3.11052873385637,0.990061,10000001000000011010000111110000000011101110,10000000101010100010000111110000000100101111,49.0
50,10000001000000011010000111110000000011101110,0.7862331357558077,-3.1136281761236546,0.9850834,10000001000000011010000111110000000011101110,10000000101010100010000111110000000100101111,49.0
50,10000001000000011010000111110000010000101000,0.7862331357558077,-3.0742414174655437,0.9891028,10000001000000011010000111110000010100111111,10100000111010100110100111110000010000101000,49.0
50,10100000111010100110100111110000010100111111,25.715381077618858,-3.0609376575798137,0.5076024,10000001000000011010000111110000010100111111,10100000111010100110100111110000010000101000,49.0
50,10000000101010011110100111110000000100101111,0.5185366913167684,-3.11052873385637,0.9900642,10000000101010011110100111110000000000101000,10000000101010100010000111110000000100101111,49.0
50,10000000101010100010000111110000000000101000,0.5192042634974143,-3.123069554107076,0.9895449,10000000101010011110100111110000000000101000,10000000101010100010000111110000000100101111,49.0
50,10000000111100110010100111110000011110011111,0.7420780043787971,-3.031945951448904,0.9899988,10000000111100110010100111110000011110011111,10000001000000011010100111110000000000100111,49.0
50,10000001000000011010100111110000000000110111,0.7863285032101857,-3.122354298199241,0.9838053,10000000111100110010100111110000011110011111,10000001000000011010100111110000000000100111,49.0
50,10000000011000011010100111110001000000100111,0.2980471367948354,-2.927804691268136,0.9531683,10000000011000011110100111110000010010111000,10000001000000011010100111110000000000100111,49.0
50,10000001000000011110100111110000010010111000,0.7870914428452096,-3.0673749607503282,0.9895003,10000000011000011110100111110000010010111000,10000001000000011010100111110000000000100111,49.0
50,10000000011000111010100111110000110110011111,0.30415065387502693,-2.9587037464866057,0.9640256,10000000011000111010100111110000110110011111,10000000111100110010000111110000000100101111,49.0
50,10000000111100110010000111110000000100101111,0.7419826369244191,-3.11052873385637,0.9868364,10000000011000111010100111110000110110011111,10000000111100110010000111110000000100101111,49.0
50,10000000111010100010000111110000000000101000,0.7145168100635573,-3.123069554107076,0.9861097,10000000111010100010000111110000000000100101,10000000010011110010100111110000000000101000,49.0
50,10000000010011110010100111110000000000100101,0.24158960380306382,-3.123212605288643,0.9902494,10000000111010100010000111110000000000100101,10000000010011110010100111110000000000101000,49.0
50,10000000010011111010000111110000001100101000,0.2430201156187337,-3.0864484516259267,0.988513,10000000010011111010000111110000001101100000,10000000111010011110100111110000000000101000,49.0
50,10000000111110011110100111110000000001100000,0.7626773745244435,-3.120399265384492,0.9849557,10000000010011111010000111110000001101100000,10000000111010011110100111110000000000101000,49.0
50,10000000111100010100000111110000011000010111,0.7362605896617396,-3.0506379725069905,0.990284,10000000111100010110000111110000011000010111,10000000010100101010100111100000000000001100,49.0
50,10000000010100101010100111100000000000001100,0.252270758693399,-6.249405443526612,0.9623005,10000000111100010110000111110000011000010111,10000000010100101010100111100000000000001100,49.0
50,10000000110010010010100111110000010000100111,0.6139041456947609,-3.0742891011927327,0.9902721,10000000110000010010000111110000010011101110,10000000110010010010100111110000010000100111,49.0
50,10000000010000010010000111110000010011111110,0.19876961678734517,-3.0640370998470985,0.9857489,10000000110000010010000111110000010011101110,10000000110010010010100111110000010000100111,49.0
50,10000000101010100010000111110000000100101111,0.5192042634974143,-3.11052873385637,0.990061,10000000101010100010000111110000000100101111,10000000110000010010000111110000010110011111,49.0
50,10000000110000010010000111110000010110011111,0.5893947099196168,-3.05636001976967,0.98963,10000000101010100010000111110000000100101111,10000000110000010010000111110000010110011111,49.0
50,10000001100000011010000111110000010000111000,1.1768582288880935,-3.0734784778305198,0.967632,10000001100000011010000111110000001100100010,10000000010011110000100111110000010000111000,49.0
50,10000000010011110000100111110000001100100010,0.24120813398555185,-3.0867345539890607,0.9885249,10000001100000011010000111110000001100100010,10000000010011110000100111110000010000111000,49.0
50,10000000111100110000100111110000010000101000,0.7416965345612851,-3.0742414174655437,0.9897207,10000000111100110000100111110000010000111000,10000000010011110010100111110000000000101000,49.0
50,10000000010011110010100111110000000000111000,0.24158960380306382,-3.122306614472052,0.9902381,10000000111100110000100111110000010000111000,10000000010011110010100111110000000000101000,49.0
50,10000000101010100010000110110000001101100100,0.5192042634974143,-15.583590408227536,0.8149252,10000000101010100010000111110000000100101011,10000000111100110000000110110000001101100100,49.0
50,10000000111100110000000111110000000100101011,0.7416011671069072,-3.110719468765126,0.9868251,10000000101010100010000111110000000100101011,10000000111100110000000110110000001101100100,49.0
50,00000000100010101010100111110000010110101110,-99.57685460492482,-3.055644763861835,0.4989892,10000000101000111010100111110000001101100000,10000000100010101010100111110000010110101111,49.0
50,10000000101000111010100111110000001101100000,0.4994632004411699,-3.083778162903343,0.9900771,10000000101000111010100111110000001101100000,10000000100010101010100111110000010110101111,49.0
50,10000001000000011010000111110000010110011111,0.7862331357558077,-3.05636001976967,0.9899876,10000001000000011010000111110000010110011111,10000000111100100010000111110000010110011111,49.0
50,10000000111100100010000111110000010100011111,0.7389308783843234,-3.0624635368498616,0.9901459,10000001000000011010000111110000010110011111,10000000111100100010000111110000010110011111,49.0
50,10000000101010100010000111110000000000010111,0.5192042634974143,-3.123880177469289,0.9895012,10000000101010100010000111110000010110011111,10000000111110100010000111110000000000010111,49.0
50,10000000111110100010000111110000010110011111,0.7633449467050895,-3.05636001976967,0.9901484,10000000101010100010000111110000010110011111,10000000111110100010000111110000000000010111,49.0
50,10000010101100111010100111110000000100100111,2.110791709611817,-3.110910203673882,0.659904,10000000101100111010000111110000011000101110,10000000101010100010100111110000000000100111,49.0
50,10000000101010100010000111110000011000101110,0.5192042634974143,-3.0495412467816436,0.9882917,10000000101100111010000111110000011000101110,10000000101010100010100111110000000000100111,49.0
50,10000000111010011110100111110000000000101111,0.7138492378829113,-3.122735768016753,0.98617,10000000000010100011000111100000010000111000,10000000111010011110100111110000000000101111,49.0
50,10000000000010100011000111100000010000111000,0.031113631990820068,-6.198479222888764,0.9570582,10000000000010100011000111100000010000111000,10000000111010011110100111110000000000101111,49.0
50,10000000110010010010100111110000010000100111,0.6139041456947609,-3.0742891011927327,0.9902721,10000000110010010010100111110000010000100111,10000000010011110010000111110000001101100000,49.0
50,10000000010011110010000111110000001101100000,0.24149423634868583,-3.083778162903343,0.9882736,10000000110010010010100111110000010000100111,10000000010011110010000111110000001101100000,49.0
50,10000000111100010110000111110000011000010111,0.7366420594792515,-3.0506379725069905,0.9902841,10000000111100010110000111110000011000010111,10000000111100011110100111010000111011101111,49.0
50,10000000111100011110100111010000111011101111,0.7382633062036774,-9.192683504267578,0.8903328,10000000111100010110000111110000011000010111,10000000111100011110100111010000111011101111,49.0
50,10000000010000111010100111110000010000101000,0.20649438059196257,-3.0742414174655437,0.9870615,10000000010000111010100111110000101011110101,10100000111010100110100111110000010000101000,49.0
50,10100000111010100110100111110000101011110101,25.715381077618858,-2.991224048429501,0.510523,10000000010000111010100111110000101011110101,10100000111010100110100111110000010000101000,49.0
50,10000000111100010110000111110000101101100000,0.7366420594792515,-2.9861218896202786,0.9864106,10000000111100010110000111110000011000010111,10000000010011110010000111110000001101100000,49.0
50,10000000010011110010000111110000011000010111,0.24149423634868583,-3.0506379725069905,0.9842742,10000000111100010110000111110000011000010111,10000000010011110010000111110000001101100000,49.0
50,10000000111100100010000111110000000000101111,0.7389308783843234,-3.122735768016753,0.9854183,10000000111100100010000111110000000000101111,10000000010010110000000111110000010100110111,49.0
50,10000000010010110000000111110000010100110111,0.22890573237079082,-3.0613191273973257,0.9856669,10000000111100100010000111110000000000101111,10000000010010110000000111110000010100110111,49.0
50,10000000101100110000000111110000001101100000,0.5462886205407642,-3.083778162903343,0.9902401,10000000101100110000000111110000010100110111,10000000010011110010000111110000001101100000,49.0
50,10000000010011110010000111110000010100110111,0.24149423634868583,-3.0613191273973257,0.9857956,10000000101100110000000111110000010100110111,10000000010011110010000111110000001101100000,49.0
50,10000000101010100010000110110000010110011111,0.5192042634974143,-15.55636300000262,0.8108454,10000000101010100010000111110000010110011111,10000000101010100010000110110000010110011111,49.0
50,10000000101010100010000111110000010110011111,0.5192042634974143,-3.05636001976967,0.9888416,10000000101010100010000111110000010110011111,10000000101010100010000110110000010110011111,49.0
50,10000000101010100000000111110000001101101100,0.5188227936799024,-3.083205958177075,0.9901443,10000000101010100010000111110000010110011111,10000000111100110000000111110000001101101100,49.0
50,10000000101100110010000111110000010110011111,0.5466700903582762,-3.05636001976967,0.9891747,10000000101010100010000111110000010110011111,10000000111100110000000111110000001101101100,49.0
50,10000001101000111010000111110000010110011111,1.2806180192513494,-3.05636001976967,0.9604656,10000001111000111010100111110000011110011111,10000000101010100010000111110000010110011111,49.0
50,10000000101010100010100111110000011110011111,0.5192996309517923,-3.031945951448904,0.9864665,10000001111000111010100111110000011110011111,10000000101010100010000111110000010110011111,49.0
50,10000000111100010110000111110000011000010111,0.7366420594792515,-3.0506379725069905,0.9902841,10000000111100010110000111110000011000010111,10000000101100111010000111110000011000101110,49.0
50,10000000101100111010000111110000011000101110,0.5481959696283241,-3.0495412467816436,0.988709,10000000111100010110000111110000011000010111,10000000101100111010000111110000011000101110,49.0
50,10000000010011110000100111110000001110011101,0.24120813398555185,-3.080869455544814,0.9880057,10000000010011110000100111110000001110011101,10000000111100110010000111110000001110011101,49.0
50,10000000111100110010000111110000001110001101,0.7419826369244191,-3.081632395179838,0.9893282,10000000010011110000100111110000001110011101,10000000111100110010000111110000001110011101,49.0
50,10000000111000111010100111110000000000101000,0.6947757470073128,-3.123069554107076,0.9866461,10000001111000111010100111110000011110011111,10000000101000111010100111110000000000101000,49.0
50,10000000101000111010100111110000011110011111,0.4994632004411699,-3.031945951448904,0.9860542,10000001111000111010100111110000011110011111,10000000101000111010100111110000000000101000,49.0
50,10000000000000010010000111110000011110011111,0.0034570702212022297,-3.031945951448904,0.9791758,10000000010000010010000111110000000000100100,10000000111100110010100111110000011110011111,49.0
50,10000010111100110000100111110000000000100100,2.3041969070904003,-3.123260289015832,0.5443343,10000000010000010010000111110000000000100100,10000000111100110010100111110000011110011111,49.0
50,10000001000000011010000110110000000000101110,0.7862331357558077,-15.622786431976891,0.819979,10000001000000011010000111110000000011101110,10000001000000011010000111110000000000101110,49.0
50,10000000000000011010000111110000000011101110,0.0049829494912501104,-3.1136281761236546,0.9896778,10000001000000011010000111110000000011101110,10000001000000011010000111110000000000101110,49.0
50,10000000111100110000000111110000001011101111,0.7416011671069072,-3.0891664240756995,0.9888341,10000000111100110000000111110000010100111111,10000000111100011110100111010000111011101111,49.0
50,10000000111100011110100111010000110100111111,0.7382633062036774,-9.213282874413224,0.8965964,10000000111100110000000111110000010100111111,10000000111100011110100111010000111011101111,49.0
50,10000001010010110000000111110000011110011111,1.0101559186353484,-3.031945951448904,0.9870652,10000001111000111010100111110000011110011111,10000000010010110000000111110000011110011111,49.0
50,10000000111000111010100111110000011110011111,0.6947757470073128,-3.031945951448904,0.9895172,10000001111000111010100111110000011110011111,10000000010010110000000111110000011110011111,49.0
50,10000000110000010010000111110000010110011111,0.5893947099196168,-3.05636001976967,0.98963,10000000110000010010000111110000010110011111,10000000111100110000000111110000010100111111,49.0
50,10000000111100110000000111110000010100111111,0.7416011671069072,-3.0609376575798137,0.9901651,10000000110000010010000111110000010110011111,10000000111100110000000111110000010100111111,49.0
50,10100000011000011110100111110000010010111000,25.298816036895758,-3.0673749607503282,0.6402424,10000000011000011110100111110000010010111000,10000000111100110010000111110000000100101111,49.0
50,10001000111100110010000111110000000100101111,6.991984127040894,-3.11052873385637,0.0894763,10000000011000011110100111110000010010111000,10000000111100110010000111110000000100101111,49.0
50,10000000101010100010000111010000000100101111,0.5192042634974143,-9.360530223972845,0.920376,10000001111000111010100111110000011110011111,10000000101010100010000111110000000100101111,49.0
50,10000001111000111010100111110000011110011111,1.4760259332718704,-3.031945951448904,0.937769,10000001111000111010100111110000011110011111,10000000101010100010000111110000000100101111,49.0
50,10000000100010101010100111110000010011101110,0.42316923693877584,-3.0648000394821224,0.9883315,10000000100010101010100111110000010110101111,10000000111000011110100111110000010011101110,49.0
50,10000000111000011110100111110000010110101111,0.6894351695621452,-3.055597080134646,0.9902479,10000000100010101010100111110000010110101111,10000000111000011110100111110000010011101110,49.0
50,10000000101000111010100111110000000000100100,0.4994632004411699,-3.123260289015832,0.9896971,10000000101000111010100111110000010011101110,10000000111000011110100111110000000000100100,49.0
50,10000000111000011110100111110000010011101110,0.6894351695621452,-3.0648000394821224,0.9902758,10000000101000111010100111110000010011101110,10000000111000011110100111110000000000100100,49.0
50,10000000111100110010100111110000011110010111,0.7420780043787971,-3.032327421266416,0.9900111,10000000111100110010100111110000011110010111,10000000010010100010000111110000000000101111,49.0
50,10000000010010100010000111110000000000101111,0.22623544364820702,-3.122735768016753,0.9902279,10000000111100110010100111110000011110010111,10000000010010100010000111110000000000101111,49.0
50,10000001000000011010000111110000010110011111,0.7862331357558077,-3.05636001976967,0.9899876,10000001000000011010000111110000010110011111,10000000110000010010000111110000010110011111,49.0
50,10000000110000010010000111110000010110011111,0.5893947099196168,-3.05636001976967,0.98963,10000001000000011010000111110000010110011111,10000000110000010010000111110000010110011111,49.0
50,10000000111100011110100111010000111011101100,0.7382633062036774,-9.192826555449145,0.8903786,10000000111100011110100111010000111011101111,10000000000010100010100111100000000000001100,49.0
50,10000000000010100010100111100000000001001111,0.031018264536442075,-6.2462106338049495,0.9618935,10000000111100011110100111010000111011101111,10000000000010100010100111100000000000001100,49.0
50,10000001100000011010000111110000010100110111,1.1768582288880935,-3.0613191273973257,0.9708533,10000001100000011010000111110000001100100010,10000000010010110000000111110000010100110111,49.0
50,10000000010010110000000111110000001100100010,0.22890573237079082,-3.0867345539890607,0.9884465,10000001100000011010000111110000001100100010,10000000010010110000000111110000010100110111,49.0
50,10000000101010100010000110110000010110011111,0.5192042634974143,-15.55636300000262,0.8108454,10000000101010100010000110110000010110011111,10000000010100101010100111100000000000001100,49.0
50,10000000010100101010100111100000000000001100,0.252270758693399,-6.249405443526612,0.9623005,10000000101010100010000110110000010110011111,10000000010100101010100111100000000000001100,49.0
50,10000000010010110000000111110000010100111111,0.22890573237079082,-3.0609376575798137,0.9856157,10000000010010110000000111110000010100110111,10000001000000011010000111110000010100111111,49.0
50,10000001000000011010000111110000010100110111,0.7862331357558077,-3.0613191273973257,0.9898011,10000000010010110000000111110000010100110111,10000001000000011010000111110000010100111111,49.0
50,10000000101010100011000111110000010100101010,0.5193949984061703,-3.0619390158507827,0.9892278,10000000101010100010000111110000000100101111,10000000111100010110000111110000010100101010,49.0
50,10000000111100010110000111110000000100101111,0.7366420594792515,-3.11052873385637,0.9869783,10000000101010100010000111110000000100101111,10000000111100010110000111110000010100101010,49.0
50,10000001100000110010000011111000000000101110,1.1814358666982372,-51.560295000146624,0.4676968,10000001100000110010000011111000000000101110,10000000101000111010100111110000010011101110,49.0
50,10000000101000111010100111110000010011101110,0.4994632004411699,-3.0648000394821224,0.9891988,10000001100000110010000011111000000000101110,10000000101000111010100111110000010011101110,49.0
50,10000000111100110010100111110000011100101111,0.7420780043787971,-3.0372865288940716,0.990146,10000000111100110010100111110000011110010111,10000000111010100010000111110000010100101111,49.0
50,10000000111010100010000111110000010110010111,0.7145168100635573,-3.056741489587182,0.9902837,10000000111100110010100111110000011110010111,10000000111010100010000111110000010100101111,49.0
50,10000000000011110000100111110000010110011111,0.04589558741940891,-3.05636001976967,0.9837297,10000000010011110000100111110000010110011111,10000000111010100010000111110000010100101111,49.0
50,10000000111010100010000111110000010100101111,0.7145168100635573,-3.0617005972148377,0.9902546,10000000010011110000100111110000010110011111,10000000111010100010000111110000010100101111,49.0
